filename,mfcc_1_mean,mfcc_1_std,mfcc_2_mean,mfcc_2_std,mfcc_3_mean,mfcc_3_std,mfcc_4_mean,mfcc_4_std,mfcc_5_mean,mfcc_5_std,mfcc_6_mean,mfcc_6_std,mfcc_7_mean,mfcc_7_std,mfcc_8_mean,mfcc_8_std,mfcc_9_mean,mfcc_9_std,mfcc_10_mean,mfcc_10_std,mfcc_11_mean,mfcc_11_std,mfcc_12_mean,mfcc_12_std,mfcc_13_mean,mfcc_13_std,chroma_mean,chroma_std,spectral_centroid_mean,spectral_centroid_std,spectral_bandwidth_mean,spectral_bandwidth_std,spectral_rolloff_mean,spectral_rolloff_std,zcr_mean,zcr_std,rms_mean,rms_std,spectral_contrast_mean,spectral_contrast_std,tonnetz_mean,tonnetz_std,tempo,genre
blues.00000.wav,-113.619384765625,50.703182220458984,121.55301666259766,17.196640014648438,-19.15105628967285,15.348609924316406,42.345767974853516,12.28150463104248,-6.3711676597595215,12.962430953979492,18.613033294677734,9.442964553833008,-13.692060470581055,8.222212791442871,15.33937931060791,8.310419082641602,-12.283617973327637,9.063801765441895,10.973774909973145,7.962441444396973,-8.322409629821777,7.86196756362915,8.806787490844727,7.161843299865723,-3.665802001953125,6.422743320465088,0.34995052218437195,0.2979130148887634,1784.416545970319,360.1941660724689,2002.6571063943209,292.9664587444628,3806.4186497738488,949.3838319123846,0.08306639113293343,0.02768996741355138,0.13019199669361115,0.053201235830783844,20.526880865533126,8.764369283940724,0.007693815113572444,0.08938491311449573,123.046875,blues
blues.00001.wav,-207.58151245117188,88.15198516845703,123.99714660644531,23.667762756347656,8.939114570617676,23.931154251098633,35.870758056640625,16.274375915527344,2.9199705123901367,16.734619140625,21.518787384033203,12.508814811706543,-8.555368423461914,14.176376342773438,23.355937957763672,11.931994438171387,-10.10103702545166,12.89310359954834,11.906444549560547,10.215604782104492,-5.558122634887695,10.25786018371582,5.375942230224609,9.813216209411621,-2.23783278465271,8.056107521057129,0.3409450948238373,0.30816885828971863,1529.8713140945188,613.1978884116917,2038.6121427572907,462.4822959687798,3548.9868730952494,1725.3383493061522,0.056044256724071206,0.03805920843998772,0.09589168429374695,0.048724040389060974,20.67226372395401,8.240247996148232,0.053047366422987324,0.10655137349513473,67.99958881578948,blues
blues.00002.wav,-90.7763442993164,57.61764907836914,140.4486083984375,22.563512802124023,-29.10055923461914,20.297462463378906,31.687339782714844,12.00615119934082,-13.975973129272461,12.490620613098145,25.74168586730957,8.629561424255371,-13.644712448120117,10.328758239746094,11.623111724853516,10.326069831848145,-11.775920867919922,8.104654312133789,9.70046615600586,8.236836433410645,-13.115348815917969,7.592525482177734,5.785763740539551,8.037508964538574,-8.89973258972168,7.776660919189453,0.36356186866760254,0.2920226752758026,1552.6377863181906,395.6492065008607,1747.382028301664,275.95414242794806,3041.0899442784926,884.8426541198174,0.07630074799245357,0.031737819011002394,0.17549368739128113,0.05246517434716225,22.191794053717814,8.727502506157625,0.02048451652431475,0.11870491851967811,161.4990234375,blues
blues.00003.wav,-199.46200561523438,74.13482666015625,150.09474182128906,21.367420196533203,5.649167060852051,16.032691955566406,26.87014389038086,12.577670097351074,1.755440592765808,16.36771583557129,14.2368803024292,11.264205932617188,-4.8288726806640625,12.492485046386719,9.29784870147705,9.00948715209961,-0.7531418800354004,9.61051082611084,8.147393226623535,8.439374923706055,-3.1952357292175293,10.503591537475586,6.085353851318359,6.941435813903809,-2.4761881828308105,7.537466049194336,0.4048483371734619,0.3066234886646271,1070.1100585189854,429.54237913885123,1596.2442041849345,408.2126509040688,2185.0617872303114,1222.3723095329324,0.03330894446594427,0.02056877198727728,0.1411392092704773,0.07962321490049362,21.428385815117597,7.962195131182325,0.034259724518926886,0.1580050381843691,63.02400914634146,blues
blues.00004.wav,-160.29185485839844,72.09815979003906,126.19576263427734,29.218793869018555,-35.602500915527344,18.267778396606445,22.151166915893555,13.916655540466309,-32.487640380859375,18.34260368347168,10.86202335357666,11.610199928283691,-23.357162475585938,9.659235000610352,0.5005232691764832,11.169668197631836,-11.804770469665527,11.401259422302246,1.2038776874542236,9.989755630493164,-13.085074424743652,8.961198806762695,-2.8098487854003906,9.300108909606934,-6.9356207847595215,9.466440200805664,0.3085981607437134,0.2963957190513611,1835.5070084014953,585.947298852198,1748.3674767249408,297.4223616604232,3581.003346162684,1253.8472082559008,0.1015001421004257,0.044198516021300496,0.09154040366411209,0.048010990023612976,21.463016625301954,7.940710656127903,-0.03739532492232009,0.1445087710722021,135.99917763157896,blues
blues.00005.wav,-177.88876342773438,85.46055603027344,118.18952941894531,56.54740905761719,-17.550729751586914,25.576311111450195,30.753101348876953,22.045116424560547,-21.732107162475586,20.820207595825195,11.898545265197754,16.312280654907227,-20.732280731201172,13.032559394836426,3.176168918609619,11.562215805053711,-8.575770378112793,13.127508163452148,-0.9401844143867493,10.00648021697998,-11.773798942565918,8.751916885375977,-2.4260756969451904,8.86025333404541,-9.342486381530762,8.951683044433594,0.30241402983665466,0.29590877890586853,1831.9900685948742,1015.5272536119522,1729.4562589469804,449.4438876948002,3480.8539517523704,1810.097358189528,0.09403986975135449,0.07897575479333778,0.10343772172927856,0.06311682611703873,22.544687671243373,8.178349579060418,0.00122987564438778,0.1810469762629425,69.83741554054055,blues
blues.00006.wav,-190.17501831054688,98.21621704101562,130.29241943359375,43.98217010498047,-36.348472595214844,36.16135787963867,33.029090881347656,21.91622543334961,11.085680961608887,32.917903900146484,-0.5963724851608276,16.73988151550293,-20.882356643676758,12.316180229187012,0.27711597084999084,10.14377498626709,-6.500870704650879,11.451950073242188,-5.515623092651367,12.389086723327637,-7.845289707183838,9.358327865600586,-3.123599052429199,8.014026641845703,-6.5957159996032715,8.897414207458496,0.29140564799308777,0.30659860372543335,1459.0353761872718,661.9048512246571,1388.725515468785,430.2696982143301,2795.67476160386,1273.8488337810736,0.07302790308146284,0.0436989109483751,0.14168789982795715,0.09371677786111832,23.4258528702093,7.040284988229795,-0.0049650836007956445,0.19365793935347528,71.77734375,blues
blues.00007.wav,-179.42007446289062,81.08917236328125,136.4420928955078,38.47041320800781,-26.644338607788086,24.310026168823242,39.979591369628906,18.79252815246582,5.301814556121826,25.50387191772461,10.921236991882324,11.677462577819824,-20.555347442626953,12.794587135314941,8.507476806640625,12.30766773223877,-11.35435962677002,13.115826606750488,-3.4690980911254883,13.357224464416504,-8.414113998413086,12.151824951171875,-6.956975936889648,9.153006553649902,-3.5483484268188477,9.660816192626953,0.3073144555091858,0.30471155047416687,1451.8494584581754,670.7739279240656,1577.5518583197502,410.192949810902,2955.7654602239745,1276.9357186257082,0.06143500266060371,0.043011742599829005,0.13174523413181305,0.0743989422917366,22.44033374468572,7.242144541480366,-0.04464479068478472,0.15466247731524424,92.28515625,blues
blues.00008.wav,-121.38711547851562,51.201961517333984,122.5053939819336,20.364900588989258,-14.739394187927246,18.476787567138672,46.135292053222656,13.921792984008789,-8.160384178161621,13.29372787475586,20.170509338378906,10.343644142150879,-19.169321060180664,7.594192028045654,23.050188064575195,8.770051956176758,-11.825940132141113,6.517716407775879,21.173410415649414,7.644031047821045,-6.720290660858154,6.997152328491211,7.005018711090088,7.499757289886475,-12.739909172058105,7.867430686950684,0.40899816155433655,0.2941422462463379,1719.2739373344168,404.2148603391187,2031.6873439502422,324.9818521856879,3781.5188003398316,1123.830736936971,0.06402757957623839,0.02705344827055859,0.1423606276512146,0.03876723721623421,22.373432035276345,9.451291905574182,0.033803102464311126,0.10303683487822628,83.35433467741936,blues
blues.00009.wav,-213.20452880859375,78.3143081665039,115.154541015625,28.262224197387695,-11.720503807067871,25.86415672302246,39.032554626464844,18.730318069458008,-20.357818603515625,23.0716552734375,13.089925765991211,16.684894561767578,-9.180814743041992,11.249238014221191,9.023638725280762,8.243319511413574,-14.101022720336914,10.496001243591309,4.283337116241455,9.617186546325684,-6.044196128845215,9.212237358093262,3.786367893218994,10.222245216369629,0.22368738055229187,8.740899085998535,0.2740142345428467,0.3038528561592102,1817.5295464146707,546.1286759179139,1973.6903092151892,337.9483596955139,3944.584480970637,1169.2472363386128,0.0792153184258901,0.03710199195397739,0.08132097870111465,0.065934918820858,21.15817625392402,7.957959882131886,0.028892598750747043,0.1644435318806359,80.74951171875,blues
blues.00010.wav,-173.7158660888672,90.21219635009766,137.14024353027344,32.89563751220703,-23.76764678955078,32.049591064453125,26.99173927307129,22.2620906829834,-16.68766212463379,17.024559020996094,4.21437406539917,12.638328552246094,-12.58261775970459,12.267991065979004,5.854559421539307,9.082865715026855,-2.8846726417541504,10.420711517333984,-1.1866810321807861,8.099661827087402,-1.9771538972854614,7.448550224304199,1.8001548051834106,7.613414287567139,-3.004411458969116,9.680582046508789,0.30396515130996704,0.30775395035743713,1410.6753570562125,453.11712875660817,1512.9717892723404,380.6953780625839,2767.5082652561437,1194.0923722471903,0.06298072271671827,0.021005301234394137,0.14286480844020844,0.09589651226997375,21.087885137697246,8.238383360980151,0.026790461133825712,0.15740351569215044,161.4990234375,blues
blues.00011.wav,-287.9235534667969,77.0452651977539,123.97102355957031,31.52353286743164,5.456122398376465,17.381046295166016,33.68454360961914,18.550790786743164,1.0892010927200317,21.012859344482422,14.704721450805664,15.348381042480469,-4.898605823516846,12.217013359069824,8.653275489807129,13.753050804138184,0.7827978134155273,12.197827339172363,6.566735744476318,10.686264991760254,-4.879439830780029,9.68674087524414,-3.1806588172912598,9.17844009399414,-5.557003021240234,8.085728645324707,0.36580705642700195,0.31938475370407104,1353.3291189300635,715.4744658420599,1757.3310044069246,469.2749728851025,2882.31590436339,1712.5018145222573,0.04395891785990712,0.04354469611875666,0.06568456441164017,0.05000544339418411,20.797922500264367,7.343455028233116,0.0662171909394376,0.17668614250593317,161.4990234375,blues
blues.00012.wav,-207.208740234375,67.66199493408203,132.79708862304688,25.794357299804688,-15.460705757141113,30.59287452697754,60.9948616027832,18.182409286499023,0.7102412581443787,17.72148895263672,12.461278915405273,10.05937385559082,1.160927653312683,10.392874717712402,-1.5278946161270142,10.568408966064453,-17.90181541442871,9.819367408752441,8.369234085083008,9.73562240600586,-2.4538185596466064,11.820317268371582,-0.5966886878013611,9.62463092803955,0.3688165545463562,9.283365249633789,0.2693325877189636,0.30644625425338745,1361.1004062354928,507.00601443997215,1567.6007717770153,211.96910144314313,2739.791766187355,976.0043854573764,0.06912392064144737,0.04879831148262711,0.1190238893032074,0.06369339674711227,22.127099844933312,6.741583450843002,-0.030804505237001657,0.14120894196573697,184.5703125,blues
blues.00013.wav,-209.78219604492188,44.382938385009766,124.4659194946289,23.290462493896484,10.285804748535156,25.728227615356445,47.030174255371094,12.177268028259277,6.482385635375977,10.098318099975586,15.417020797729492,12.095587730407715,-2.010077953338623,8.332418441772461,6.735785961151123,8.717909812927246,-21.548620223999023,9.820377349853516,10.728498458862305,9.790460586547852,-5.5324320793151855,9.524993896484375,-2.202038049697876,7.695250988006592,-3.051727056503296,7.237646102905273,0.26472628116607666,0.30194413661956787,1324.3317542217217,414.29530275438486,1827.3844642890322,279.49350259593683,2710.3669441152283,1037.1194677358196,0.051417300575657895,0.03544030759515154,0.1131889671087265,0.06474139541387558,21.41602694746701,7.129589765426542,-0.035702475205974575,0.11705002082018075,107.666015625,blues
blues.00014.wav,-305.6985778808594,90.54730224609375,113.04164123535156,26.103660583496094,12.114900588989258,38.2579345703125,45.03944396972656,14.991418838500977,17.739238739013672,15.779799461364746,14.594630241394043,12.43875789642334,4.15712833404541,12.55484390258789,0.24009793996810913,12.913716316223145,-7.013088226318359,9.877542495727539,13.649843215942383,8.767173767089844,8.923057556152344,9.486505508422852,1.3016899824142456,7.92079496383667,5.952127933502197,8.022302627563477,0.32904085516929626,0.32870593667030334,1172.2763008557504,383.77702373407834,1705.8583767615453,310.43031693283615,2345.777482071159,936.497139040366,0.045045834945820436,0.03950987106446065,0.06693624705076218,0.05204607918858528,21.617301755612154,6.527442891919861,-0.020940279200827142,0.10156163896853607,151.99908088235293,blues
blues.00015.wav,-238.5330352783203,66.20257568359375,120.08828735351562,26.991220474243164,-4.224555492401123,31.297773361206055,42.31004333496094,19.574748992919922,5.916329383850098,17.288061141967773,13.91418170928955,10.838106155395508,5.357577323913574,10.939125061035156,1.903708577156067,11.995671272277832,-16.929880142211914,9.480667114257812,12.339309692382812,8.733510971069336,3.94096040725708,9.037074089050293,-1.3906768560409546,7.804614067077637,0.014792073518037796,7.785207271575928,0.2703465521335602,0.30876868963241577,1420.4114787701458,447.3246402980111,1730.9171016184662,285.16918566241634,2930.240614569224,836.9628042321557,0.0637176797116873,0.04406925502867672,0.08063894510269165,0.0532103106379509,21.364320963764044,6.689703557641253,-0.01210122668339532,0.1122837066057007,103.359375,blues
blues.00016.wav,-233.79489135742188,70.44123077392578,120.66705322265625,23.711532592773438,-3.1675608158111572,34.75709533691406,39.539268493652344,19.910839080810547,3.8588550090789795,16.844215393066406,18.839672088623047,12.497923851013184,-3.6889171600341797,10.01887035369873,4.431845188140869,10.562871932983398,-14.975374221801758,10.074906349182129,17.571033477783203,10.108126640319824,1.8447446823120117,10.421930313110352,2.538606643676758,8.149383544921875,-1.2386856079101562,8.067007064819336,0.30829644203186035,0.3167685270309448,1455.0424713768248,390.3891133086726,1825.9090251785306,341.82760454565937,3009.9651324859715,1005.4885183924602,0.061350725014512386,0.03767737157691678,0.08141902089118958,0.051397182047367096,21.05721565810718,7.08008834070389,0.01120887076465113,0.11202567564963788,198.76802884615384,blues
blues.00017.wav,-245.75413513183594,72.07491302490234,140.48092651367188,28.298141479492188,-2.7714390754699707,28.210205078125,60.42012023925781,18.994874954223633,18.925399780273438,15.329365730285645,9.837099075317383,9.9878511428833,3.5665769577026367,10.890830039978027,0.5361875295639038,9.65005874633789,-16.367361068725586,11.359437942504883,6.629854679107666,10.260236740112305,7.269148826599121,9.83566951751709,-4.015730857849121,8.446646690368652,1.607453465461731,8.542129516601562,0.30223947763442993,0.30567795038223267,1088.7781161784512,481.44119724619634,1410.8359525015333,264.16997658064673,2134.7537581027477,1040.1175624181956,0.04832397083010836,0.029080134268729036,0.09325911104679108,0.04638774320483208,21.719440277000942,6.357365799852029,0.007148634398320133,0.10991914514435847,172.265625,blues
blues.00018.wav,-252.51876831054688,53.61874008178711,104.9369888305664,24.581554412841797,15.316827774047852,25.72705078125,42.6734733581543,12.75080394744873,6.762617588043213,9.637907028198242,21.62357521057129,10.82491397857666,-1.3132768869400024,8.574239730834961,5.6919331550598145,10.023236274719238,-16.619516372680664,11.194994926452637,12.161625862121582,11.117655754089355,-1.9679499864578247,7.221667766571045,1.9697649478912354,8.042827606201172,-0.8889584541320801,6.976861953735352,0.2700793147087097,0.3125685155391693,1537.56091926741,439.6508001183022,2054.224165444145,381.49604145575444,3495.4621967516446,1352.6626778846232,0.056131935710139316,0.041510898956046816,0.07964064180850983,0.0543760322034359,21.71347422895002,7.420516092691078,-0.033855527600317445,0.12270244400686316,83.35433467741936,blues
blues.00019.wav,-236.68890380859375,74.70635223388672,138.40428161621094,23.166364669799805,-4.923574924468994,34.17282485961914,47.64771270751953,17.647171020507812,5.152376174926758,21.60105323791504,8.895283699035645,9.57451057434082,0.48285630345344543,9.904786109924316,-3.8016679286956787,12.605185508728027,-14.97489070892334,8.792123794555664,10.432586669921875,10.226059913635254,-0.35396143794059753,11.592766761779785,0.7883455157279968,8.970575332641602,1.7829302549362183,8.832467079162598,0.25735950469970703,0.30988022685050964,1195.4133983085592,499.7222876674399,1480.9442638678327,216.57655920498246,2235.2114839819565,1099.3750886750324,0.05887114817143963,0.04241648363749193,0.09763429313898087,0.050781093537807465,21.481304784086948,6.5139133161897,0.016355433030054982,0.12427353123332854,123.046875,blues
blues.00020.wav,-230.42657470703125,54.645503997802734,127.10052490234375,19.935543060302734,7.145355224609375,24.48725700378418,39.78431701660156,13.249691009521484,1.9449424743652344,10.760222434997559,17.40534019470215,10.012038230895996,-5.639429092407227,8.914257049560547,8.252129554748535,8.327550888061523,-18.104385375976562,7.745545864105225,13.842513084411621,8.527892112731934,-3.7609128952026367,8.461935043334961,2.571859836578369,8.635147094726562,-4.320805549621582,7.914323329925537,0.30279943346977234,0.30718228220939636,1389.9522837601053,320.8151396414133,1911.3143992689456,297.8975219020218,3005.7401580338137,972.856996829294,0.05256015080785604,0.02481177495607362,0.07535404711961746,0.04988358914852142,20.069971284973438,7.192836890283216,0.02095346119905617,0.11441817015243752,135.99917763157896,blues
blues.00021.wav,-264.678466796875,79.65916442871094,138.85833740234375,31.658893585205078,11.156023025512695,35.838104248046875,48.53825378417969,19.26860809326172,14.895923614501953,15.755783081054688,20.584367752075195,11.406539916992188,3.2051422595977783,10.95698356628418,1.2625880241394043,10.222084045410156,-15.847021102905273,9.767314910888672,15.986576080322266,9.229901313781738,3.3616716861724854,8.898972511291504,-1.51374089717865,8.480931282043457,1.8921550512313843,8.370802879333496,0.3211421072483063,0.3213796615600586,1046.7275070203577,540.0754646880034,1480.5791610107556,264.76775459906105,1831.1222607875386,1161.5990322554355,0.04793735185274768,0.04829025097065128,0.10111809521913528,0.05685032904148102,22.15017830903346,6.469194437813708,-0.052008508052501484,0.11719437968653779,99.38401442307692,blues
blues.00022.wav,-233.85751342773438,80.59227752685547,136.17208862304688,30.977920532226562,3.271317720413208,34.091278076171875,48.93121337890625,19.60270881652832,8.685133934020996,17.44671058654785,13.979510307312012,12.86181640625,5.354867458343506,10.27258586883545,0.39087018370628357,11.302638053894043,-13.5045747756958,12.309768676757812,16.85610580444336,9.099173545837402,5.1309380531311035,10.696426391601562,-2.2318801879882812,8.792097091674805,3.9640331268310547,8.120821952819824,0.306441992521286,0.31307587027549744,1156.202363121508,560.5751355792314,1497.7588839195867,243.07704876980938,2170.511875211639,1153.7443478601008,0.05861340218653251,0.05355133885466522,0.11343149840831757,0.06071941554546356,22.285952452738858,6.7928147902790315,-0.017734416321783294,0.12699134777252957,95.703125,blues
blues.00023.wav,-227.26885986328125,64.40760803222656,137.73069763183594,22.503929138183594,-14.4934663772583,35.30354690551758,63.555702209472656,14.521750450134277,5.612640857696533,12.356342315673828,11.984640121459961,9.678050994873047,1.8855520486831665,10.130398750305176,-1.863376498222351,9.341695785522461,-7.620555400848389,9.878337860107422,-2.447174072265625,9.88372802734375,-2.8867249488830566,10.20205020904541,-9.429529190063477,9.378917694091797,-10.92391300201416,10.746888160705566,0.280720978975296,0.30193594098091125,1210.4571260262846,363.0846223028455,1498.0546093390135,227.26333698327832,2522.5430798604393,781.1815275234986,0.052482675841718264,0.03298931566314875,0.1019149050116539,0.05966828390955925,21.82806578194464,6.130971980443699,0.022191950731090662,0.15389507855978338,184.5703125,blues
blues.00024.wav,-274.3118591308594,76.93624114990234,130.41371154785156,22.37529182434082,-6.392799377441406,36.63964080810547,70.40501403808594,17.646696090698242,13.26914119720459,15.184504508972168,9.461283683776855,12.469621658325195,7.725640296936035,11.023466110229492,-1.2474910020828247,12.256718635559082,-0.5775883197784424,9.703689575195312,-2.30258846282959,8.30018424987793,3.783147096633911,8.76274299621582,0.08482332527637482,8.577573776245117,-0.939436137676239,11.257425308227539,0.2631080746650696,0.3161962032318115,1120.3909802285903,420.0105191253382,1447.85262505518,231.99485767926348,2325.127606938129,1067.2899656487189,0.047297899937113,0.03285126675852585,0.08696161210536957,0.05012074112892151,21.717050664598315,5.983712239602941,-0.029070309851374442,0.13230870025013838,103.359375,blues
blues.00025.wav,-249.28939819335938,63.09784698486328,130.98703002929688,18.394969940185547,0.6773903965950012,39.75187683105469,66.68578338623047,17.279258728027344,17.89780616760254,13.545689582824707,4.623736381530762,13.16553020477295,6.5983076095581055,9.820876121520996,1.2490500211715698,9.916266441345215,1.4163895845413208,8.703125953674316,-1.5791418552398682,9.580452919006348,-0.9626631140708923,10.061666488647461,-3.571995735168457,9.229387283325195,-2.92798113822937,9.291680335998535,0.2909806966781616,0.3017832338809967,1109.721378629315,372.4129388140998,1463.539070397656,194.51148697609224,2243.744765715702,915.8907256851093,0.05172493288022446,0.03659632145372818,0.08917960524559021,0.05582619458436966,21.023261507497566,6.300135210945577,-0.04022143303448687,0.12329243858381222,92.28515625,blues
blues.00026.wav,-284.6973571777344,78.7223129272461,108.8051986694336,26.004621505737305,9.088282585144043,38.02742385864258,51.222740173339844,17.197450637817383,18.09175682067871,14.50534439086914,7.612260818481445,13.483985900878906,8.779499053955078,11.017854690551758,2.3628289699554443,10.154078483581543,0.005786435212939978,9.67038345336914,2.2509660720825195,10.304088592529297,4.205099582672119,9.183077812194824,-3.2933175563812256,9.884416580200195,1.6082983016967773,8.278565406799316,0.27866604924201965,0.3082524836063385,1198.7544985722175,402.34690852292596,1573.0851132732248,289.4571988850951,2478.8266775408765,995.8270323101638,0.051987591911764705,0.038570568194024366,0.07693855464458466,0.07693015784025192,21.957339782385755,6.23011823574128,-0.02593898382948154,0.1401138643048391,83.35433467741936,blues
blues.00027.wav,-228.2506561279297,53.045005798339844,130.3444061279297,26.25477409362793,-23.291290283203125,30.453990936279297,70.1720962524414,19.92217445373535,1.1422709226608276,13.4837064743042,7.602447509765625,12.392955780029297,0.9099381566047668,10.015294075012207,1.9782512187957764,9.411503791809082,-6.167007923126221,7.868752479553223,-9.396023750305176,9.273236274719238,-2.562840461730957,10.388401985168457,-4.522894382476807,7.6830549240112305,-0.26295027136802673,8.236430168151855,0.2887045443058014,0.30685824155807495,1391.4439037459135,447.3847820799293,1494.8508338204401,208.5677441744773,2811.1413347462753,735.6703511002595,0.07235897288602941,0.050426781842714534,0.09572528302669525,0.04683949053287506,23.021924583748703,5.867445700699664,0.01686800389622614,0.18423105536556983,92.28515625,blues
blues.00028.wav,-248.9867401123047,70.45574951171875,139.06719970703125,19.953779220581055,-16.282499313354492,34.15384292602539,57.117984771728516,18.137451171875,20.19265365600586,12.582623481750488,10.188037872314453,11.546414375305176,4.543975830078125,11.243721008300781,0.33127909898757935,10.879305839538574,-7.877950191497803,8.358489036560059,-3.4479153156280518,8.276775360107422,-2.646488904953003,8.910004615783691,-2.8313822746276855,8.167048454284668,-0.902166485786438,9.771069526672363,0.2760109007358551,0.3144059479236603,1115.5411952519341,324.94614980674856,1398.5093836910687,229.8246831792116,2290.3194840847523,798.9420886424391,0.04802843217879257,0.028583845087897613,0.09958247095346451,0.06407079845666885,21.40187790875382,6.189595779288893,-0.02365988543722648,0.13128211728709446,103.359375,blues
blues.00029.wav,-233.75082397460938,60.73033142089844,101.17827606201172,29.759796142578125,17.64976692199707,19.37721061706543,23.733776092529297,14.810775756835938,2.082033157348633,15.089254379272461,25.941923141479492,11.647929191589355,-16.95884895324707,18.422504425048828,15.098033905029297,10.653246879577637,-22.278715133666992,9.919082641601562,4.395122528076172,11.071765899658203,-23.2074031829834,12.938665390014648,-6.057175159454346,9.040495872497559,-5.068857192993164,8.996855735778809,0.28055399656295776,0.32505398988723755,1649.2877536970093,844.116577006683,2190.221833503233,430.4802922794099,3761.610587388738,2039.7830928171659,0.05292636174535604,0.0569964788512264,0.12466930598020554,0.0694025456905365,26.456134840917116,8.892486195352632,-0.0009195321122306049,0.15497369977519107,129.19921875,blues
blues.00030.wav,-206.96807861328125,44.99866485595703,117.79298400878906,27.640546798706055,23.23587989807129,16.77232551574707,28.297826766967773,16.16750144958496,-1.1239153146743774,13.964349746704102,18.862035751342773,12.688658714294434,-21.949682235717773,14.560503959655762,17.849985122680664,11.72113037109375,-25.585643768310547,14.150612831115723,2.12992525100708,10.150412559509277,-17.794416427612305,8.543368339538574,-8.015902519226074,7.771043300628662,-17.60727882385254,8.536091804504395,0.2631293833255768,0.3072076141834259,1378.9657764881297,742.5598956925822,2003.5852163311847,519.394994938015,3015.0567683642125,2139.362055292999,0.03937580120452786,0.030759514337925453,0.1700301468372345,0.05651620775461197,26.843508342580435,8.623461116940499,0.03867668585446472,0.18218279831267253,151.99908088235293,blues
blues.00031.wav,-221.8311309814453,50.1198844909668,110.83949279785156,24.214548110961914,18.6168212890625,13.784725189208984,30.920137405395508,13.439663887023926,3.2959229946136475,14.88302993774414,22.58736228942871,10.032215118408203,-20.416351318359375,17.846128463745117,12.11873722076416,10.704249382019043,-26.35049819946289,10.423561096191406,-4.3674845695495605,10.114691734313965,-26.413198471069336,11.338235855102539,-13.045098304748535,10.37099552154541,-12.654766082763672,12.096414566040039,0.2536383867263794,0.3151463568210602,1331.0365912698594,593.5347514951941,1973.6486462859361,484.230747865474,2900.174129710478,1926.053370980482,0.04296723829334365,0.033113697129623997,0.15153230726718903,0.05651747062802315,27.927204310349342,8.277045938373558,0.013257984579766664,0.20982577083736093,151.99908088235293,blues
blues.00032.wav,-288.8077087402344,72.89320373535156,105.89604187011719,28.811166763305664,18.77703857421875,20.835323333740234,23.710391998291016,18.487327575683594,5.711881160736084,19.50859832763672,25.549087524414062,12.8262357711792,-13.473759651184082,15.10789966583252,12.428972244262695,11.214014053344727,-11.942033767700195,13.99122428894043,1.5714255571365356,11.506952285766602,-15.63591194152832,11.236590385437012,-6.650615692138672,9.02645492553711,-11.713253021240234,10.104416847229004,0.27626824378967285,0.3120811879634857,1309.6646971460593,869.8875194588802,1883.062611501245,533.2848661781875,2765.658276442773,2165.6504450058424,0.03939318583107585,0.05621806192176271,0.10115690529346466,0.06273246556520462,26.98588431192438,8.18606087486849,0.0936795155902856,0.2486245865787954,143.5546875,blues
blues.00033.wav,-239.03807067871094,56.806373596191406,108.6572036743164,28.653453826904297,34.15188980102539,16.713603973388672,30.23917007446289,17.3702392578125,-0.47574329376220703,15.392646789550781,27.29263687133789,11.857561111450195,-21.379398345947266,16.936935424804688,14.150508880615234,11.793535232543945,-24.510177612304688,10.839340209960938,-1.8840460777282715,13.388097763061523,-28.050291061401367,11.27590274810791,-11.256650924682617,9.364659309387207,-16.476930618286133,9.511204719543457,0.26082009077072144,0.3079884648323059,1430.5981944868504,837.4770937268804,2075.6524158312614,524.75791810066,3246.7553673144835,2360.3217720791267,0.04196988982681889,0.0379496553493765,0.13312429189682007,0.04744350537657738,27.16162335947027,8.569552130478192,0.01854935579777476,0.22835095868270988,151.99908088235293,blues
blues.00034.wav,-217.23867797851562,59.99020767211914,105.79236602783203,23.115158081054688,15.617069244384766,18.933635711669922,25.25638198852539,14.815605163574219,-1.4402743577957153,14.70071029663086,30.1898193359375,10.843642234802246,-17.715219497680664,14.958717346191406,17.318172454833984,11.252165794372559,-27.20952796936035,10.597419738769531,4.33916711807251,13.31950569152832,-20.059492111206055,10.741460800170898,-10.695944786071777,8.42324161529541,-14.220666885375977,10.247786521911621,0.26211869716644287,0.31472527980804443,1536.7310778930728,584.0842876284809,2157.0586117243593,401.2923242335017,3600.91989239672,1927.3072014806512,0.04570040392801858,0.026297618383381533,0.13591797649860382,0.05681255832314491,26.879584651572642,8.633306297455627,0.010738632267459625,0.1853647462215982,184.5703125,blues
blues.00035.wav,-171.81019592285156,44.06605529785156,120.28062438964844,26.3392333984375,15.327536582946777,16.41070556640625,21.090450286865234,12.10792350769043,-5.4192962646484375,13.230188369750977,24.189464569091797,10.922333717346191,-24.138221740722656,12.067551612854004,18.55198097229004,10.033206939697266,-22.34890365600586,11.810193061828613,1.3031774759292603,10.757241249084473,-20.763931274414062,8.251986503601074,-4.988852024078369,9.024649620056152,-17.118925094604492,9.299757957458496,0.2882498800754547,0.3107444643974304,1507.1047288496127,643.6135421108559,2096.7176284693273,497.0455797589232,3405.4127412683824,2045.7335105485793,0.045430186363196595,0.0239646253594904,0.17330875992774963,0.05778728425502777,26.880773605750104,8.47441787135442,0.007386653991895461,0.13556320782150846,129.19921875,blues
blues.00036.wav,-200.1960906982422,53.63920593261719,116.34013366699219,22.01779556274414,18.006210327148438,14.098094940185547,25.313560485839844,17.05552101135254,0.2917344272136688,13.399639129638672,24.19247817993164,9.999520301818848,-22.255908966064453,17.523313522338867,11.18642520904541,9.751172065734863,-26.848731994628906,9.858024597167969,-7.6384596824646,10.522112846374512,-24.889928817749023,11.091403007507324,-12.015525817871094,9.9406156539917,-17.017955780029297,8.813386917114258,0.23319606482982635,0.30802321434020996,1247.4080160193946,513.7195674698337,1907.7056718339709,441.0355313796831,2621.5758143563758,1739.8818684653004,0.03690378289473684,0.01867459484688581,0.1977485865354538,0.06866755336523056,27.36269509907568,8.427793927899595,-0.01979982799456534,0.21600339631419227,151.99908088235293,blues
blues.00037.wav,-328.6808776855469,86.3687515258789,102.71112823486328,25.15771484375,19.895551681518555,26.520038604736328,26.732681274414062,13.050381660461426,7.1514811515808105,15.9058837890625,22.704801559448242,15.766670227050781,-6.9743266105651855,14.440799713134766,12.781993865966797,12.45097541809082,-10.725780487060547,12.599909782409668,-0.4336608350276947,9.14737606048584,-12.373165130615234,10.48921012878418,-8.90705394744873,10.537225723266602,-9.240108489990234,11.236177444458008,0.24868349730968475,0.3130548894405365,1188.1011591132929,608.110605863039,1682.7073903752769,447.6366860813597,2339.3941873367357,1730.8508732075327,0.04816032858455882,0.03568096538436703,0.06912996619939804,0.04723885655403137,26.610892556474678,7.618479795776557,0.008800133712132025,0.20773860924392024,123.046875,blues
blues.00038.wav,-192.69381713867188,56.739044189453125,111.18816375732422,27.569089889526367,21.373310089111328,17.267372131347656,26.39214324951172,15.827248573303223,-0.6483752131462097,13.80264663696289,23.480880737304688,13.057930946350098,-25.470800399780273,10.971770286560059,16.924428939819336,11.92176628112793,-16.979984283447266,13.807706832885742,5.790150165557861,9.874645233154297,-25.72524642944336,9.267195701599121,-5.045351982116699,8.560280799865723,-17.632246017456055,9.009291648864746,0.2658964991569519,0.3115457594394684,1513.5200525685516,742.8313017098624,2140.702823776187,471.6955538779378,3449.8458059210525,2057.28726714078,0.044378038530379256,0.04489877912957517,0.16808560490608215,0.0626460537314415,27.193348898650097,8.316055663341777,-0.01670416550083263,0.18685170927283942,86.1328125,blues
blues.00039.wav,-301.7071533203125,71.19023132324219,111.53472137451172,24.375228881835938,21.896408081054688,17.374683380126953,16.14818000793457,15.562968254089355,8.196240425109863,16.85588836669922,22.08507537841797,11.763415336608887,-8.614953994750977,16.760616302490234,1.4815574884414673,11.000077247619629,-17.084373474121094,10.639835357666016,-8.345808982849121,10.65677261352539,-17.013063430786133,10.321919441223145,-10.5756196975708,9.44816780090332,-15.689096450805664,8.853007316589355,0.2553582489490509,0.3116915225982666,1151.378029921571,717.654794737246,1709.3165900923677,574.7560000988763,2312.5276831281444,1980.6383071910088,0.03533878857875387,0.03076238592057611,0.0858374685049057,0.05129097029566765,26.36476116160492,8.042817001893031,0.01979751661405734,0.2818698757311934,117.45383522727273,blues
blues.00040.wav,-110.2843246459961,35.87811279296875,90.70560455322266,15.167055130004883,-2.528311252593994,15.086472511291504,74.052734375,10.68272876739502,-11.7467679977417,10.651398658752441,39.214576721191406,8.131296157836914,-13.174300193786621,9.294343948364258,20.531587600708008,7.099542617797852,-17.1676082611084,6.857615947723389,12.827254295349121,9.66452693939209,-21.434446334838867,6.412120819091797,5.952132225036621,7.0075225830078125,-8.032604217529297,6.86472225189209,0.39779356122016907,0.28369140625,2272.5176192636222,449.9797814498318,2356.8453843678926,224.184375957358,5108.277444278493,762.7345013131381,0.09765700585332818,0.03718772697787366,0.13483501970767975,0.027908027172088623,21.299273914180517,9.174150991111862,-0.01206837309832449,0.10321928147688608,172.265625,blues
blues.00041.wav,-107.18975067138672,37.677284240722656,88.47057342529297,19.47087860107422,-4.1777873039245605,18.012086868286133,55.48548889160156,11.380266189575195,-8.010379791259766,10.343914031982422,38.416542053222656,8.398807525634766,-6.4025750160217285,9.457868576049805,28.576522827148438,9.260254859924316,-19.82078742980957,7.405510902404785,13.252738952636719,11.172142028808594,-19.23979377746582,8.28979778289795,12.076225280761719,7.239752292633057,-4.583087921142578,7.539093017578125,0.38709408044815063,0.29230302572250366,2390.7715766040606,553.7759667647165,2463.374815737767,283.10342746797295,5403.758990875339,976.8830958780043,0.10228887504837461,0.03994803263481814,0.12912002205848694,0.029550284147262573,21.788941046826455,9.346026667999567,0.003102553948764901,0.13681407048219354,129.19921875,blues
blues.00042.wav,-159.56771850585938,49.40290451049805,69.78482055664062,15.499964714050293,-4.391879558563232,22.704235076904297,76.85113525390625,10.563346862792969,3.9159085750579834,10.905472755432129,45.16753387451172,6.404391765594482,-4.8673529624938965,7.6270670890808105,32.20051574707031,6.715542316436768,-9.796340942382812,8.2706937789917,7.812511920928955,8.185380935668945,-21.826967239379883,8.508471488952637,9.682440757751465,6.372847557067871,-2.5915892124176025,8.91886043548584,0.3776853680610657,0.3041042685508728,2302.0756478879343,452.7272665689078,2367.7204426147664,217.4296664916488,5188.535292303599,749.9595597932391,0.09786448759191177,0.04272208046263614,0.1109512597322464,0.022970853373408318,23.417019150885185,8.612955222354095,-0.03306635095884207,0.20339146014129347,89.10290948275862,blues
blues.00043.wav,-109.19499969482422,46.97974395751953,100.6270523071289,15.18934440612793,-8.620549201965332,19.571430206298828,47.364219665527344,9.112926483154297,-6.559237003326416,9.474176406860352,39.620792388916016,9.61401653289795,-8.523994445800781,9.541743278503418,29.56473731994629,6.400322914123535,-16.583515167236328,7.65352201461792,13.170684814453125,10.657837867736816,-24.209320068359375,6.421553134918213,6.591902732849121,7.9370222091674805,-8.641899108886719,6.586096286773682,0.3990493714809418,0.2918050289154053,2155.6312958781195,433.8103952019182,2372.2914028592495,245.46880194732753,5011.978026587896,968.9260287287233,0.08716538373161764,0.03500117514815884,0.12724722921848297,0.036236584186553955,20.795642455456925,9.41822999550272,-0.014102667509721717,0.12831871939653522,129.19921875,blues
blues.00044.wav,-109.53234100341797,28.748567581176758,86.92649841308594,15.097681045532227,-8.62498950958252,16.68537139892578,64.489501953125,9.073115348815918,-6.306035041809082,7.424356937408447,43.64582061767578,6.232555389404297,-8.293103218078613,7.187097072601318,28.54642677307129,7.410312652587891,-14.081589698791504,8.813220024108887,8.136635780334473,9.24644947052002,-21.490427017211914,8.340618133544922,11.086617469787598,9.750324249267578,-5.094468116760254,9.564591407775879,0.3901600241661072,0.2937443256378174,2279.265543032408,413.45338890269977,2375.0847954510327,230.21953068222095,5198.476898854731,755.0914133861111,0.09257049088138544,0.030007162506780354,0.13617800176143646,0.02160121686756611,21.730343721527653,9.417598812044973,-0.008882001803400943,0.10065450710340139,135.99917763157896,blues
blues.00045.wav,-163.24313354492188,25.89410400390625,89.78488159179688,14.411771774291992,12.977458953857422,11.619853973388672,80.6924819946289,6.583355903625488,3.6667745113372803,5.734222412109375,39.7451286315918,6.23146390914917,-5.400378704071045,6.629444122314453,26.49867057800293,5.619318008422852,-13.163736343383789,6.161679267883301,2.7070133686065674,5.993093967437744,-20.552906036376953,6.238814353942871,6.0071892738342285,6.1441874504089355,-2.9081320762634277,7.089840412139893,0.42972078919410706,0.3000238537788391,1739.0461604116053,380.77886545287856,2290.4006079788996,255.78399375524754,4551.180812965606,905.7070860611025,0.048051863631965945,0.016320103242275348,0.14830446243286133,0.0266225878149271,21.931940377260165,8.184575724796332,-0.013810579682490233,0.0926978403061599,129.19921875,blues
blues.00046.wav,-182.66500854492188,47.645538330078125,90.68653106689453,21.247241973876953,14.118145942687988,16.351314544677734,67.5545883178711,13.175602912902832,2.687610626220703,10.841652870178223,38.43161392211914,8.112804412841797,-8.420626640319824,12.129936218261719,24.123554229736328,8.499423027038574,-13.787511825561523,7.736542701721191,4.844969272613525,7.665668487548828,-16.67662239074707,6.667416572570801,5.8230791091918945,6.515848159790039,-5.149288654327393,7.040257930755615,0.38791003823280334,0.30845582485198975,1912.443629773089,575.8147340739963,2361.3904727614045,304.2829513031295,4776.687782689145,1135.2819127349276,0.05842595056114551,0.030114251431500618,0.10253710299730301,0.030762052163481712,21.420789605244117,8.400507054180135,-0.010314927285424769,0.1540813054486344,123.046875,blues
blues.00047.wav,-149.9758758544922,33.248043060302734,93.64075469970703,13.940580368041992,6.336243152618408,13.134135246276855,71.51114654541016,9.872389793395996,-8.113178253173828,9.827999114990234,36.21202087402344,6.243899345397949,-9.78497314453125,7.157450199127197,17.641597747802734,8.12780475616455,-21.11900520324707,7.441287994384766,-0.1259031444787979,8.030062675476074,-22.200990676879883,6.384806156158447,5.435663223266602,5.921169281005859,-7.467779636383057,6.487934112548828,0.33643755316734314,0.29349780082702637,2013.3644495068743,403.25575358423663,2310.256346927856,209.8273194474852,4849.570675309597,762.0562738864305,0.07534497145897832,0.02898383071360161,0.11219596117734909,0.02298615500330925,22.393058828482538,8.66686486019435,-0.05290287327291974,0.2093559025017582,151.99908088235293,blues
blues.00048.wav,-106.34815216064453,38.92146301269531,102.64147186279297,16.3371524810791,-20.172258377075195,19.25697135925293,59.37520980834961,11.132085800170898,-9.967278480529785,11.407000541687012,33.706119537353516,7.721539497375488,-14.182174682617188,10.855754852294922,23.516733169555664,9.68022632598877,-13.329085350036621,7.878338813781738,16.026071548461914,8.864678382873535,-18.92317771911621,7.872162818908691,7.831766605377197,8.304168701171875,-7.800383567810059,7.117171287536621,0.3794104754924774,0.28906306624412537,2148.749819335174,407.54037315187526,2204.3524129166544,282.85597751001063,4673.621739248742,905.8536942445713,0.09881232766544118,0.03616616794604211,0.12392562627792358,0.030320478603243828,21.606794963912847,9.027019886659737,-0.011263734785444703,0.14232976555767374,123.046875,blues
blues.00049.wav,-255.9738311767578,56.26820755004883,110.82752227783203,25.847936630249023,21.4605712890625,18.763063430786133,67.588134765625,14.287945747375488,4.28831148147583,14.052719116210938,43.11846160888672,9.076972007751465,-4.508347988128662,8.623625755310059,10.442597389221191,8.701756477355957,-8.718591690063477,10.130152702331543,1.6548898220062256,8.961560249328613,-20.58778953552246,8.32767105102539,-2.4306740760803223,7.754081726074219,-7.144061088562012,8.128005027770996,0.27759212255477905,0.3011762499809265,1318.6237037811225,642.108462114213,1904.407867651936,412.74198611529636,3046.8565760751258,1752.1408511833672,0.03997292533378483,0.027574162439430464,0.0885634496808052,0.02138666994869709,22.55166957744498,7.12596751106969,-0.05012775424037973,0.24393855835707226,123.046875,blues
blues.00050.wav,-83.00167846679688,50.08599853515625,107.06743621826172,17.731565475463867,-25.323680877685547,18.45955467224121,57.122074127197266,14.294720649719238,0.08129856735467911,11.751493453979492,34.70890426635742,8.546209335327148,-11.047215461730957,10.087644577026367,20.533279418945312,7.2216796875,-11.2201509475708,7.803847312927246,14.839781761169434,7.693572521209717,-10.229966163635254,6.616801738739014,12.542858123779297,7.102964401245117,-9.772625923156738,6.717607021331787,0.4009089469909668,0.2994208335876465,1945.6207939267476,383.88741999010335,2082.1764771287803,270.8671384222188,4175.766416378435,898.2229020662336,0.08580598152089783,0.034928695269452505,0.18233932554721832,0.06304518133401871,21.13298109773592,9.141083260143372,0.0017577810850547652,0.10408345908771177,135.99917763157896,blues
blues.00051.wav,-55.59663009643555,31.82987403869629,114.95120239257812,17.848873138427734,-37.06935119628906,14.322847366333008,64.90438079833984,8.300190925598145,-7.164943218231201,9.678400993347168,15.2547025680542,10.725653648376465,-16.23533058166504,9.887147903442383,18.64357566833496,8.827359199523926,-9.752285957336426,8.275675773620605,21.465389251708984,8.566147804260254,-5.652097702026367,8.486258506774902,12.784239768981934,9.965743064880371,-16.537031173706055,7.474554538726807,0.3937113285064697,0.2919469177722931,1977.1089040094187,370.50678833479896,1927.4390139416107,271.7738344501375,3942.8761579672987,834.209234345384,0.1066270952254257,0.030753901057487897,0.19665054976940155,0.04132850468158722,21.5504715583736,9.1044202192536,0.020176662721227867,0.10017330879920565,99.38401442307692,blues
blues.00052.wav,-225.30030822753906,88.70885467529297,117.64151763916016,25.920028686523438,-14.544607162475586,28.56879425048828,64.80238342285156,13.206562042236328,12.931656837463379,17.741416931152344,19.02923583984375,15.860203742980957,10.688533782958984,14.028731346130371,9.883125305175781,10.62329387664795,-2.3828368186950684,10.0833101272583,11.688009262084961,8.108185768127441,1.5453439950942993,7.890538692474365,3.0493671894073486,7.705473899841309,-7.628482818603516,7.394865036010742,0.3390606939792633,0.30907636880874634,1443.2688618053005,669.885141113908,1670.2395750483765,435.00450139424544,3069.306440323868,1443.4119232810701,0.06719384916795666,0.055548805665320465,0.09887826442718506,0.05475379154086113,22.66217283362111,7.039684677554381,0.09872455363355763,0.1592637500065718,151.99908088235293,blues
blues.00053.wav,-76.75776672363281,53.914920806884766,105.77047729492188,20.79762840270996,-43.20883560180664,19.76932144165039,60.95010757446289,20.190149307250977,-8.791272163391113,14.278522491455078,21.246782302856445,11.0056734085083,-12.877674102783203,12.864279747009277,18.621217727661133,12.197454452514648,-11.399116516113281,7.5521464347839355,14.550057411193848,8.861441612243652,-6.0574212074279785,8.304398536682129,12.740340232849121,8.029877662658691,-9.374366760253906,7.4067158699035645,0.4124909043312073,0.29299837350845337,2171.1586190945404,412.2916009983587,1954.1375650548994,291.377181622208,4237.0993788397345,863.9152045781502,0.13280229598006965,0.04846691288105842,0.16826628148555756,0.060638654977083206,21.655615891225885,8.951375637857067,-0.01030018972798855,0.08669124918194847,103.359375,blues
blues.00054.wav,-58.0010986328125,41.790462493896484,109.01412200927734,21.27297019958496,-36.218387603759766,17.44503402709961,64.04035949707031,12.273863792419434,1.4301568269729614,13.4058198928833,26.31511878967285,9.352258682250977,-17.482681274414062,12.276854515075684,20.431018829345703,7.769402980804443,-9.543071746826172,7.644407749176025,18.177133560180664,7.960658550262451,-6.0571441650390625,7.837473392486572,13.878273010253906,7.979800701141357,-11.297564506530762,6.535388469696045,0.45287564396858215,0.2818446457386017,2030.3725287964605,470.05483805405834,1987.0908589175308,271.9926106166917,4062.6921001233554,920.8232293326361,0.10338599615421827,0.04376583803985729,0.20081737637519836,0.05973565950989723,20.88016669046904,9.447070075478434,0.011114805798268646,0.09327743831510886,89.10290948275862,blues
blues.00055.wav,-98.69757080078125,57.74338912963867,104.80117797851562,18.43683624267578,-35.10866928100586,18.689376831054688,60.695045471191406,16.873321533203125,-2.839327096939087,12.452478408813477,22.231002807617188,11.21976375579834,-7.837456703186035,10.40376091003418,19.030719757080078,10.220307350158691,-11.578803062438965,7.1670989990234375,17.021759033203125,10.25388240814209,-5.3873515129089355,7.60498046875,12.199110984802246,8.244772911071777,-9.960819244384766,7.627302646636963,0.43283748626708984,0.29615262150764465,2032.1200141615245,437.1072701908733,1976.2784101797834,281.3082459923567,4023.509003724845,879.0448638646468,0.11316673822078173,0.05027458263338556,0.1577526181936264,0.06557126343250275,21.231072540811144,8.85084787912005,0.02142098837788335,0.08047979857270267,135.99917763157896,blues
blues.00056.wav,-145.42918395996094,68.02568817138672,102.85956573486328,23.049591064453125,-12.542130470275879,18.823240280151367,56.96205139160156,16.705215454101562,2.247262954711914,16.146055221557617,26.607046127319336,13.806885719299316,-4.267034530639648,13.823070526123047,17.337631225585938,10.403021812438965,-7.997035503387451,8.964412689208984,15.23212718963623,9.08220100402832,-6.937478065490723,6.943202972412109,7.460383415222168,10.203325271606445,-10.4683256149292,7.057500839233398,0.391031414270401,0.29957282543182373,1810.9603368829592,589.2471333098248,2052.0430152756703,346.1431961649649,3927.2429191660217,1231.3315034909467,0.07547951335139319,0.041213635699253966,0.13766218721866608,0.05711044743657112,23.365135527342037,8.313070051502855,0.052357054669461424,0.18169368128745353,161.4990234375,blues
blues.00057.wav,-92.76853942871094,55.97237777709961,115.34077453613281,22.854705810546875,-35.06004333496094,20.21871566772461,57.85359573364258,18.19009780883789,1.8453197479248047,17.372880935668945,26.612060546875,12.355354309082031,-14.544861793518066,12.207240104675293,22.132043838500977,10.488264083862305,-8.207085609436035,8.48920726776123,11.007706642150879,10.186833381652832,-5.644093990325928,8.93124771118164,7.272861480712891,8.384761810302734,-10.202146530151367,7.5254082679748535,0.42432162165641785,0.29183369874954224,1886.705706255258,503.4915001350589,1913.2319286636473,351.4699742758244,3828.0685188600523,1117.112217395679,0.08992387045278638,0.03919053771719102,0.17587894201278687,0.059735480695962906,21.25193950498706,8.99440662594285,-0.0030315647721882426,0.12558811740603376,92.28515625,blues
blues.00058.wav,-95.45585632324219,56.73070526123047,105.2293701171875,24.767412185668945,-26.96267318725586,19.39977264404297,60.83698272705078,10.80754566192627,-4.847294807434082,12.351810455322266,21.545209884643555,12.959321975708008,-13.523774147033691,10.899709701538086,12.135233879089355,10.168049812316895,-20.232872009277344,9.508671760559082,12.151344299316406,9.267160415649414,-5.229753017425537,8.556035041809082,10.264025688171387,7.8783650398254395,-9.453709602355957,8.147224426269531,0.3566683530807495,0.29598474502563477,2068.3276532886216,532.532478266014,2033.7527183133282,341.1786345101174,4231.51607926785,1063.8712928617733,0.10437162889415634,0.04393353270571209,0.16195586323738098,0.06921853870153427,22.21574491939028,8.721009383698192,-0.0290492761771266,0.1177607272055615,107.666015625,blues
blues.00059.wav,-86.2509765625,50.7841796875,91.94210052490234,17.926610946655273,-23.403499603271484,15.44937801361084,68.24949645996094,11.966832160949707,-3.890127658843994,15.11010456085205,22.742177963256836,12.817476272583008,-9.895618438720703,11.209455490112305,16.891765594482422,8.376993179321289,-11.39383316040039,7.744340896606445,18.42901611328125,8.5789155960083,-7.011847972869873,6.4322991371154785,10.766728401184082,7.439608573913574,-11.93729019165039,7.653248310089111,0.40606847405433655,0.29155996441841125,2235.9219734301396,489.20793007098604,2100.036805579494,224.91720359090561,4390.048453977603,850.8177194651106,0.14228825524864552,0.06490177105601948,0.1699414849281311,0.06523968279361725,21.906783573849367,9.219200881789192,0.021812654465219156,0.08193690170969259,107.666015625,blues
blues.00060.wav,-67.80553436279297,40.13648986816406,111.70936584472656,17.5472469329834,-34.65730285644531,14.93541431427002,61.34178924560547,15.109496116638184,0.04518122598528862,13.245539665222168,30.57109260559082,10.644033432006836,-12.704326629638672,10.46806526184082,21.166828155517578,9.582499504089355,-13.134889602661133,7.455934047698975,16.287799835205078,8.569169044494629,-6.343270778656006,6.169791221618652,12.295477867126465,7.082756042480469,-12.48300552368164,6.355140686035156,0.43093037605285645,0.28353264927864075,1946.5344115984576,353.5431150324762,1979.7546736384302,236.10083729191686,3955.776079963235,799.9113808803812,0.09745368130804953,0.03737641302462226,0.19614176452159882,0.058743540197610855,20.970017310525563,9.274881096178856,0.013086013747597044,0.07982489840529924,151.99908088235293,blues
blues.00061.wav,-82.48588562011719,32.275726318359375,94.17034149169922,14.432149887084961,-27.13920783996582,12.876874923706055,75.66252136230469,7.44047212600708,-27.529983520507812,8.232282638549805,35.58903503417969,6.5060577392578125,-20.298961639404297,7.022337436676025,25.121318817138672,7.393478870391846,-15.379855155944824,6.909714221954346,11.346789360046387,7.514195919036865,-13.402289390563965,7.407374858856201,8.1533842086792,7.077589511871338,-8.504350662231445,8.042338371276855,0.45192986726760864,0.27519917488098145,2503.952796432079,403.77171020523764,2180.283243535687,184.53896882871317,5077.135965920085,630.3619881738924,0.16758439858262383,0.05048480330342755,0.14170721173286438,0.024906575679779053,22.275583001148554,9.610467660386348,0.014967343757420419,0.07272946459546878,129.19921875,blues
blues.00062.wav,-144.99365234375,42.68369674682617,95.74280548095703,26.67766761779785,-21.610319137573242,20.495412826538086,49.62971115112305,13.649542808532715,-29.898345947265625,16.37437629699707,29.358598709106445,12.086357116699219,-18.84994125366211,15.77971363067627,17.890138626098633,9.581665992736816,-9.674272537231445,10.388694763183594,5.5135674476623535,8.794594764709473,-9.554563522338867,8.613421440124512,6.369012355804443,10.402981758117676,-21.091815948486328,8.889981269836426,0.3118191361427307,0.30441802740097046,2279.808618295741,649.9564353800652,2119.671733204137,189.7706966333819,4732.271384602361,883.8977883955886,0.11714895148026316,0.061511483579146375,0.10619285702705383,0.02940322645008564,23.60531314568975,8.25262509890114,0.016276543814431582,0.15934802250630092,112.34714673913044,blues
blues.00063.wav,-129.1139678955078,45.1290283203125,72.11976623535156,20.641569137573242,-7.765846252441406,24.37660026550293,49.26091003417969,11.91869068145752,-32.72197723388672,10.362789154052734,21.60843276977539,8.862955093383789,-27.374637603759766,13.717813491821289,15.00284194946289,7.259599208831787,-10.25877571105957,11.020269393920898,12.437438011169434,7.205076694488525,-17.034568786621094,7.566778659820557,7.118173122406006,8.27977466583252,-18.020404815673828,8.136256217956543,0.33039847016334534,0.29986822605133057,2839.267572265232,537.8106853667489,2443.9434801361367,237.25293014160965,5710.907133592541,690.0803817298515,0.15435583155959753,0.05536551395836385,0.09628279507160187,0.041633911430835724,23.107807251004985,9.097545465832926,0.0267831308286974,0.16282903876808838,92.28515625,blues
blues.00064.wav,-85.17353057861328,29.802995681762695,88.81204986572266,13.120524406433105,-16.331642150878906,13.800972938537598,59.223236083984375,11.406730651855469,-35.99360275268555,8.83747386932373,14.391534805297852,6.405274391174316,-22.306257247924805,7.15502405166626,9.651897430419922,7.311004638671875,-14.8239164352417,6.726040363311768,11.181605339050293,6.761967182159424,-14.808832168579102,6.493382930755615,8.478196144104004,6.0455241203308105,-19.590890884399414,6.149534702301025,0.33248457312583923,0.28353792428970337,2553.2225631938227,328.53283294631166,2280.079407033503,181.20443205032672,5148.04387048302,525.9242194108207,0.14685171971749225,0.03254157297223645,0.11736053973436356,0.02337055467069149,22.136256465756787,8.854319173971136,0.009957401903138059,0.11323216702215025,78.30255681818181,blues
blues.00065.wav,-118.37033081054688,34.39229202270508,74.86731719970703,24.618467330932617,-19.86946678161621,18.49699592590332,46.94758605957031,11.247220039367676,-32.569053649902344,11.349247932434082,23.835134506225586,9.156272888183594,-26.37411117553711,12.56497573852539,17.692514419555664,7.4685821533203125,-13.826244354248047,8.638018608093262,11.946739196777344,8.283413887023926,-17.88878059387207,7.886667251586914,7.555983066558838,8.18270492553711,-22.900585174560547,6.789590835571289,0.29269593954086304,0.29655101895332336,2816.7459196931127,589.6449713216034,2372.144439490832,211.7255525280966,5614.507716506628,785.3509586715169,0.14631846519446595,0.05052950067317384,0.10030478239059448,0.029393931850790977,22.77632927729725,8.86021074426281,0.09184784730331316,0.14839676312708175,107.666015625,blues
blues.00066.wav,-116.5463638305664,39.8719367980957,97.44462585449219,22.476055145263672,-13.895613670349121,17.079191207885742,48.974857330322266,12.439756393432617,-22.594566345214844,12.745574951171875,27.765439987182617,8.904486656188965,-20.240068435668945,13.646210670471191,18.63935089111328,8.125932693481445,-14.6516695022583,8.5960054397583,8.48143482208252,7.169534683227539,-16.65589714050293,8.360843658447266,11.001678466796875,9.096074104309082,-13.869424819946289,8.63257884979248,0.37484151124954224,0.29798609018325806,2340.3362115325713,589.51846742577,2256.3224355209627,213.2029676591701,4972.26993336397,857.0153623584257,0.1217751517753483,0.06325598886261481,0.1104695200920105,0.026522260159254074,22.520711716180227,9.054419105404929,0.0213668084625589,0.10370603952260514,161.4990234375,blues
blues.00067.wav,-95.46324920654297,30.58795928955078,101.38037872314453,19.127058029174805,-20.697006225585938,18.62217140197754,48.66807174682617,13.278989791870117,-30.27181053161621,11.826026916503906,20.812761306762695,9.246248245239258,-18.31358528137207,15.521367073059082,14.146869659423828,7.890978813171387,-12.798890113830566,8.929350852966309,13.444279670715332,7.519399166107178,-14.078200340270996,10.285283088684082,7.732656002044678,8.544687271118164,-19.23227310180664,7.694887161254883,0.33793774247169495,0.29383599758148193,2258.5305012842978,468.1428150990845,2175.883804208782,236.25407943221205,4755.35457835478,831.3704934981387,0.11276500217685759,0.04127225714341651,0.12903934717178345,0.023658618330955505,22.469715961851946,8.613636057876114,0.06518015890156949,0.11752761695154498,161.4990234375,blues
blues.00068.wav,-113.19473266601562,39.8487548828125,88.70586395263672,17.779747009277344,-8.925186157226562,15.0881986618042,49.48269271850586,11.827608108520508,-34.57383346557617,11.089028358459473,15.86412525177002,8.274889945983887,-17.74479103088379,8.24930477142334,14.710541725158691,7.681013584136963,-11.201998710632324,7.097694396972656,15.367768287658691,7.398869037628174,-15.076569557189941,8.291779518127441,8.747662544250488,7.873086452484131,-18.631790161132812,5.7331767082214355,0.2895238995552063,0.28760528564453125,2513.747081320468,419.4104751618391,2345.239509313882,217.24656866804065,5247.468269277283,687.598034997615,0.13514619715073528,0.03891602475866829,0.10304808616638184,0.03136705234646797,22.329996613959924,8.727209723805958,0.0170959568020012,0.1443516734273908,161.4990234375,blues
blues.00069.wav,-121.4295425415039,34.363224029541016,96.12303161621094,20.879114151000977,-19.616804122924805,16.48261833190918,48.020565032958984,11.434185981750488,-38.808189392089844,14.125262260437012,24.758066177368164,10.168195724487305,-32.945823669433594,11.498970031738281,8.104194641113281,10.063189506530762,-17.811519622802734,8.302624702453613,6.113285541534424,8.609018325805664,-19.998334884643555,6.551883697509766,6.793924331665039,8.016490936279297,-19.340662002563477,9.341377258300781,0.2919829785823822,0.29456642270088196,2370.9632922676196,486.6000637828251,2209.514583707105,207.22464050245225,5004.08640764077,696.192153206146,0.12514096664570434,0.05004558396192482,0.11654019355773926,0.031051956117153168,23.29437369309947,9.020663653491573,0.05638379717808935,0.17263161027725163,78.30255681818181,blues
blues.00070.wav,-133.04440307617188,44.08650588989258,105.72738647460938,28.292495727539062,-22.146265029907227,17.777912139892578,41.81864929199219,11.986281394958496,-26.996667861938477,12.452714920043945,19.12452507019043,9.394030570983887,-26.569320678710938,14.96237564086914,19.24604034423828,9.735196113586426,-15.334524154663086,9.586288452148438,6.989655494689941,8.522209167480469,-10.818551063537598,9.947803497314453,6.793742656707764,8.349660873413086,-11.729827880859375,8.448083877563477,0.32268738746643066,0.3032289743423462,2159.5483196611644,573.6728600487546,2130.34934530605,261.9377190179947,4685.038336880805,1036.7165589095857,0.0983489895752709,0.04178806022625173,0.10612648725509644,0.033264417201280594,22.62931797521101,8.6432468622956,0.007519395791267072,0.11473735900500967,143.5546875,blues
blues.00071.wav,-89.39149475097656,26.365196228027344,93.78778839111328,13.87761116027832,-14.571089744567871,11.565832138061523,54.39153289794922,9.965017318725586,-33.515018463134766,8.034671783447266,19.421157836914062,6.457576274871826,-19.763673782348633,6.8561482429504395,13.022462844848633,6.78699254989624,-13.86949634552002,7.241164684295654,14.61171817779541,7.178809642791748,-14.970264434814453,7.759084701538086,10.589299201965332,5.947680473327637,-18.023412704467773,5.866029739379883,0.30524951219558716,0.28297463059425354,2429.3359591758494,312.5634625855417,2286.6949825737365,158.2755187747334,5065.152705047891,481.85747263527605,0.13468663832720587,0.03778011820899467,0.12049466371536255,0.018094737082719803,22.575953555769637,8.864932007818256,0.017635008646600808,0.13800622691754502,73.828125,blues
blues.00072.wav,-118.68192291259766,27.544687271118164,87.62361907958984,17.512914657592773,6.558794021606445,15.753100395202637,45.09804916381836,9.346288681030273,-38.915706634521484,8.874773979187012,20.813005447387695,7.761440753936768,-26.86333656311035,6.815141201019287,13.798008918762207,7.597566604614258,-17.238609313964844,6.620034217834473,5.110157489776611,6.775267124176025,-15.709853172302246,6.462982177734375,3.981842041015625,6.588920593261719,-27.549043655395508,6.416843414306641,0.3070265054702759,0.2841006815433502,2595.2893633321164,541.15518781089,2519.1202667337648,244.75224509376955,5660.282439713139,740.6599720847397,0.12924562814434984,0.052906390250971186,0.10387337952852249,0.02114773727953434,23.465407130384367,8.730756067515994,0.05591254829448193,0.1588246079232744,103.359375,blues
blues.00073.wav,-30.129287719726562,33.51264953613281,103.74479675292969,14.297932624816895,-19.765729904174805,13.601869583129883,56.411624908447266,13.169631958007812,-12.724869728088379,11.017194747924805,20.19422721862793,9.72869873046875,-17.34809684753418,9.49538803100586,16.30915641784668,8.041274070739746,-18.444427490234375,7.539762496948242,8.932051658630371,7.237840175628662,-11.661623001098633,7.330300807952881,11.210427284240723,6.282364368438721,-8.85125732421875,7.203658580780029,0.34202733635902405,0.29015296697616577,2094.775833910308,329.60864110379157,2158.1057474122117,204.9812368447899,4482.2562297431305,704.1613658976624,0.10056968665344428,0.03151751233882172,0.2596552073955536,0.07407713681459427,22.40974227261676,9.290192684292009,-0.0022723515469694117,0.10840389433307736,99.38401442307692,blues
blues.00074.wav,-56.03289031982422,53.53589630126953,87.84066772460938,18.924461364746094,-1.6012412309646606,16.97374153137207,41.20536422729492,12.876564025878906,-5.6202712059021,11.840066909790039,27.784927368164062,10.419751167297363,-24.00258445739746,9.570929527282715,21.76812171936035,8.053003311157227,-18.42898941040039,9.235815048217773,12.328123092651367,8.115021705627441,-13.717032432556152,8.101607322692871,11.850820541381836,8.420446395874023,-3.982272148132324,7.656824111938477,0.3671739995479584,0.29223623871803284,2515.8691600222824,522.0635580738318,2531.4200010553727,257.991883923057,5771.615099833108,999.0489814240641,0.12091612446787926,0.040863540300005635,0.19690310955047607,0.06545035541057587,22.208846837563502,10.091815563299775,-0.008650187052657394,0.09962879162903586,112.34714673913044,blues
blues.00075.wav,-86.33547973632812,82.74579620361328,92.70050048828125,27.92538833618164,-15.399187088012695,22.380813598632812,54.05200958251953,15.44088077545166,0.8667874932289124,14.643135070800781,31.560293197631836,11.38976001739502,-14.622711181640625,9.6900053024292,23.32544708251953,7.002336502075195,-14.978636741638184,8.602311134338379,15.339353561401367,8.679086685180664,-7.049361705780029,9.11910343170166,12.182225227355957,7.868887901306152,-6.110911846160889,9.615433692932129,0.4664575457572937,0.2854767441749573,2225.1768658281667,680.1128749243286,2255.135044259996,314.64308631882074,4703.588224712171,1362.2821307432253,0.10858664497871517,0.05666198042229122,0.19203044474124908,0.08954654633998871,21.07179948090732,9.73585314987375,0.03111459284403978,0.08038275483113773,117.45383522727273,blues
blues.00076.wav,-52.70116424560547,36.66621780395508,74.45541381835938,14.90764331817627,-18.715457916259766,14.807901382446289,56.30721664428711,10.623828887939453,-3.9593265056610107,11.321792602539062,31.987159729003906,10.068303108215332,-16.45779037475586,11.785487174987793,22.41769027709961,8.951863288879395,-12.262028694152832,8.155107498168945,27.228351593017578,8.110142707824707,-9.233884811401367,9.128317832946777,7.807101726531982,7.192312717437744,-10.567174911499023,7.691458225250244,0.3655874729156494,0.29654866456985474,2645.5300364910313,431.72351197604434,2426.0057919712367,225.3363316789246,5611.974398491921,761.5883041826203,0.1364685625483746,0.051619364647671674,0.2189701944589615,0.06814644485712051,23.451632774513453,9.647185119471107,-0.017394266300001418,0.19049407381371836,117.45383522727273,blues
blues.00077.wav,-29.039146423339844,44.22970199584961,104.53732299804688,17.52726936340332,-30.97895622253418,17.552030563354492,38.1544303894043,10.448711395263672,-7.991591930389404,11.558247566223145,30.89167022705078,9.820450782775879,-20.596235275268555,9.935752868652344,25.830780029296875,8.358250617980957,-12.959671020507812,9.184919357299805,16.941612243652344,7.313295364379883,-12.26368236541748,7.659582138061523,10.786707878112793,6.118051528930664,-10.564545631408691,6.78653621673584,0.4088760316371918,0.28885647654533386,2206.7704721917903,429.21195254540953,2191.456936364498,274.8206491625671,4657.321837812016,1044.391298035268,0.11152578064531733,0.0338478587047076,0.24310125410556793,0.07141665369272232,21.404339884252124,9.843628319803335,0.02287467223554896,0.11467152357598595,99.38401442307692,blues
blues.00078.wav,-2.551016330718994,27.11760711669922,101.25788116455078,12.81148910522461,-33.92729187011719,11.951032638549805,41.518402099609375,9.991866111755371,-13.815157890319824,10.247645378112793,31.92072296142578,6.952861309051514,-21.868600845336914,8.171124458312988,24.458948135375977,6.547391414642334,-15.881363868713379,6.40642786026001,15.794474601745605,5.728188991546631,-14.372410774230957,6.623603820800781,12.507440567016602,6.415306091308594,-13.373969078063965,6.282389163970947,0.41425758600234985,0.2880532443523407,2333.716389709888,299.7166482959302,2227.4156272586656,175.05391668946498,4942.928444121275,694.0909006284389,0.12386319659442724,0.023590708533337914,0.25794896483421326,0.05224999785423279,20.967095449770806,10.462394431542913,-0.020037861652168837,0.08059750795493972,123.046875,blues
blues.00079.wav,-3.5590715408325195,31.947509765625,92.92778778076172,13.095651626586914,-25.11854362487793,12.165660858154297,45.18721008300781,8.105903625488281,-10.871893882751465,8.383872032165527,31.86241912841797,6.518700122833252,-18.05792236328125,8.53520393371582,28.62801170349121,6.941318035125732,-10.234053611755371,7.684868335723877,14.673486709594727,6.464503765106201,-14.906988143920898,5.496377468109131,14.75164794921875,5.34368896484375,-15.609781265258789,6.393852233886719,0.4215344786643982,0.28059276938438416,2443.2389164951205,361.3620375894565,2358.3844917583942,177.92570971829818,5267.559814453125,644.0596092191854,0.12473545133513932,0.03443721040783032,0.2707482874393463,0.04355424642562866,21.78412624498506,10.428331100159228,-0.004336632475752197,0.10911233578100447,78.30255681818181,blues
blues.00080.wav,-54.74724197387695,47.66319274902344,119.48587799072266,19.95648956298828,-34.86473846435547,15.696967124938965,37.537147521972656,13.624009132385254,-15.886235237121582,12.55201244354248,22.08109474182129,10.60464096069336,-14.668314933776855,14.412976264953613,18.534313201904297,9.750141143798828,-9.643758773803711,11.157136917114258,11.2588529586792,8.77991771697998,-11.732050895690918,8.707048416137695,11.539118766784668,7.474833011627197,-6.430718421936035,8.53780746459961,0.368256151676178,0.2965388894081116,1827.1513096464714,394.26528933389494,1898.4550593881818,234.9320780125368,3743.635696080447,877.4676997909273,0.09403873597136223,0.03470671976777877,0.24234187602996826,0.08673091232776642,22.629794130766523,8.998320397377343,0.06602066583747467,0.13317535903066802,117.45383522727273,blues
blues.00081.wav,-26.955238342285156,67.80192565917969,107.34024047851562,20.897991180419922,-46.81220626831055,14.141558647155762,40.932655334472656,15.490845680236816,-21.469863891601562,8.555174827575684,24.81685447692871,7.4328203201293945,-18.94770050048828,9.001291275024414,15.260985374450684,8.40139389038086,-15.04425048828125,7.789162635803223,12.270949363708496,7.705248832702637,-15.23953914642334,6.4421868324279785,14.331287384033203,8.308713912963867,-13.830044746398926,6.575964450836182,0.38028278946876526,0.28410592675209045,2116.8942510812694,308.3103218929712,1956.5811797368515,211.99198728978755,4195.97462751548,661.3751381137191,0.12727247303115324,0.026971620181065997,0.2481762170791626,0.07354898750782013,22.658978979084925,9.739325820528624,0.02889096821074851,0.13596007699881052,103.359375,blues
blues.00082.wav,-29.400257110595703,37.509910583496094,108.69148254394531,15.953453063964844,-25.589895248413086,16.37677001953125,38.44014358520508,12.440252304077148,-18.353864669799805,14.275131225585938,21.78569984436035,9.8674955368042,-25.172712326049805,9.999336242675781,22.406967163085938,7.927822113037109,-17.60605812072754,9.162543296813965,14.675621032714844,9.432765007019043,-12.086357116699219,7.841354846954346,5.462191104888916,8.008777618408203,-7.706029891967773,8.015225410461426,0.33888640999794006,0.29430732131004333,2141.332015271235,356.9618493946431,2167.7740825306,273.1311577542275,4627.63035068571,986.1523116868941,0.10515129160216719,0.02537447029121749,0.251253217458725,0.06117826700210571,22.5506129099572,9.395491958865632,0.009477119972581452,0.11639129908180464,123.046875,blues
blues.00083.wav,-19.8935489654541,31.202667236328125,98.89588165283203,12.352110862731934,-24.476659774780273,13.476808547973633,49.585853576660156,7.640015602111816,-16.200876235961914,7.1369476318359375,30.19780921936035,7.652821063995361,-18.029512405395508,7.4204487800598145,27.554832458496094,5.813950538635254,-11.405635833740234,7.581036567687988,14.8779935836792,6.62885856628418,-8.908681869506836,6.268255710601807,11.671262741088867,6.408791542053223,-10.88602066040039,7.509710311889648,0.427356094121933,0.28304025530815125,2314.8192389666888,379.3901573625828,2261.702666159041,176.00230770643225,5036.269546367066,666.8892318188173,0.11795053393479102,0.03620508743671726,0.25118035078048706,0.05892490968108177,21.183338711967636,10.343535021716681,-0.04049851959807032,0.11612573386454675,135.99917763157896,blues
blues.00084.wav,-38.994842529296875,62.38261413574219,112.03825378417969,20.820810317993164,-31.81770896911621,13.356637001037598,38.24067687988281,9.322685241699219,-6.320669174194336,11.99854564666748,23.330562591552734,7.792678356170654,-18.77887725830078,8.574718475341797,23.932188034057617,7.804879188537598,-10.934215545654297,6.920623302459717,13.234858512878418,6.405360698699951,-14.381190299987793,7.185699462890625,13.326929092407227,6.677260398864746,-10.922000885009766,7.302897930145264,0.396300733089447,0.29190903902053833,2061.202741434345,479.00050360765124,2085.186746503955,286.1599391510195,4221.307807662539,1108.3765127164813,0.11339689555921052,0.0393754253599644,0.23509325087070465,0.08429817855358124,21.786596718962738,9.708274277282792,0.03953348365079206,0.10642366701447445,112.34714673913044,blues
blues.00085.wav,-180.14874267578125,67.38169860839844,131.41078186035156,35.76397705078125,0.5733358860015869,24.18223762512207,43.165672302246094,16.148725509643555,14.1355562210083,13.833255767822266,25.62137794494629,17.366540908813477,-5.315874099731445,14.22375774383545,12.03432846069336,10.448343276977539,-13.538714408874512,11.988211631774902,-1.0941216945648193,9.887791633605957,-7.614391803741455,10.8150053024292,2.7180745601654053,10.403024673461914,0.7742719650268555,9.22514820098877,0.31538674235343933,0.3032681345939636,1312.3500760815823,638.3136141236998,1674.1613162853585,430.68262132209964,2637.734049983069,1438.3285703860097,0.059416496347716716,0.04087893147497124,0.15017585456371307,0.05984865874052048,24.03996949178279,7.446540274015813,0.055270611390842654,0.18124776900772005,143.5546875,blues
blues.00086.wav,-212.81539916992188,85.14984130859375,139.06922912597656,39.4543342590332,9.454341888427734,27.06741714477539,35.44626998901367,16.067995071411133,12.70954418182373,17.628067016601562,20.41766357421875,13.639941215515137,-5.573953628540039,13.4285306930542,10.893662452697754,10.102540016174316,-8.73171329498291,11.857322692871094,8.055455207824707,8.717926025390625,0.16379709541797638,9.758862495422363,2.641746759414673,8.690608978271484,-1.0257349014282227,8.730164527893066,0.36590296030044556,0.310552179813385,1245.581771913736,844.8584665570644,1634.2884053266466,579.2083245541074,2517.6097763581174,1879.8946696917412,0.04882661329334365,0.05224029382131732,0.12492372840642929,0.06056870520114899,21.167759614994154,7.407868590843098,0.023181340421072682,0.13350661394849206,123.046875,blues
blues.00087.wav,-155.51651000976562,55.452125549316406,125.65575408935547,28.322246551513672,1.575321912765503,22.219940185546875,45.82986831665039,18.818683624267578,0.9089943170547485,16.191789627075195,25.3912410736084,12.555946350097656,-10.813492774963379,15.5029878616333,15.574149131774902,11.41093921661377,-11.929204940795898,12.717009544372559,1.2717781066894531,10.446717262268066,-6.661503314971924,10.34266185760498,-0.7791247963905334,10.575722694396973,-7.749224662780762,8.614660263061523,0.33674198389053345,0.3077089190483093,1441.9992540972155,622.3532848914264,1870.23919078001,383.26063087443464,3083.26468925358,1482.085456508031,0.050889337025928794,0.033992035759115746,0.15801171958446503,0.05213325098156929,22.664558395913968,7.865984597192527,-0.044029860678144433,0.15706372866184995,172.265625,blues
blues.00088.wav,-194.27952575683594,56.890594482421875,151.85118103027344,23.826723098754883,-1.1928876638412476,14.316364288330078,39.19459915161133,11.312932014465332,16.58248519897461,13.454127311706543,18.25238609313965,9.838040351867676,-1.3991609811782837,10.950772285461426,14.877710342407227,7.246845245361328,-11.616781234741211,8.922499656677246,2.4488766193389893,9.489912033081055,-5.079173564910889,8.60372257232666,3.9416005611419678,8.27632999420166,-0.9037845134735107,7.947403430938721,0.37787389755249023,0.3045840561389923,1006.8779768813247,369.2515635306354,1530.614586249927,388.3775458941797,2075.0707856641834,1007.6709715616672,0.03206556574109907,0.013217909193726623,0.14201056957244873,0.05897725373506546,20.581541449078376,7.0318824392741375,-0.0030404727608427983,0.1049211256529213,172.265625,blues
blues.00089.wav,-346.8868713378906,73.27458190917969,139.24795532226562,32.472198486328125,24.084861755371094,30.22738265991211,22.264015197753906,17.64071273803711,18.64784049987793,15.183268547058105,11.657902717590332,16.558494567871094,9.017679214477539,12.782742500305176,6.977828025817871,8.97818660736084,-2.0233006477355957,10.221084594726562,5.420398235321045,8.536065101623535,1.6508169174194336,10.436589241027832,-2.35300612449646,8.286211967468262,3.193639039993286,7.62291955947876,0.3486931025981903,0.32032251358032227,798.5684450379811,445.75239640469425,1284.9474803691962,361.8582898043826,1455.816196878628,1035.2206174365929,0.025639678671633127,0.020118611046150658,0.05277162417769432,0.04214981570839882,20.903557760736824,5.526840312589978,0.05325284709252406,0.1585555162085697,107.666015625,blues
blues.00090.wav,-177.4873504638672,67.07093811035156,115.33374786376953,37.21586608886719,9.963013648986816,26.12153434753418,54.056209564208984,17.910526275634766,7.6156206130981445,18.185302734375,28.31572914123535,13.456534385681152,-9.070212364196777,13.473355293273926,20.058439254760742,10.587956428527832,-15.045547485351562,12.274003982543945,6.222492694854736,10.365342140197754,-5.688931465148926,10.4555082321167,1.3798959255218506,11.614005088806152,-5.843506813049316,9.204333305358887,0.37789058685302734,0.30864447355270386,1613.4333911575961,883.9160266156665,1972.2597417173224,494.7803074205373,3470.72901297649,1899.939300528872,0.058235853449109906,0.051831560614346975,0.13184188306331635,0.04624496027827263,22.557449560648084,8.2640956917625,0.011369548923281531,0.16088677033657162,143.5546875,blues
blues.00091.wav,-236.3834686279297,88.13067626953125,161.69500732421875,33.300689697265625,-1.153334617614746,24.679094314575195,27.288705825805664,10.782705307006836,9.581352233886719,18.239789962768555,20.61904525756836,9.509773254394531,0.2341277003288269,8.966526985168457,13.796686172485352,10.203105926513672,-0.500919759273529,9.497827529907227,10.185429573059082,9.086421012878418,-4.454618453979492,9.252585411071777,5.5080885887146,7.57769250869751,-3.716721773147583,7.573741912841797,0.4219493269920349,0.3044530153274536,991.1502533354555,645.0953038761002,1396.26195423809,512.2539079034731,1943.2882492018189,1509.6491652922746,0.03605269204721362,0.025550895040477653,0.09938009083271027,0.035857148468494415,20.946460048902036,7.141046634667049,0.017747299235176116,0.15233956103319685,63.02400914634146,blues
blues.00092.wav,-332.3079833984375,85.37590789794922,128.0807647705078,31.08049964904785,28.82521629333496,34.43956756591797,41.8360595703125,17.433765411376953,31.234668731689453,15.133577346801758,23.358219146728516,12.64189624786377,5.7872233390808105,13.675535202026367,8.99620246887207,12.18983268737793,-3.8611278533935547,13.55909538269043,3.738999605178833,9.787618637084961,-0.8690584301948547,9.528159141540527,-0.4369308054447174,9.091466903686523,1.4746559858322144,9.604796409606934,0.39106515049934387,0.3169374167919159,918.3602069536548,723.3183974582857,1436.665224399481,438.53516467127565,1601.531982421875,1512.6972956557938,0.03231802075270898,0.040018074399715234,0.0630437433719635,0.039157263934612274,20.944062093111704,6.0341856691002675,-0.02441692839251248,0.21555524780069676,83.35433467741936,blues
blues.00093.wav,-350.35888671875,51.56181716918945,169.54632568359375,24.95469093322754,31.780231475830078,17.79957389831543,16.713754653930664,14.616209030151367,28.661758422851562,13.723822593688965,19.24909019470215,8.287095069885254,7.846699237823486,6.374340057373047,10.039793968200684,6.054205417633057,4.742694854736328,6.377669334411621,2.9156229496002197,6.054455757141113,3.8965418338775635,6.825385570526123,1.8103498220443726,6.509947299957275,-5.970981121063232,5.958396911621094,0.3777357041835785,0.31046953797340393,570.1506880585581,323.96241828615723,995.0934725815811,290.6163624117266,928.8527166880322,707.1282770342528,0.021700549051857584,0.010841269236589356,0.06589096784591675,0.042475249618291855,21.405046527628777,5.388750672546834,0.030740894241531903,0.24843940237459325,58.72691761363637,blues
blues.00094.wav,-206.28115844726562,82.48454284667969,126.62033081054688,33.28310012817383,10.590662956237793,27.636924743652344,43.215721130371094,15.04578685760498,12.49489974975586,15.180598258972168,19.413660049438477,16.07459831237793,0.35196805000305176,11.680646896362305,12.730944633483887,8.761750221252441,-4.579289436340332,8.604239463806152,4.058012008666992,7.754782676696777,-4.409212589263916,9.720791816711426,3.6634230613708496,7.69132137298584,-1.4560471773147583,8.62025260925293,0.37671542167663574,0.30968284606933594,1239.6879986706629,726.0330036195406,1659.9856287006844,482.5483475056082,2519.0431010243324,1681.0021073537857,0.05090785543246904,0.05006302719109203,0.14092092216014862,0.07328607887029648,22.891542804206807,7.207449057606555,0.03554169786728562,0.1810401575349298,103.359375,blues
blues.00095.wav,-130.58152770996094,48.02711486816406,139.9748992919922,30.95206642150879,-1.2707358598709106,23.148618698120117,39.3104248046875,13.146506309509277,-6.353665351867676,15.927644729614258,19.76784324645996,12.07694149017334,-11.213424682617188,10.47679328918457,27.24368667602539,11.2363862991333,-16.5345401763916,10.235743522644043,7.021878719329834,10.047184944152832,-1.2004069089889526,8.44050121307373,1.6136364936828613,12.147370338439941,-6.629040718078613,7.951197624206543,0.36996734142303467,0.3021606206893921,1388.4454872380973,713.9715802786624,1772.8422645104079,405.9957942552598,2754.6166765431503,1470.3694163962273,0.05714742465654025,0.03646380337623106,0.18706326186656952,0.046427953988313675,22.863342052448136,8.266921598976703,0.010198482570673406,0.1269493695178502,135.99917763157896,blues
blues.00096.wav,-314.5821838378906,72.68252563476562,139.91444396972656,26.088716506958008,11.862516403198242,22.968612670898438,30.10210609436035,22.09231948852539,-7.539035320281982,16.273744583129883,14.907038688659668,14.649306297302246,-2.680899143218994,13.201308250427246,6.701543807983398,10.708954811096191,-6.395508766174316,11.547962188720703,2.8176138401031494,9.282434463500977,-11.70648193359375,11.822609901428223,2.063027858734131,12.140294075012207,-11.438628196716309,9.241156578063965,0.260613352060318,0.3030782639980316,1132.5184226709684,565.038821104931,1582.765487529276,389.2939338204865,2066.2458390274282,1318.522722872366,0.048313766810178016,0.035586509338210115,0.051327649503946304,0.029231315478682518,23.63006622531564,5.942093759408486,0.043276088957399046,0.265909201352862,143.5546875,blues
blues.00097.wav,-148.647705078125,64.46083068847656,145.73776245117188,37.000648498535156,-9.363346099853516,15.679682731628418,48.451446533203125,12.652112007141113,10.543868064880371,14.846220970153809,18.014604568481445,12.77534008026123,-2.634578227996826,12.224071502685547,16.95808219909668,8.754294395446777,-11.506823539733887,9.62756061553955,8.73170280456543,12.553565979003906,-8.173254013061523,8.131361961364746,3.2235357761383057,10.160661697387695,-0.6797587275505066,8.357706069946289,0.37528419494628906,0.30644795298576355,1236.606352338598,650.358980664079,1602.3014812209667,543.7336158280916,2604.350918512964,1577.3285117298888,0.04462595842202012,0.02762114643140287,0.19820396602153778,0.054343581199645996,21.966853320414565,7.633765753058438,-0.001064078458645887,0.11115389343768041,117.45383522727273,blues
blues.00098.wav,-90.70722198486328,50.8874626159668,100.10759735107422,17.289400100708008,-23.924427032470703,21.23343276977539,52.58830642700195,10.972282409667969,-20.928014755249023,10.467510223388672,31.502182006835938,7.834750652313232,-11.213112831115723,10.637998580932617,20.094327926635742,8.808732986450195,-10.915236473083496,7.052038192749023,17.563922882080078,7.106717586517334,-14.097335815429688,8.294134140014648,12.994507789611816,7.716904163360596,-11.420426368713379,7.8013153076171875,0.443195104598999,0.2798388600349426,2310.1410834053418,437.55192505019187,2206.528237593985,249.5899255320981,4829.08746583543,786.6746121574206,0.12842590520994582,0.04932760182122961,0.12533903121948242,0.04129709675908089,20.80031499206746,9.234667442804634,0.05994268473884667,0.10235643880670302,123.046875,blues
blues.00099.wav,-177.19161987304688,98.49409484863281,136.21420288085938,23.372310638427734,-26.91071319580078,40.330902099609375,36.372779846191406,15.483190536499023,-18.75942611694336,15.718419075012207,20.905872344970703,10.391337394714355,-1.7765746116638184,10.530780792236328,3.015932559967041,11.23685359954834,-5.599410057067871,8.414759635925293,5.6345953941345215,8.733500480651855,-8.114802360534668,8.746944427490234,5.645383834838867,8.932865142822266,-10.786548614501953,7.880280494689941,0.37024569511413574,0.29183661937713623,1538.9317922233738,474.55032508109394,1703.6876933572128,323.0818410075394,3175.4391318873354,1018.3339471000355,0.07479924535603716,0.04088683757691164,0.10503795742988586,0.07313375174999237,20.39749200442443,6.914477504711252,0.05842795348578055,0.13718746061187675,92.28515625,blues
classical.00000.wav,-268.1800231933594,42.3260612487793,135.68788146972656,13.746671676635742,-34.07107162475586,15.20807933807373,25.634862899780273,13.003158569335938,-12.97032356262207,8.441545486450195,17.894695281982422,8.631766319274902,-9.997608184814453,10.719670295715332,5.629223346710205,8.11622428894043,-14.14646053314209,8.68678092956543,7.497625827789307,13.317961692810059,-3.970524787902832,10.330751419067383,8.258684158325195,8.953237533569336,-1.3527369499206543,12.42566967010498,0.25237950682640076,0.29009249806404114,1505.3776997189866,210.79378588180998,1559.0859496035287,209.0163857278772,2717.316902089783,546.7603168228101,0.09824505974264706,0.02075780454020311,0.036243971437215805,0.01486689317971468,23.375120387152062,6.429904142992204,-0.021733835094197827,0.18623862322049786,95.703125,classical
classical.00001.wav,-324.0919494628906,31.29701805114746,133.59413146972656,18.2757625579834,-25.021385192871094,13.666777610778809,24.567686080932617,12.311087608337402,-11.939837455749512,11.408029556274414,17.66022491455078,11.808229446411133,-5.5225830078125,11.080172538757324,1.7202383279800415,9.070554733276367,-10.571335792541504,8.759957313537598,-0.8508676886558533,9.067232131958008,-7.797244071960449,9.916813850402832,3.5256078243255615,10.849770545959473,5.0467987060546875,13.891959190368652,0.21504710614681244,0.29156532883644104,1360.5964481029573,248.57274460968426,1441.3899483512648,180.1956895108071,2387.9772268950755,608.09330733818,0.0877715781008127,0.025097354349719755,0.03061455488204956,0.012694833800196648,25.19117362823941,6.026054197249702,-0.00943129979127104,0.2507718205878834,112.34714673913044,classical
classical.00002.wav,-235.30642700195312,29.23925018310547,141.13674926757812,14.06095027923584,-34.679046630859375,12.312653541564941,30.997169494628906,11.630316734313965,-16.40024185180664,7.131290435791016,23.120685577392578,9.044733047485352,-11.043703079223633,8.903121948242188,7.6586432456970215,7.696314811706543,-19.01723861694336,7.127016544342041,4.236545562744141,8.816368103027344,-11.835343360900879,7.750391960144043,8.918065071105957,8.216316223144531,-1.4424690008163452,9.979613304138184,0.2778478264808655,0.28938472270965576,1490.0147947114058,197.4005302966415,1599.8034153175129,176.6604619652684,2784.9498264560757,524.2525589690716,0.09004972003192724,0.019882246955559853,0.0438406728208065,0.013845316134393215,22.899048429990007,6.500916297535978,-0.007619359449387044,0.15757829038517254,99.38401442307692,classical
classical.00003.wav,-326.8998718261719,56.56696319580078,127.39418029785156,17.6058349609375,-30.584468841552734,21.508079528808594,37.47574996948242,11.289447784423828,-5.291165828704834,11.450201034545898,20.806989669799805,10.804710388183594,-1.7857136726379395,8.526098251342773,-4.6031646728515625,10.011734962463379,-4.048745155334473,9.644607543945312,5.238034725189209,8.5912446975708,-0.6428717970848083,11.207619667053223,2.8008627891540527,13.159927368164062,7.245894908905029,12.289751052856445,0.23423358798027039,0.2888880968093872,1526.560670734666,302.35521198744584,1499.533730708084,245.4223719116364,2915.6907025505516,706.9115397268462,0.10895172213622291,0.034075797115662526,0.029436051845550537,0.018885167315602303,25.66576018900082,5.932312215770717,0.07362919517820173,0.25040432512769417,71.77734375,classical
classical.00004.wav,-259.9622802734375,23.69776153564453,118.93238067626953,14.849672317504883,-35.606529235839844,11.943906784057617,31.99001693725586,7.980729103088379,-16.535491943359375,8.70619010925293,10.620697975158691,7.6514458656311035,-15.655911445617676,7.512692451477051,7.442337512969971,10.422863006591797,-5.810464382171631,9.81906795501709,8.26894760131836,9.840424537658691,-18.01859474182129,13.549738883972168,-1.199492335319519,12.694869995117188,-6.346673011779785,10.21375846862793,0.22157979011535645,0.29152682423591614,1705.7324266471087,261.06667781777855,1646.2565077961121,160.90475723300054,3176.230793766931,576.7221606352588,0.1128666644494969,0.028899650496700978,0.042288221418857574,0.014470084570348263,25.027090058140264,6.933371786544289,0.052586320865762905,0.19379892194922843,161.4990234375,classical
classical.00005.wav,-264.27740478515625,85.867431640625,138.1509246826172,17.895750045776367,-30.101551055908203,12.157341957092285,37.82422637939453,13.346635818481445,-7.180178165435791,9.769983291625977,6.782935619354248,10.405701637268066,-11.818900108337402,8.587263107299805,4.712040901184082,9.036574363708496,-9.843632698059082,7.9227752685546875,5.863747596740723,9.674312591552734,-9.573777198791504,7.4373779296875,2.670395851135254,9.264122009277344,-4.796442031860352,8.497777938842773,0.2685529291629791,0.28728702664375305,1431.542306293269,271.7511838947148,1558.4876922187395,197.78386696881077,2836.7578465133997,551.9697299823162,0.07523877406636997,0.024844285684220285,0.043250638991594315,0.02417982742190361,22.307126331473317,6.128511665342987,0.038698334457593346,0.17718914336435923,143.5546875,classical
classical.00006.wav,-295.7435302734375,63.19993591308594,134.53831481933594,17.551807403564453,-22.44930648803711,12.662532806396484,40.759246826171875,9.2525053024292,-5.875979900360107,10.863662719726562,9.276347160339355,8.346094131469727,-11.87594223022461,9.250022888183594,6.294928550720215,9.253325462341309,-8.86693000793457,7.55565881729126,4.406289100646973,8.757280349731445,-9.378152847290039,10.260676383972168,4.061379909515381,9.103245735168457,1.6256827116012573,9.695208549499512,0.26145097613334656,0.2917512059211731,1372.8214993768145,265.288146082964,1579.2639771327893,173.42544262814198,2738.0917764669603,562.011394486981,0.07292321739551083,0.02705190660333267,0.03322203829884529,0.01867123879492283,24.39386288989103,5.822689029771565,0.06023175166264919,0.2095131133347553,99.38401442307692,classical
classical.00007.wav,-286.86822509765625,88.5875473022461,135.91835021972656,23.042640686035156,-24.436616897583008,22.8973331451416,36.661170959472656,11.946353912353516,-6.245214462280273,12.452685356140137,6.962934494018555,8.431546211242676,-8.168272018432617,10.28665542602539,3.844066619873047,12.468167304992676,-4.398345470428467,9.340666770935059,6.432785511016846,10.229387283325195,-4.1305766105651855,9.077362060546875,1.5490412712097168,9.648564338684082,-4.352837562561035,8.300475120544434,0.2765798270702362,0.2958483397960663,1358.926260249797,360.8738840922913,1516.129630615493,219.3573204767039,2668.167199291312,718.4123615773287,0.07314694998065016,0.03391140494662343,0.040846772491931915,0.027783822268247604,22.870475931516253,5.979466361097444,-0.014550812729425332,0.21749757312381338,215.33203125,classical
classical.00008.wav,-292.1529235839844,69.75790405273438,127.76366424560547,15.905086517333984,-29.90902328491211,14.21649169921875,37.44208526611328,9.265356063842773,-9.556901931762695,10.604202270507812,5.113048553466797,8.800891876220703,-13.823928833007812,9.1927490234375,7.031728267669678,7.842540740966797,-7.032632350921631,9.681705474853516,6.492002487182617,9.856846809387207,-9.904400825500488,10.938634872436523,4.713663101196289,11.077510833740234,0.37483158707618713,12.841081619262695,0.2547597587108612,0.2902275025844574,1516.6480402419818,283.62841905057803,1629.285125800053,189.93508834691252,2974.0070165864454,555.3143361351715,0.07878788336880804,0.02557607948866742,0.03403140604496002,0.02145249769091606,23.717355979268486,5.747299228612526,0.06333931054539879,0.21480153816165176,135.99917763157896,classical
classical.00009.wav,-356.1439514160156,71.71113586425781,139.79286193847656,24.39646339416504,-6.286765098571777,14.90613842010498,43.18829345703125,8.685847282409668,-8.879337310791016,10.998919486999512,11.050313949584961,7.990543365478516,-8.393051147460938,8.400579452514648,4.418519973754883,7.451310157775879,-8.283711433410645,9.167978286743164,8.682831764221191,7.686221122741699,-8.135774612426758,7.696804046630859,3.4271080493927,7.932157039642334,-1.4406310319900513,8.996912956237793,0.27050480246543884,0.2869095504283905,1216.426225125279,348.01560233746665,1582.7629083386116,269.86829619498303,2560.8928479646383,831.9792159064397,0.05627025686919505,0.027762706946011736,0.0237893033772707,0.014141139574348927,24.074823049146136,5.041586078934466,0.06242791922006175,0.27041829769949804,234.90767045454547,classical
classical.00010.wav,-315.0445251464844,78.82072448730469,128.7392578125,16.097043991088867,-28.93490982055664,22.695783615112305,30.839513778686523,10.947213172912598,-8.996638298034668,12.096294403076172,7.990107536315918,11.710890769958496,-9.846988677978516,9.603297233581543,1.4414119720458984,11.591943740844727,-8.973623275756836,10.938057899475098,6.04984188079834,9.71845817565918,-3.320935010910034,12.785850524902344,7.609508037567139,12.583312034606934,3.7989611625671387,12.01180648803711,0.24500221014022827,0.29165518283843994,1497.076295694056,285.8733750039139,1570.274127936252,212.42297456054035,2868.049323964783,587.590732497675,0.08621640987809598,0.029107090512313603,0.029503611847758293,0.02023736573755741,22.75092841919929,6.287219452975161,0.004273651442320816,0.1933076807579116,103.359375,classical
classical.00011.wav,-385.265869140625,39.1724853515625,177.27786254882812,25.786624908447266,-9.337662696838379,13.589923858642578,24.373218536376953,11.953420639038086,5.805440902709961,8.020295143127441,-4.5630621910095215,8.732190132141113,-6.3569488525390625,7.164453983306885,-6.957894325256348,7.138526439666748,-4.127427577972412,7.490602016448975,3.858067274093628,9.853987693786621,-0.35820192098617554,10.492356300354004,-0.9461219310760498,7.15941858291626,-3.670559883117676,9.661243438720703,0.24491912126541138,0.2900278866291046,949.3765619854879,282.03179641613417,1112.0248096618204,248.94323462589242,1695.8730786208398,643.1465484973977,0.06072601223877709,0.019843547732726317,0.021498119458556175,0.008829222992062569,23.25677424945236,4.444690364558913,0.08360805846323742,0.24764404511906435,151.99908088235293,classical
classical.00012.wav,-362.7138671875,88.1220932006836,143.93861389160156,36.03944778442383,-18.981813430786133,22.635032653808594,30.657846450805664,10.200481414794922,1.0281466245651245,10.773711204528809,0.2848452031612396,8.611799240112305,-7.989743709564209,9.424715042114258,-3.8509774208068848,7.456153392791748,-8.944669723510742,10.812668800354004,3.249770164489746,9.823795318603516,-4.45463752746582,14.177531242370605,3.649625062942505,16.002214431762695,4.933547019958496,14.886146545410156,0.23568680882453918,0.29483166337013245,1179.9891396444557,351.40865389390973,1332.024770424303,250.54111373691904,2154.0036417013353,739.8409855586402,0.06593875471652477,0.027186188756531535,0.0314069502055645,0.024802040308713913,24.161496564546372,5.022165166630749,0.0886344503483674,0.2378130446676861,95.703125,classical
classical.00013.wav,-343.13555908203125,99.4501953125,140.08688354492188,40.621456146240234,-20.911033630371094,20.275577545166016,32.332191467285156,11.329876899719238,-3.686810255050659,12.38088321685791,2.9435577392578125,10.628594398498535,-10.669529914855957,9.321343421936035,0.3191030025482178,10.300848007202148,-5.784346103668213,12.295125007629395,7.688079833984375,13.070616722106934,-3.677107334136963,13.349732398986816,2.5538179874420166,10.936505317687988,-3.498067617416382,10.391634941101074,0.23204602301120758,0.28865891695022583,1388.2456582676334,466.537619089863,1456.5571823960315,298.0764660889051,2599.025950712316,869.543030976253,0.08088953354779412,0.031747940722815046,0.03172163665294647,0.02614963799715042,23.550969785258374,5.785291714541374,0.08770298168860553,0.22321367752176763,129.19921875,classical
classical.00014.wav,-324.63909912109375,74.36831665039062,147.82701110839844,26.29622459411621,-31.937816619873047,16.722747802734375,27.408855438232422,8.532541275024414,-4.508828163146973,12.112239837646484,-4.165104389190674,9.524630546569824,-12.588298797607422,9.479639053344727,-5.1182966232299805,8.35867977142334,-7.741826057434082,8.170491218566895,0.8432943820953369,8.812715530395508,-8.19558334350586,8.075335502624512,-0.8224470019340515,9.972502708435059,1.004500150680542,12.254137992858887,0.23408201336860657,0.28920117020606995,1279.5500532331514,313.7587308611754,1370.4138585933788,220.92385140398764,2389.4272181271767,621.2570220899805,0.0684731309258901,0.0223558617453509,0.03160187974572182,0.024393824860453606,22.892187006448246,5.070418988792302,0.06628998833862891,0.21583828789299397,143.5546875,classical
classical.00015.wav,-449.5143737792969,69.12053680419922,124.9736099243164,33.46620178222656,-19.919233322143555,13.81891918182373,27.45220947265625,14.403324127197266,-5.775595188140869,9.883562088012695,2.22729754447937,5.811452388763428,-6.552791595458984,8.896440505981445,10.601104736328125,11.754776000976562,3.3547377586364746,16.405454635620117,14.393793106079102,14.76377010345459,1.9887378215789795,17.82721519470215,5.250283718109131,14.197623252868652,4.426794528961182,11.980621337890625,0.2165992259979248,0.2900051772594452,1371.6170328582264,333.8912855213226,1562.0159889035801,251.68543595029684,2619.859158070095,783.579353360144,0.07575237640286378,0.025247409742965982,0.011429042555391788,0.009404382668435574,24.165352885454215,5.108440014061941,0.038283030650708816,0.18531523304319575,83.35433467741936,classical
classical.00016.wav,-482.6763610839844,69.16207885742188,154.86114501953125,15.831604957580566,-5.025981903076172,15.61114501953125,29.7376708984375,6.940351963043213,-1.868744134902954,12.503119468688965,8.22309684753418,6.264188289642334,-4.765954494476318,8.782181739807129,9.646514892578125,7.783006191253662,-3.3353898525238037,10.779233932495117,4.532223701477051,8.903474807739258,-10.103473663330078,11.398710250854492,-0.6667128801345825,8.559820175170898,-2.4448437690734863,8.532630920410156,0.2192428708076477,0.2914697825908661,1054.4585145386827,296.69483037621933,1455.4498536124795,222.01759168267535,1947.2048921850812,741.8915276736233,0.04766448880127709,0.02051896438803482,0.008008791133761406,0.004215550608932972,22.00699880325035,4.479191271005783,0.0388463675655066,0.23855223142758472,99.38401442307692,classical
classical.00017.wav,-311.51123046875,103.45421600341797,148.661376953125,28.461759567260742,-33.50911331176758,15.009830474853516,10.361734390258789,21.193954467773438,-12.907805442810059,11.600201606750488,1.232577919960022,11.270030975341797,-12.908660888671875,9.98352336883545,0.8045731782913208,7.327365875244141,-9.738698959350586,8.951146125793457,2.068979501724243,10.575189590454102,-5.106062889099121,12.095537185668945,6.744292736053467,11.589385986328125,4.615777015686035,13.83096981048584,0.25641191005706787,0.29341527819633484,1358.9070916597766,284.8635515532871,1417.5458835574248,284.4011250494888,2418.1770442809116,698.6711069107322,0.08111553369291796,0.01683376921716943,0.03737134858965874,0.032118428498506546,22.373514658697093,5.672166280069347,0.04041940938906086,0.19494459402926537,89.10290948275862,classical
classical.00018.wav,-405.68310546875,69.43644714355469,145.6948699951172,43.21150207519531,-0.8267259001731873,21.309505462646484,23.06764793395996,14.250133514404297,9.225309371948242,9.4481201171875,-2.6439385414123535,8.458722114562988,-5.7504730224609375,8.398377418518066,-2.091925621032715,12.754157066345215,-0.6470630764961243,10.331218719482422,6.7592291831970215,9.74364948272705,2.807607650756836,11.338133811950684,2.446449041366577,12.085509300231934,5.084671974182129,10.421929359436035,0.2391088455915451,0.290941447019577,1158.0012026973075,433.41540416572366,1320.9789237314496,385.9200128115209,2182.0034723901895,964.0384525099945,0.07066888484423374,0.028722749285277,0.018668027594685555,0.017893154174089432,23.55710093660597,5.052846066789648,-6.770571380461484e-05,0.20152564641152834,161.4990234375,classical
classical.00019.wav,-475.8676452636719,76.26588439941406,141.53086853027344,35.07636260986328,-8.475214004516602,21.723936080932617,33.9920654296875,8.135857582092285,0.5255779027938843,12.311651229858398,6.034852981567383,6.169825553894043,0.027931425720453262,9.52092170715332,9.537156105041504,14.577666282653809,2.1625168323516846,11.58169937133789,7.082098484039307,11.328316688537598,-8.048425674438477,12.625850677490234,-0.10827343910932541,10.901156425476074,0.7882739305496216,13.100597381591797,0.28404712677001953,0.3013096749782562,1184.5272815945475,427.01187874035253,1524.9012907885733,288.98743132622894,2289.252823868034,906.7354699337623,0.057591488486842105,0.03283759873780107,0.0079903369769454,0.0054650213569402695,22.003316485538246,4.985542136520062,0.029074252913685306,0.18879043120134145,95.703125,classical
classical.00020.wav,-300.94049072265625,73.23441314697266,161.0862579345703,30.167476654052734,-24.240718841552734,17.789514541625977,27.966188430786133,12.662731170654297,-2.862255334854126,11.39075756072998,2.387561798095703,8.519021034240723,-11.273426055908203,9.19810962677002,0.22528113424777985,9.271485328674316,-6.841876983642578,8.38987922668457,6.094607353210449,8.755846977233887,-8.138311386108398,10.722331047058105,-1.8053258657455444,11.296333312988281,-4.110150337219238,11.159517288208008,0.2689726650714874,0.2908627390861511,1218.4372978528554,325.77606034719287,1353.7509040158095,280.9265364918065,2295.311120567676,684.9864910773482,0.0698128809500774,0.022786719160019932,0.038409098982810974,0.02270369976758957,22.987973951717336,5.665139079224974,-0.013906966574125575,0.21754644154198957,143.5546875,classical
classical.00021.wav,-278.2295227050781,97.17176055908203,147.87562561035156,26.14560890197754,-31.567955017089844,13.86690902709961,20.352279663085938,11.468008041381836,-9.582643508911133,10.40839958190918,-6.244678974151611,12.933868408203125,-13.601203918457031,10.576282501220703,-0.6661553382873535,10.89278793334961,-7.27447509765625,8.767230987548828,1.0198700428009033,10.433296203613281,-11.7584810256958,9.209607124328613,-0.9619851112365723,8.602914810180664,-2.216409206390381,11.893468856811523,0.26681941747665405,0.28917190432548523,1371.3696318927568,328.8508256381223,1440.9709987339681,280.15395747869934,2570.159458597378,730.4832401423996,0.07956679022349071,0.02358068311481835,0.0454455241560936,0.03885161131620407,22.034722747167592,5.735011539154717,-0.027120872589334395,0.18584023054913196,135.99917763157896,classical
classical.00022.wav,-278.7824401855469,98.63414764404297,160.0192413330078,21.534770965576172,-28.39898109436035,20.81770896911621,23.062633514404297,11.795047760009766,-2.6952755451202393,13.96142864227295,3.009983777999878,7.698495388031006,-11.293975830078125,9.379416465759277,-0.5086696147918701,7.2544379234313965,-11.364047050476074,9.342339515686035,3.173475503921509,6.769911766052246,-5.1071953773498535,9.78935718536377,4.339189052581787,8.474869728088379,-4.070891380310059,8.018080711364746,0.2762817144393921,0.2939360439777374,1211.2151185706325,237.6698223994307,1367.1077107608928,236.57830003290127,2237.4698036595396,556.1358440663652,0.06844629813273993,0.019861194716400292,0.0478903129696846,0.029766062274575233,22.39381597375026,5.470089056593006,0.00759697784730198,0.1909834068051816,107.666015625,classical
classical.00023.wav,-406.9654235839844,57.571083068847656,163.13946533203125,14.830392837524414,-2.4138152599334717,20.33570098876953,32.45665740966797,9.261006355285645,7.907837867736816,9.788002014160156,9.677142143249512,7.743164539337158,-5.489042282104492,8.692644119262695,9.523496627807617,6.080557346343994,-3.1028213500976562,6.098313808441162,10.209687232971191,7.132479667663574,-10.385391235351562,9.625157356262207,-5.386708736419678,9.294524192810059,-8.08006477355957,9.332828521728516,0.2671792805194855,0.2974366247653961,983.7618406456091,216.91170786306432,1404.1321893997351,156.64202596276715,1852.522131385449,541.0915657450415,0.044227245791408666,0.01860499920108992,0.01712404377758503,0.006708358880132437,23.260043055156746,4.658225140004396,0.007485767606679594,0.2785887984279201,95.703125,classical
classical.00024.wav,-223.17724609375,44.22641372680664,163.24624633789062,17.95701789855957,-34.41622543334961,7.768887519836426,24.187868118286133,7.982314586639404,-10.304306983947754,9.194963455200195,3.2287347316741943,8.435914039611816,-12.88459300994873,7.6105055809021,0.8050692081451416,8.649627685546875,-14.284255027770996,7.9948320388793945,1.6726216077804565,9.227997779846191,-10.143485069274902,7.932738780975342,0.24415677785873413,8.944719314575195,-4.54510498046875,8.256413459777832,0.2533399760723114,0.2901604473590851,1253.1322234388265,240.80885651875533,1371.33660933005,216.4204051508635,2293.0278010412635,526.6830070388905,0.07164771490421827,0.01783729838692586,0.06666339933872223,0.023640913888812065,23.353372822821274,5.768744268328552,0.011453814090678164,0.18208542950841275,151.99908088235293,classical
classical.00025.wav,-221.283447265625,29.68291473388672,173.33663940429688,19.587770462036133,-37.45654296875,8.998147010803223,24.36245346069336,6.0446457862854,-8.687613487243652,6.822717666625977,3.385791778564453,7.179189205169678,-12.841176986694336,6.198567867279053,1.0815359354019165,6.649534225463867,-15.328134536743164,7.48602294921875,0.4232371747493744,8.160199165344238,-9.623608589172363,8.153928756713867,2.292809009552002,8.81217098236084,-4.4855637550354,7.98990535736084,0.29736655950546265,0.29016050696372986,1184.0658218421831,232.7815987294623,1304.6126692322398,179.28729584931267,2139.1537314967104,449.6421613234719,0.068293993687113,0.01962350056743968,0.06411320716142654,0.022784221917390823,21.752106837157385,5.8662867189446235,0.033738222551523256,0.16942368087942405,129.19921875,classical
classical.00026.wav,-319.3323669433594,97.26001739501953,143.66473388671875,26.08313751220703,-31.164365768432617,22.293245315551758,10.90886402130127,19.36110496520996,-5.553890228271484,12.30908203125,-4.265030860900879,11.208622932434082,-8.952561378479004,7.496965408325195,-5.583489894866943,10.867023468017578,-8.020538330078125,9.449689865112305,2.3426132202148438,9.986214637756348,-4.477271556854248,11.186441421508789,-0.31978708505630493,9.35350513458252,0.9748613834381104,8.886359214782715,0.24567784368991852,0.28997984528541565,1278.574558748878,259.36629765563447,1311.8194362471925,231.36169678407262,2233.2198293585525,578.6704298649663,0.08174818292859908,0.020760958224874865,0.038869526237249374,0.03529014065861702,23.55709110217236,5.344320985708383,0.0977756680181406,0.21856122057334337,161.4990234375,classical
classical.00027.wav,-366.25018310546875,63.74678421020508,181.59939575195312,12.104140281677246,-5.526270389556885,17.974042892456055,27.008371353149414,9.428390502929688,-4.832132339477539,11.003344535827637,4.610715389251709,9.588155746459961,-10.542601585388184,7.115431308746338,0.16762113571166992,6.919239044189453,-11.139511108398438,9.728757858276367,3.584805965423584,7.097358703613281,-10.332783699035645,7.953588962554932,-1.0784337520599365,9.426802635192871,-4.5973076820373535,9.791808128356934,0.24073408544063568,0.2891390919685364,901.7856877463795,165.5821813848802,1171.7473217395366,162.05666989653335,1456.6161920411669,358.664726630129,0.05344941224845201,0.016686287337482238,0.028412971645593643,0.014405326917767525,23.43760261831958,4.693363281722519,0.08142733633666352,0.2749236115454241,135.99917763157896,classical
classical.00028.wav,-228.95733642578125,56.02126693725586,153.97128295898438,30.00583267211914,-30.685277938842773,17.450265884399414,20.812599182128906,11.434199333190918,-6.080230236053467,12.162863731384277,1.1724141836166382,8.84266471862793,-10.788690567016602,10.451924324035645,-3.8824687004089355,10.123510360717773,-11.589583396911621,7.879634380340576,0.8821475505828857,8.91988468170166,-8.279237747192383,9.892704010009766,-0.7267746329307556,7.956346035003662,-3.1044507026672363,10.223055839538574,0.26292380690574646,0.2900417745113373,1313.7853629984959,377.3277156305676,1371.0449454528034,303.0767314922397,2397.4188364696206,761.4307643326928,0.08109777113970588,0.026372057899122735,0.06258048862218857,0.025580761954188347,23.116422222611227,6.2981616239712235,0.08556602877580363,0.19632315390178967,161.4990234375,classical
classical.00029.wav,-297.24658203125,113.73656463623047,130.2744140625,39.470130920410156,-30.589977264404297,18.207555770874023,27.486968994140625,9.135746955871582,-7.05499267578125,13.620755195617676,1.9900561571121216,11.285406112670898,-11.125770568847656,10.388919830322266,4.752086162567139,8.38534927368164,-8.77153491973877,12.096818923950195,5.415232181549072,10.344419479370117,-5.375332832336426,15.567999839782715,4.464271545410156,12.727703094482422,1.7346497774124146,13.581857681274414,0.24696631729602814,0.2873619794845581,1558.898531652357,428.58577668850035,1578.5925974537613,262.84429829869117,2922.2156630950076,813.5381150881905,0.09221523981714397,0.03377849208937967,0.04157528653740883,0.034915193915367126,23.0796863989754,6.13604788952566,0.058247396912845875,0.18417236406503776,135.99917763157896,classical
classical.00030.wav,-315.6780700683594,62.75063705444336,149.6684112548828,22.512964248657227,-30.59499168395996,20.661766052246094,23.221498489379883,7.515122890472412,-8.69983196258545,15.194666862487793,-10.104395866394043,7.372256755828857,-15.733573913574219,9.323766708374023,-4.047280788421631,8.529318809509277,-7.652163028717041,9.84949016571045,0.046231769025325775,8.562348365783691,-11.14389705657959,7.305596351623535,-7.670450210571289,8.478269577026367,-5.870634078979492,7.959646701812744,0.2783278822898865,0.29418429732322693,1243.720620928661,359.31982183057045,1358.6088246693332,240.30938173813632,2353.2857700029026,698.7859047702765,0.06372448239164087,0.029303900200503653,0.029729722067713737,0.016558242961764336,22.03099674869034,5.671926358510967,0.0029310140316271814,0.18598378940806173,117.45383522727273,classical
classical.00031.wav,-374.00750732421875,76.01885223388672,172.44232177734375,23.2193660736084,6.4029860496521,25.447521209716797,20.150894165039062,12.064784049987793,5.85180139541626,16.452577590942383,1.5909552574157715,9.8136625289917,-6.710564136505127,8.617877006530762,-1.1913427114486694,8.731193542480469,-0.2905022203922272,9.518671035766602,0.33312535285949707,8.863994598388672,-6.551819801330566,8.39721965789795,-7.30025053024292,7.834809303283691,-7.328371524810791,8.536195755004883,0.3031798005104065,0.2992760241031647,822.4267361319853,261.0264942817495,1135.925475390758,258.3197640867675,1434.199660924197,622.4557253506229,0.03945743336397059,0.01674844738108833,0.026797184720635414,0.018498947843909264,19.380102998787173,5.0673161447816035,0.028197459248795333,0.1409627422718104,112.34714673913044,classical
classical.00032.wav,-498.6087341308594,42.52042007446289,177.5231170654297,11.80126667022705,11.209715843200684,10.041284561157227,27.63433074951172,6.966095447540283,-2.8418262004852295,8.16880989074707,5.090956211090088,6.353526592254639,-6.604384899139404,8.108809471130371,-1.0570544004440308,6.113101005554199,-4.14449405670166,7.3173980712890625,-3.053373336791992,6.237638473510742,-9.909939765930176,6.577808856964111,-8.573807716369629,5.666009902954102,-9.189356803894043,5.672811031341553,0.2831994593143463,0.2919764518737793,792.835553815877,122.45874764722852,1205.092938566625,154.86719040707013,1207.3843657785894,319.8806721218103,0.03658178937693499,0.00790711298731181,0.008043456822633743,0.0045761046931147575,21.403258754960255,3.793760048203071,-0.14229523649409836,0.21646629813494478,103.359375,classical
classical.00033.wav,-429.1031494140625,85.57512664794922,120.74545288085938,38.13243103027344,-1.6823533773422241,26.294857025146484,17.948558807373047,8.515739440917969,7.733590602874756,12.704639434814453,-2.0437235832214355,8.286892890930176,-3.941744089126587,10.767313003540039,-2.5360469818115234,9.085038185119629,-0.5834435820579529,7.642754554748535,-0.7965371608734131,7.482352256774902,-9.05119800567627,9.067344665527344,-3.689939022064209,10.347820281982422,-0.9829521179199219,13.519078254699707,0.3039742410182953,0.2988643944263458,1128.3232351038566,353.4159121050584,1375.9555481090667,287.0510829826349,2165.7952370658377,797.168170539471,0.05439309512867647,0.026061950193007825,0.01235747430473566,0.013662231154739857,21.816765909959503,5.182988797901417,-0.014644943575847025,0.2177573323963689,95.703125,classical
classical.00034.wav,-309.2428283691406,67.83445739746094,138.64112854003906,31.242216110229492,-29.713258743286133,17.57878303527832,33.6187858581543,9.51519775390625,-0.3782573640346527,12.401484489440918,5.243738651275635,8.120954513549805,-6.33231258392334,8.758801460266113,3.280733108520508,9.035629272460938,-6.714090824127197,13.190251350402832,-0.6922032237052917,10.695897102355957,-13.243885040283203,9.561955451965332,-8.528504371643066,11.850834846496582,-9.668246269226074,11.074915885925293,0.2740989625453949,0.30155491828918457,1369.6932279666041,417.0255351034384,1465.917051580696,223.89394082055958,2655.325610275977,739.0680647502878,0.07356796028444272,0.03843068134215851,0.038916073739528656,0.0259420033544302,24.762425892451507,5.844254838183798,0.0572061959567126,0.2127811517854694,123.046875,classical
classical.00035.wav,-319.7822265625,75.2149429321289,165.987548828125,31.605148315429688,-11.918571472167969,33.4439697265625,27.24034309387207,13.255021095275879,7.843559741973877,14.696087837219238,1.7273006439208984,8.75528621673584,-7.8498430252075195,10.277400970458984,-2.4120852947235107,7.696459770202637,-2.9088757038116455,9.182564735412598,-2.53113055229187,8.312676429748535,-11.365740776062012,7.290683746337891,-4.613610744476318,10.35894775390625,-4.487358570098877,9.024871826171875,0.31925109028816223,0.30039864778518677,1016.4245653368089,514.3906805345878,1152.1288725873783,325.89513754517975,1823.9389708905767,968.4573217691483,0.06115495900251548,0.04509209441692387,0.04057171195745468,0.02530573308467865,20.710251735745857,5.519042566739526,-0.006876365452976747,0.14474362188631876,151.99908088235293,classical
classical.00036.wav,-419.2631530761719,62.92173385620117,127.44508361816406,38.12815856933594,-3.7823565006256104,17.608491897583008,23.20021629333496,12.667865753173828,-4.334699630737305,15.820027351379395,4.030427932739258,11.094921112060547,-8.209102630615234,12.717284202575684,-7.618860721588135,6.744512557983398,-7.075688362121582,8.374415397644043,-2.9239513874053955,6.524456977844238,-7.409897804260254,7.68444299697876,-5.437335968017578,6.996785640716553,-9.099494934082031,7.1695332527160645,0.23929829895496368,0.2984120845794678,1281.8143785370296,549.7314682383555,1502.891671249433,365.3572648673142,2440.3352436266446,1242.0561679321002,0.059410449521091334,0.03403219520639835,0.016008371487259865,0.013771899044513702,22.206058065944198,5.5442670931419125,-0.0013992284785279072,0.20084563114162052,107.666015625,classical
classical.00037.wav,-275.3759765625,75.78277587890625,125.30792999267578,31.91333770751953,-41.05128860473633,22.574434280395508,24.607311248779297,11.121089935302734,-4.788928508758545,15.463168144226074,-4.253849029541016,9.648923873901367,-15.021034240722656,12.600725173950195,-5.0450921058654785,9.09521484375,-5.001837253570557,10.508977890014648,2.47305965423584,10.025824546813965,-10.89470100402832,7.282058238983154,-8.017638206481934,8.803115844726562,-5.166378498077393,10.476263999938965,0.2842068076133728,0.2956913709640503,1534.2936138496057,432.9136369364544,1465.0945248545156,235.41868450580685,2838.866167098007,741.4885175235808,0.09395219076528638,0.041684950558959065,0.04150091111660004,0.03024987317621708,23.05992587436883,6.5144674459601255,0.02016021920998032,0.18697832392629968,161.4990234375,classical
classical.00038.wav,-276.0390319824219,81.12983703613281,146.35081481933594,22.071636199951172,-36.59162139892578,19.410446166992188,24.200796127319336,16.05877685546875,-2.5551605224609375,12.85519027709961,-2.1697466373443604,9.42829418182373,-13.303984642028809,9.734208106994629,-6.504971027374268,8.914924621582031,-9.398983001708984,8.494043350219727,-3.12747859954834,7.779223918914795,-11.537067413330078,8.17574405670166,-4.187116622924805,7.932521820068359,-1.6895955801010132,10.408102989196777,0.294544517993927,0.29681694507598877,1279.1711367505459,303.7388831371497,1338.798092648235,222.01556098306847,2377.393957557324,596.323693958244,0.07583589819562693,0.027410949495412788,0.04430226981639862,0.0330563522875309,22.74636847555643,6.04816346335173,0.03715827744177477,0.16994108835366503,151.99908088235293,classical
classical.00039.wav,-409.5344543457031,83.79934692382812,116.80004119873047,25.370046615600586,-16.16423225402832,18.903772354125977,11.717684745788574,11.234386444091797,0.7060146927833557,16.457908630371094,6.006948947906494,10.68999195098877,-4.27445650100708,13.270807266235352,0.49547669291496277,9.488323211669922,0.4338904321193695,12.619709968566895,12.597705841064453,13.211487770080566,-1.114098310470581,10.04870319366455,-1.1403231620788574,11.841402053833008,4.957851886749268,12.600515365600586,0.27088746428489685,0.3085929751396179,1633.409673177342,419.6947498130137,1734.7827973318551,284.42768234540273,3161.49754952351,938.1993401173291,0.10895928066950464,0.04868762034542661,0.012813881039619446,0.014808692038059235,22.227815012547275,6.830948563164407,-0.01117050679559065,0.12759330565674737,161.4990234375,classical
classical.00040.wav,-358.65673828125,75.19103240966797,129.0874786376953,26.66257095336914,-30.397640228271484,25.43528938293457,19.889530181884766,11.00007438659668,-10.386380195617676,14.371384620666504,-0.6520450115203857,9.954700469970703,-10.61114501953125,11.260002136230469,1.5420540571212769,8.145607948303223,-3.975386381149292,11.13129711151123,1.8689039945602417,8.565055847167969,-8.833539962768555,8.706562995910645,-7.167654514312744,7.808078765869141,-8.21275806427002,8.140320777893066,0.25055691599845886,0.29898786544799805,1396.6924270627298,295.2573149663004,1525.255382611543,259.3793401321198,2652.8339586759867,695.8411401442927,0.0726431737374226,0.024683341343449048,0.01974106952548027,0.012951960787177086,23.513594372738034,5.283867213755596,-0.039056224423916715,0.16920513371043017,107.666015625,classical
classical.00041.wav,-368.4659423828125,72.15291595458984,124.2659912109375,21.629175186157227,-31.582448959350586,20.65251350402832,17.601762771606445,13.373006820678711,2.3229305744171143,13.160085678100586,-5.949597358703613,9.190217018127441,-11.807772636413574,14.900532722473145,-5.547481060028076,11.172136306762695,-5.4078874588012695,11.906998634338379,-1.3051713705062866,6.199676990509033,-8.4271821975708,7.711831569671631,-3.613823890686035,11.45871353149414,2.206169366836548,14.411744117736816,0.26820534467697144,0.28907567262649536,1329.2649559947513,331.4873352767407,1415.4533805033204,202.12642987529355,2462.0767788252224,605.6506452258146,0.07881698372194272,0.03388347577314894,0.02129671350121498,0.02427693083882332,23.59286218265452,4.945240392785789,0.029400837018596207,0.17555505230225285,123.046875,classical
classical.00042.wav,-160.3394317626953,49.43498992919922,164.12074279785156,22.041996002197266,-48.875038146972656,13.550400733947754,1.5913547277450562,10.599275588989258,-7.591043949127197,9.999975204467773,-2.6314709186553955,5.784885406494141,-11.077547073364258,5.689655303955078,-7.027632713317871,6.08801794052124,-8.120848655700684,6.327908515930176,1.2311882972717285,6.593555927276611,-5.4963483810424805,7.132787227630615,-4.2221760749816895,6.7803635597229,-5.458137035369873,7.732041358947754,0.2617236375808716,0.2898736596107483,1327.3486451321814,190.00540445900003,1326.8652104399382,185.2863116368049,2172.5785293815306,413.7550622099973,0.09385279605263158,0.01677223465770365,0.13462316989898682,0.05206852778792381,21.24456611047998,4.866939446733101,0.09611172928074427,0.22835973588625197,198.76802884615384,classical
classical.00043.wav,-249.5494384765625,60.32469940185547,161.568359375,23.971860885620117,10.129533767700195,26.695524215698242,-3.0705642700195312,12.868138313293457,-0.5965175628662109,8.815237998962402,-2.0836586952209473,7.239954471588135,-12.1917724609375,7.8038330078125,-8.601490020751953,7.625510215759277,-14.638914108276367,6.826169013977051,-12.049384117126465,7.329704761505127,-12.30034065246582,6.743351936340332,-7.174556732177734,7.681367874145508,-7.891678810119629,6.591017246246338,0.19094546139240265,0.2861749529838562,1063.472218094083,346.25638226495386,1552.579922603203,405.3651187423079,1611.1902573529412,1051.9943054536234,0.051040885618227554,0.015022984776564684,0.11537951976060867,0.05400525778532028,20.710731509007413,5.813339276068265,-0.004352354532045981,0.3104596869342213,129.19921875,classical
classical.00044.wav,-402.2223205566406,53.86961364746094,154.00491333007812,35.924163818359375,-15.21134090423584,17.9235782623291,15.294041633605957,14.164407730102539,-3.0777785778045654,11.807538032531738,-3.1944375038146973,11.682124137878418,-9.778081893920898,12.952622413635254,-17.31020736694336,12.160234451293945,-12.306560516357422,11.657649993896484,-7.914642333984375,13.179389953613281,-7.08275842666626,11.217358589172363,-0.28117215633392334,11.540145874023438,1.5458186864852905,11.036702156066895,0.2520444691181183,0.29316970705986023,1181.5125561645536,338.8891921092046,1412.1789063254485,311.41771388625114,2032.8127078596654,754.756606326859,0.07170553768382353,0.023317832895559783,0.01792784593999386,0.006688528694212437,23.747696165593776,5.8760877316734375,0.03353419200138035,0.2661200832932692,80.74951171875,classical
classical.00045.wav,-170.8865966796875,40.53914260864258,157.0391387939453,15.83095645904541,-21.966075897216797,12.566793441772461,5.244653701782227,13.700550079345703,-4.092411994934082,10.543253898620605,-3.6912691593170166,8.863886833190918,-8.810494422912598,9.324373245239258,-4.857596397399902,9.313516616821289,-7.874581813812256,10.202620506286621,-5.411010265350342,9.78480339050293,-9.373977661132812,11.033792495727539,-6.6236138343811035,9.379203796386719,-7.811285972595215,9.54101276397705,0.23626498878002167,0.2898743152618408,1175.9242233254756,158.62869142800406,1502.8373915929649,175.79446221003136,1901.2301701879353,316.61890614323363,0.0622955416747291,0.01595353380720437,0.1385897547006607,0.041810084134340286,20.887055741080577,4.980245697783814,0.047832654372278766,0.22732793831493145,184.5703125,classical
classical.00046.wav,-85.2649917602539,23.495532989501953,118.42305755615234,19.340320587158203,-31.47277069091797,8.538050651550293,20.282014846801758,6.206902980804443,-4.4177093505859375,7.177977085113525,6.922597408294678,6.532241344451904,-10.950942039489746,5.563885688781738,-1.6200851202011108,5.13870096206665,-7.367900848388672,5.21524715423584,-3.0172998905181885,6.808186054229736,-4.437200546264648,5.303768157958984,-1.4064465761184692,6.64655065536499,-4.246368885040283,6.011072635650635,0.34679076075553894,0.2804078757762909,1878.7740300458224,292.8625081241966,1965.0287149176995,230.78355661203827,3634.0696919444176,684.9376592806194,0.11161308170472137,0.024523604342587654,0.11510277539491653,0.018945395946502686,18.892742416095693,3.855555993309407,-0.013245879184744055,0.12848397542569667,129.19921875,classical
classical.00047.wav,-436.84234619140625,61.47122573852539,154.1132049560547,12.862138748168945,-19.859338760375977,13.250343322753906,20.183603286743164,12.203993797302246,3.1647443771362305,9.853063583374023,0.4463924169540405,8.435409545898438,-6.530638694763184,6.73192024230957,-4.60333776473999,5.977683067321777,-10.056252479553223,7.657986640930176,-6.153286933898926,8.138779640197754,-4.52944278717041,8.229689598083496,-2.7835943698883057,7.565028667449951,-5.235320091247559,7.6555070877075195,0.25846490263938904,0.28680408000946045,1173.9310654516082,154.1681107547047,1517.8561599088844,125.41336128584499,2083.120736987229,395.3899375004881,0.06632537369388544,0.02050126321870578,0.009494158439338207,0.005269680637866259,21.585652319709087,4.64265222554336,0.040748307659022306,0.24243719502261035,123.046875,classical
classical.00048.wav,-123.7633056640625,93.70572662353516,148.4300079345703,50.09779357910156,-21.551395416259766,20.534021377563477,17.444747924804688,14.92601490020752,-1.4088040590286255,10.790069580078125,4.178294658660889,10.603056907653809,-6.990444660186768,6.640412330627441,-5.103336334228516,7.828106880187988,-5.795700550079346,8.725031852722168,5.063121318817139,7.46403694152832,-6.247765064239502,6.257082939147949,-1.9818286895751953,7.119670867919922,-0.96844083070755,7.337266445159912,0.29686394333839417,0.28627288341522217,1516.0858565701667,741.4495359555699,1642.8335042267165,516.658984670165,2771.5582407664956,1581.8773318771566,0.087271581124226,0.04285851887226305,0.16088607907295227,0.056367259472608566,20.355448141707583,4.590344318454498,-0.01766437167377135,0.18324877516165222,172.265625,classical
classical.00049.wav,-98.35357666015625,58.76277542114258,98.35549926757812,23.708696365356445,-20.49053192138672,11.123619079589844,18.82003402709961,11.126567840576172,-2.095781087875366,7.019292831420898,2.665036916732788,5.511250972747803,-7.311517238616943,6.156050682067871,-3.590113639831543,5.338572025299072,-7.989523887634277,5.832286357879639,-1.9183743000030518,6.70001745223999,-4.731997013092041,7.774080276489258,0.6237758994102478,6.05097770690918,-2.5930845737457275,6.295280456542969,0.3116151988506317,0.28525736927986145,2224.8938399288413,581.4579951465357,2274.325029414401,319.6861715080932,4467.456319236165,1274.59223572557,0.10944642813951239,0.034268275734998674,0.12373418360948563,0.06352612376213074,17.729546854500754,4.053274031865829,0.08267334624673199,0.135120639856714,103.359375,classical
classical.00050.wav,-449.6217956542969,67.8820571899414,151.5031280517578,21.33365249633789,-12.74668025970459,11.529977798461914,44.270389556884766,6.742249011993408,6.244759559631348,6.1938371658325195,4.053897857666016,4.562885761260986,-1.4805392026901245,5.538679122924805,-1.624076008796692,6.128331661224365,-2.486776828765869,5.407415866851807,-4.28238582611084,4.387183666229248,-9.653202056884766,4.676156520843506,-1.3421047925949097,5.030031204223633,0.14638365805149078,6.9201226234436035,0.2861015796661377,0.2903406322002411,1170.1422672261847,220.5842733661566,1595.6359965659155,229.6935974576805,2360.427393485149,487.7458802548013,0.049492898002128485,0.014757405439662058,0.007965068332850933,0.004078956786543131,19.448065286730646,4.1448608023021585,-0.07113373151346819,0.23013669701043313,107.666015625,classical
classical.00051.wav,-230.27236938476562,168.08978271484375,119.15338134765625,33.985755920410156,-1.0512211322784424,32.913143157958984,28.38448715209961,9.796866416931152,10.008779525756836,11.764701843261719,16.125822067260742,8.610857963562012,4.793945789337158,8.146454811096191,6.192378520965576,6.004945278167725,0.9515958428382874,5.83386754989624,5.915186882019043,6.395124435424805,-1.1755236387252808,7.4410200119018555,3.5739166736602783,6.33303165435791,-2.09965443611145,6.271151542663574,0.3814571797847748,0.2928588092327118,1527.645526264714,482.0758212352385,2079.667989385167,442.93162013164726,3220.8305240784634,1235.0591897737131,0.06010507872968266,0.04002613091891299,0.08052823692560196,0.05630094185471535,16.861679159963362,4.1662647102178365,0.010626127985584342,0.12466932608599592,135.99917763157896,classical
classical.00052.wav,-186.42808532714844,97.6783676147461,86.65457153320312,30.49473762512207,-15.711971282958984,24.351680755615234,14.741791725158691,10.513692855834961,-2.215897798538208,9.936601638793945,6.271489143371582,10.112262725830078,-0.8879222869873047,6.292511463165283,0.6650469303131104,7.085171222686768,-6.088321685791016,10.959651947021484,-5.213674068450928,13.525153160095215,-7.865933418273926,12.478253364562988,-1.7187316417694092,9.298866271972656,-4.704501628875732,10.111992835998535,0.3880297839641571,0.2931462824344635,2411.9327529379098,649.0895646716789,2436.324834166332,446.7857665205746,4994.561465236794,1484.226326582936,0.12697013169988391,0.04829672070558114,0.05548110976815224,0.035853125154972076,18.18573368933373,4.485092011980295,-0.004306491591897601,0.11820216806939483,161.4990234375,classical
classical.00053.wav,-119.30437469482422,69.17157745361328,149.57778930664062,30.344839096069336,-43.31768035888672,15.380595207214355,24.636247634887695,11.208683967590332,-5.6093878746032715,10.697909355163574,10.784379005432129,7.976640701293945,-2.8926939964294434,8.324080467224121,0.7833024263381958,6.416740894317627,-6.545638561248779,6.798346519470215,4.3880391120910645,5.9120917320251465,-1.2940493822097778,6.2541656494140625,1.360091209411621,6.54152250289917,-1.0813606977462769,5.514501571655273,0.3047126829624176,0.28129440546035767,1465.595382672086,341.42284973894107,1554.8186019545137,308.3245468378736,2749.3833748548764,764.4637144303014,0.0879189694998065,0.023161765649490348,0.13980983197689056,0.05474278703331947,20.435379713724085,4.082780789524085,0.04461602071123008,0.16642055983839701,215.33203125,classical
classical.00054.wav,-106.22087860107422,60.3068733215332,127.37078094482422,27.17829704284668,-45.2861328125,16.46364974975586,31.2772159576416,12.553714752197266,4.305440902709961,20.884368896484375,-5.068432331085205,10.76638412475586,-16.129375457763672,15.847610473632812,14.690695762634277,17.376440048217773,-7.912097454071045,11.694709777832031,-1.2216625213623047,16.7534236907959,2.9819393157958984,18.008573532104492,17.464767456054688,17.25335121154785,-4.0720086097717285,16.215316772460938,0.31949472427368164,0.30416592955589294,1712.466255822982,331.59479339003,1607.5252142235886,222.75058787556324,2833.499532882643,633.7709386120484,0.11627820844620743,0.037706937818910005,0.17533352971076965,0.04645983874797821,21.72311159563462,7.052579734538674,0.02905185503411373,0.15324955853608885,95.703125,classical
classical.00055.wav,-484.0267028808594,67.17221069335938,144.12989807128906,40.28453826904297,1.39647376537323,21.887590408325195,8.075530052185059,11.581207275390625,4.933926105499268,10.759542465209961,-2.3170042037963867,7.502871990203857,-2.746943712234497,6.861934185028076,-6.84481143951416,6.562997341156006,-10.147136688232422,7.649590492248535,-8.056598663330078,8.592765808105469,-7.151670455932617,7.745554447174072,-10.563925743103027,8.140018463134766,-7.7874321937561035,10.739890098571777,0.1864788681268692,0.28677722811698914,1079.9035739320498,382.2602507167906,1389.265570149217,424.7485596424717,1764.9809940680632,838.9628303367709,0.059341288941563465,0.022818711278692897,0.01304979994893074,0.010620828717947006,22.239909391622668,6.0899500904218975,-0.030819596778684767,0.27398900831140377,78.30255681818181,classical
classical.00056.wav,-81.13433074951172,52.1185188293457,129.09852600097656,19.350820541381836,-42.534828186035156,11.768620491027832,33.17631149291992,10.785626411437988,5.66361665725708,10.065049171447754,-6.402249813079834,9.877771377563477,-2.261098861694336,9.73952579498291,7.373443603515625,9.345614433288574,-18.71800994873047,8.042648315429688,2.4979705810546875,6.683277606964111,3.7862801551818848,8.56894588470459,1.9323545694351196,6.91207218170166,-10.066779136657715,7.679320335388184,0.3128756880760193,0.2804073393344879,1680.101088819283,306.6915082171124,1706.9703104342384,230.3214942909421,3077.8397220576144,608.6366387180494,0.09672579455301858,0.02628483352505931,0.18984760344028473,0.06037822365760803,21.085813178825564,4.088431307927146,0.10850976360664821,0.26248806578319267,95.703125,classical
classical.00057.wav,-367.15606689453125,94.20730590820312,112.80696105957031,37.93873977661133,-18.74736785888672,19.76681137084961,10.16273021697998,15.139976501464844,-1.6047247648239136,9.945834159851074,3.8029539585113525,8.345478057861328,0.9223539233207703,8.43238639831543,5.0671491622924805,9.078248023986816,-5.372570514678955,13.131613731384277,-9.522553443908691,12.84586238861084,-8.495644569396973,9.464929580688477,-1.7838282585144043,10.102590560913086,1.299131989479065,13.36096477508545,0.2538497745990753,0.2979232966899872,1751.7302668488421,623.2305550134545,1930.4928791166583,426.6465856884296,3236.6554283874325,1427.3778536012207,0.09525792738970588,0.04080153757116091,0.016770323738455772,0.009566412307322025,20.521446806761325,5.557950210170787,0.038063222450558064,0.20562725977134447,107.666015625,classical
classical.00058.wav,-349.95245361328125,41.93540573120117,161.8511199951172,18.33833885192871,-3.3711888790130615,16.414098739624023,14.167043685913086,8.70903205871582,5.733972072601318,7.5046281814575195,3.5160558223724365,7.559432029724121,2.9774911403656006,7.545317649841309,-7.090641975402832,8.539814949035645,-7.917532444000244,9.78661060333252,-0.3646009564399719,12.83028507232666,2.849557876586914,10.136750221252441,-2.481045722961426,9.863011360168457,-6.791949272155762,11.943970680236816,0.26571419835090637,0.29625657200813293,1137.9529528789749,183.55103393997462,1480.584417430825,252.0302677213133,1821.2139873681792,469.4563219368383,0.08186836360777863,0.02628212605128485,0.02998761273920536,0.011119148693978786,23.957754742813123,6.135249375122241,0.10480838870882773,0.21889192742292674,143.5546875,classical
classical.00059.wav,-197.15272521972656,75.0091323852539,137.3531036376953,24.6260929107666,-34.18893051147461,20.408998489379883,25.36216163635254,9.278474807739258,-5.266596794128418,6.783510684967041,-2.777787923812866,6.565134048461914,-9.506929397583008,6.02324104309082,-7.609987258911133,6.285130023956299,-7.6446852684021,6.96697998046875,-5.667839527130127,6.499182224273682,-4.386776447296143,7.23615837097168,-5.430217266082764,7.118084907531738,-3.5417912006378174,6.918943881988525,0.2825833857059479,0.2876104414463043,1551.8652270368914,350.7138232804614,1651.7061355226538,263.11247859702445,2841.9578150699012,661.5827509183385,0.09329951141640867,0.03014453469291171,0.06915130466222763,0.03585462644696236,21.80759994194173,5.790564968196301,0.03261304581681488,0.1780610192273763,117.45383522727273,classical
classical.00060.wav,-166.43154907226562,57.20640182495117,122.13554382324219,26.367719650268555,-32.10679244995117,14.952005386352539,16.685277938842773,7.714169025421143,-5.400679588317871,6.566861629486084,-2.4871230125427246,6.609677791595459,-9.832805633544922,5.5066304206848145,-4.900509357452393,5.586820125579834,-6.974421977996826,6.23978853225708,-4.571056842803955,6.642787933349609,-6.66841459274292,7.401411533355713,-5.497281551361084,6.049907684326172,-5.372569561004639,6.478448867797852,0.30526578426361084,0.28725653886795044,1803.525958968436,418.47961876831687,1898.0267311684952,354.2085521928877,3366.3129776993032,930.0928984146143,0.10401637782991487,0.03171899577332348,0.06874039769172668,0.026964271441102028,20.993924736953144,5.897958853721121,0.047744583667598296,0.17241617974999848,123.046875,classical
classical.00061.wav,-274.3863830566406,85.82856750488281,148.3533935546875,26.26361656188965,-20.334354400634766,24.899845123291016,21.812437057495117,9.672348022460938,7.930837154388428,13.7861909866333,3.775937080383301,10.110923767089844,-2.232816219329834,7.241384029388428,-6.101349353790283,8.354998588562012,-5.629293918609619,7.014981269836426,-6.689497947692871,7.377463340759277,-5.906604766845703,8.618488311767578,-4.594999313354492,9.376487731933594,-1.5465236902236938,9.193401336669922,0.2817520797252655,0.28878074884414673,1322.6998486991345,458.9607680657917,1591.2842180370199,457.6126892363544,2474.968367538216,1143.1499219376196,0.07612614587364551,0.027809245768006655,0.04817867651581764,0.030193407088518143,22.711793357343776,6.576502756999682,0.115691254468352,0.163758757844398,151.99908088235293,classical
classical.00062.wav,-305.422607421875,139.76177978515625,135.92340087890625,32.48661804199219,-11.75271224975586,21.47177505493164,18.21502113342285,10.405195236206055,10.389049530029297,12.172966003417969,3.0129587650299072,7.847431182861328,-5.5959153175354,9.335309028625488,0.14172540605068207,6.607743263244629,-1.3495618104934692,7.308969020843506,-1.867753267288208,5.795376777648926,-3.205263614654541,7.0717644691467285,-6.7425217628479,6.724313735961914,-2.694417715072632,7.745543003082275,0.32029327750205994,0.2980903685092926,1474.8137600109778,668.0644773330388,1813.3646552075554,514.9681571272532,2809.8330093242066,1636.5689218836008,0.07404603751451239,0.03514638407929262,0.03892679885029793,0.0361783392727375,20.694422853406483,6.025031441124417,-0.00529710964947205,0.1739144805372595,89.10290948275862,classical
classical.00063.wav,-465.86431884765625,38.54915237426758,180.2053985595703,20.84851837158203,56.636234283447266,17.960189819335938,11.02556037902832,11.725822448730469,5.844780445098877,6.995511054992676,0.7319183945655823,6.953659534454346,-3.974208116531372,6.63114070892334,-5.88804817199707,6.582176685333252,-8.464273452758789,6.545192718505859,-9.792966842651367,6.445011615753174,-7.692700386047363,7.047359466552734,-3.253418445587158,6.7252936363220215,-1.8652483224868774,7.139606952667236,0.2267465889453888,0.29313069581985474,690.354003458877,89.2063502868016,1358.3864436297902,279.2519333363355,749.5288010352167,121.68623280578541,0.036054203753869966,0.0066329535752611924,0.020152481272816658,0.013462424278259277,19.788425782226184,5.757781949420197,-0.045059348692208054,0.19373456727640664,95.703125,classical
classical.00064.wav,-498.68023681640625,67.73988342285156,145.6677703857422,30.07611846923828,46.470741271972656,28.604969024658203,15.253131866455078,15.244344711303711,3.0677740573883057,9.662044525146484,-0.8257452249526978,9.284137725830078,-5.210668087005615,9.019143104553223,-6.198704719543457,7.913224697113037,-3.8057751655578613,8.626588821411133,0.08864203840494156,10.265798568725586,2.7183187007904053,9.32981014251709,2.218207597732544,7.650921821594238,0.24392743408679962,8.678638458251953,0.198929101228714,0.2865194082260132,1118.5116673005261,308.13886508439464,1945.0334998903515,567.2109308150236,1876.2136547927148,1363.871165980991,0.04229906395123839,0.012412360354917716,0.012561124749481678,0.013867905363440514,19.708133008249764,6.0919965021026155,-0.017275318728631483,0.2113545188756908,89.10290948275862,classical
classical.00065.wav,-421.71588134765625,69.63502502441406,172.79299926757812,25.069345474243164,28.108295440673828,32.159942626953125,-2.576974868774414,13.275837898254395,-3.5656778812408447,10.817614555358887,-4.865173816680908,9.681495666503906,-8.889883995056152,10.359530448913574,-10.696762084960938,10.928993225097656,-7.6852006912231445,10.23421859741211,-7.957630634307861,10.010066032409668,-7.334867000579834,11.270849227905273,-2.717174768447876,13.523866653442383,-0.9175329208374023,12.840618133544922,0.20719388127326965,0.2915811538696289,828.825494001674,121.64715859045253,1326.0473265268795,334.29670364324636,1013.5772043706463,274.85492534245793,0.047511806428986066,0.014663807634009174,0.029191138222813606,0.022433560341596603,19.78764535519818,5.584322166403639,-0.024390775952038313,0.19158976032759747,123.046875,classical
classical.00066.wav,-429.3504333496094,64.98822021484375,175.13577270507812,29.929533004760742,31.911319732666016,27.663726806640625,4.282115459442139,12.217207908630371,1.0457515716552734,9.727638244628906,-5.7668776512146,8.19885540008545,-9.477815628051758,8.138006210327148,-11.283073425292969,8.841018676757812,-10.58198070526123,7.98496150970459,-8.66474723815918,8.534218788146973,-6.333889484405518,10.334399223327637,-1.6819392442703247,11.005221366882324,0.8189264535903931,11.698724746704102,0.18708832561969757,0.28568774461746216,795.1394730921776,186.36987820328966,1296.1593175882567,351.98821422992546,1007.5022411051181,497.8865489310672,0.04503222958591331,0.009674421185234575,0.03171597048640251,0.023293355479836464,20.748622322905675,6.202202386148502,0.03609729700658979,0.20140101277934092,135.99917763157896,classical
classical.00067.wav,-413.571533203125,107.40965270996094,143.42080688476562,47.851200103759766,31.35431671142578,37.34423828125,14.031839370727539,13.529726028442383,1.5281579494476318,12.927327156066895,-2.2939951419830322,9.753758430480957,-6.480335712432861,10.406726837158203,-8.104997634887695,10.825285911560059,-5.927911281585693,8.587626457214355,-4.468453884124756,8.60844612121582,-2.789930582046509,7.9320244789123535,-0.814875066280365,7.211981296539307,-1.2128331661224365,8.468843460083008,0.2675058841705322,0.30013251304626465,1117.9494607534948,675.7249815154298,1702.2297462979457,760.0087138472364,1993.387946255805,2045.8663162714845,0.046355350836880804,0.01652557912855383,0.03167726472020149,0.03648886829614639,19.389080150084286,5.597336300354351,0.064562617928384,0.16807824006308905,143.5546875,classical
classical.00068.wav,-234.41783142089844,63.37788009643555,130.2551727294922,16.013742446899414,-39.53114700317383,11.088760375976562,19.33563804626465,7.827437400817871,-6.793274879455566,8.212187767028809,-5.130112648010254,6.282903671264648,-3.7073676586151123,7.026741981506348,-4.036016464233398,8.486809730529785,-5.0718770027160645,10.53606128692627,-1.3683322668075562,6.500589370727539,-7.735770225524902,8.486791610717773,-4.382000923156738,9.135135650634766,0.46520543098449707,9.690948486328125,0.2572881877422333,0.2915803790092468,1559.8986812117996,234.31515895873875,1616.1274908762382,215.4309472462911,2812.9663237108166,490.97952882192897,0.09520237217008513,0.01843989100138561,0.057378534227609634,0.02972220815718174,22.169441435731287,4.6174466360499915,0.054917889831663215,0.2341738608745524,83.35433467741936,classical
classical.00069.wav,-321.17950439453125,41.99681091308594,136.29669189453125,16.868377685546875,-28.29936408996582,14.048755645751953,31.011459350585938,10.074851989746094,0.5664157271385193,7.3672332763671875,0.23202671110630035,8.38408088684082,0.6554855704307556,7.349368095397949,-1.3426684141159058,6.840330123901367,-0.05769701674580574,6.92060661315918,-0.4247514605522156,7.8381524085998535,-6.180905342102051,8.201573371887207,-0.14451797306537628,8.476526260375977,-0.45611709356307983,9.671109199523926,0.23668897151947021,0.2920442819595337,1349.5963387962488,203.77122345460705,1523.0865015769245,186.45370103990766,2443.718556501548,399.5778295376946,0.079280321812113,0.020982316154346026,0.02914920635521412,0.012187736108899117,22.747978639677434,5.299748935971578,0.05842402806676251,0.2399439220542092,69.83741554054055,classical
classical.00070.wav,-321.192626953125,84.75477600097656,134.5342559814453,23.95471954345703,-18.235279083251953,18.50882339477539,22.179880142211914,9.200347900390625,0.4295409917831421,9.115321159362793,-3.805614948272705,7.343724727630615,0.49535301327705383,7.006906986236572,-1.1447423696517944,7.380882263183594,-1.9025485515594482,8.687013626098633,-0.10540204495191574,9.05372142791748,-2.7555181980133057,8.149285316467285,0.5932069420814514,10.283617973327637,2.4970192909240723,8.88876724243164,0.2442457526922226,0.29651695489883423,1355.999780696475,298.01405109594117,1615.8946768160638,271.7605035904826,2522.8430780463914,612.9043866417256,0.07085595854295666,0.023769307352814645,0.03190400078892708,0.026206590235233307,21.289802439553167,4.780303982467406,0.030575927011803637,0.2291686139691179,161.4990234375,classical
classical.00071.wav,-269.6988220214844,70.45670318603516,136.47506713867188,20.194089889526367,-25.001760482788086,14.961592674255371,26.395002365112305,8.970952033996582,0.6870048642158508,8.381132125854492,-5.381706237792969,5.480290412902832,-1.1201947927474976,7.18062686920166,-1.5102577209472656,10.072043418884277,-0.16106204688549042,9.60315990447998,-3.7851603031158447,8.028974533081055,-9.28721809387207,9.034709930419922,-3.148440361022949,9.718039512634277,1.6416064500808716,9.790772438049316,0.20815393328666687,0.28747764229774475,1396.7861186062223,270.31471985197777,1574.0882214689257,222.977012121375,2615.034187246033,522.1648479117981,0.07585706208881579,0.023570522487004263,0.051699068397283554,0.03989355266094208,21.080491473909017,4.820625394398212,0.04387170398594835,0.21723744019055866,143.5546875,classical
classical.00072.wav,-360.8370361328125,82.25546264648438,138.98072814941406,28.99398422241211,-12.931410789489746,14.175500869750977,33.80207061767578,9.102296829223633,7.593800067901611,7.564068794250488,-1.7090734243392944,5.945145130157471,1.035847544670105,6.1315836906433105,4.076970100402832,5.780922889709473,3.931011438369751,7.383304595947266,0.9335501790046692,9.922815322875977,0.5041115880012512,13.258035659790039,4.6821160316467285,12.894903182983398,3.3401989936828613,8.769201278686523,0.2794419527053833,0.29260867834091187,1285.1523138296154,358.7152698774204,1660.0260788422988,268.34589240306605,2477.143354386368,680.3022716832585,0.06374980347813468,0.028602283440733588,0.020721398293972015,0.014195660129189491,20.99688030852109,4.744018261072146,-0.01365846887913925,0.21414978236463084,117.45383522727273,classical
classical.00073.wav,-306.7855529785156,75.52226257324219,152.90353393554688,25.93236541748047,-27.58682632446289,18.663314819335938,16.31919288635254,15.203080177307129,-3.1550991535186768,13.280631065368652,-8.931758880615234,10.224152565002441,-5.431834697723389,8.641579627990723,-9.781289100646973,9.315449714660645,-7.1121745109558105,8.618426322937012,0.2934659421443939,7.973286151885986,0.8718292117118835,11.993124961853027,5.4160614013671875,14.103358268737793,8.19581413269043,13.199362754821777,0.21632729470729828,0.2906399369239807,1211.352791907563,323.9495737065201,1337.8952917810325,303.2322923858384,2104.7456062246033,667.846613746307,0.07093910240905572,0.022189483476095694,0.04381232708692551,0.023809151723980904,21.515281163729824,4.964063835120984,0.022041302646811478,0.24333630339630347,129.19921875,classical
classical.00074.wav,-289.8247985839844,84.77154541015625,143.9031524658203,21.011960983276367,-26.996417999267578,11.4940185546875,24.06761932373047,8.367142677307129,-1.1449987888336182,8.0507230758667,-6.298981189727783,8.293493270874023,-2.7494168281555176,6.32014274597168,-3.5280802249908447,6.1720452308654785,-3.0203988552093506,8.153153419494629,-3.1464948654174805,7.581167697906494,-7.256324768066406,6.841816425323486,-1.677802562713623,7.396493434906006,3.0785980224609375,8.472771644592285,0.23741012811660767,0.2884480357170105,1360.0001055902917,296.75287431380366,1572.5229886349002,241.56144700597025,2568.7761336288218,598.7363445864434,0.07211672189434984,0.022112688936024073,0.037271156907081604,0.02676887810230255,20.441175340506675,4.0068546962226455,-0.006146907005538612,0.2137595766948092,161.4990234375,classical
classical.00075.wav,-412.9592590332031,61.39418029785156,138.51983642578125,28.279605865478516,-19.26238250732422,16.35191535949707,34.14667892456055,8.58056354522705,8.975064277648926,9.024974822998047,-4.294471263885498,6.002459526062012,4.152583122253418,7.503427982330322,0.8819504380226135,7.605231285095215,3.079378604888916,7.072004318237305,0.12249623239040375,8.500024795532227,-4.05718469619751,11.207878112792969,3.7797231674194336,11.098069190979004,5.917003631591797,12.63553524017334,0.21740314364433289,0.29295217990875244,1171.8444805151357,284.7026601446971,1467.2055609007757,195.97901892267438,2235.9864792956655,568.2076223314386,0.0608847414376935,0.025786267477004098,0.016478458419442177,0.009989277459681034,22.691635096846973,5.633954296682617,0.0430830697903434,0.242417030820282,117.45383522727273,classical
classical.00076.wav,-238.5963134765625,73.95067596435547,149.7830810546875,23.749902725219727,-28.87213897705078,13.24953842163086,28.239665985107422,8.886808395385742,-0.8014046549797058,8.031622886657715,-3.924771547317505,5.454052448272705,-2.1356680393218994,5.73799991607666,-4.334019184112549,5.411198139190674,-4.187280654907227,5.732674598693848,-3.438997983932495,5.875284194946289,-5.771543025970459,7.347482681274414,-0.12075097113847733,9.174288749694824,2.5199790000915527,9.930977821350098,0.2604590654373169,0.2899227738380432,1340.368610909044,267.5069757604034,1539.119153209518,223.1665562919339,2522.134748996227,509.11250892056313,0.07171347414376934,0.022655462261553693,0.05884205922484398,0.037542130798101425,20.39358597773943,4.335270988309657,0.02778798529462507,0.19467951357476704,172.265625,classical
classical.00077.wav,-477.97784423828125,92.71363067626953,155.3107147216797,38.828704833984375,12.760652542114258,28.30200958251953,5.525207042694092,15.163919448852539,2.377073049545288,9.798439025878906,-10.652257919311523,10.863764762878418,-16.64824104309082,9.100838661193848,-12.547406196594238,10.276102066040039,-11.19011116027832,13.140334129333496,-9.378249168395996,11.487207412719727,-3.2180299758911133,8.131528854370117,-2.7673490047454834,10.945720672607422,-6.468446254730225,9.5056734085083,0.2190336287021637,0.29078125953674316,811.9966754623425,224.49742408834263,1009.4095310881751,272.8306690212622,1236.3091908741292,513.292641837291,0.04834475679663313,0.015943550691569632,0.016752148047089577,0.017732562497258186,20.79475358382594,5.881294396354207,0.007047116709001448,0.24973181087431273,161.4990234375,classical
classical.00078.wav,-552.1063232421875,40.582542419433594,173.3629608154297,25.859636306762695,26.354450225830078,14.174654960632324,14.122475624084473,8.451181411743164,7.259275913238525,6.800320625305176,-7.0849690437316895,7.440609931945801,-5.859200954437256,7.516487121582031,-10.342716217041016,5.99113655090332,-11.022790908813477,7.743523597717285,-9.200838088989258,7.339289665222168,-8.82726764678955,8.623215675354004,-4.930299758911133,10.006458282470703,-3.654700517654419,7.913647651672363,0.22515062987804413,0.2897857129573822,715.4772961169846,209.58523667028138,1030.6024311736348,282.8501822665215,1037.702058490954,553.0597138999855,0.04129340109810371,0.010510062190732826,0.006631079129874706,0.00440358417108655,19.825406370610427,5.191310733729842,0.03372666809667294,0.26002571791970785,67.99958881578948,classical
classical.00079.wav,-437.52520751953125,63.85527038574219,170.97140502929688,28.695240020751953,7.386170864105225,25.68337631225586,-3.1087050437927246,11.24557876586914,0.7773014903068542,11.724910736083984,-11.135055541992188,11.463841438293457,-12.523804664611816,11.065163612365723,-6.9009270668029785,10.545816421508789,-5.850052356719971,13.924882888793945,-8.455719947814941,11.24871826171875,-8.472509384155273,12.618785858154297,-8.329373359680176,14.729174613952637,-7.373799800872803,11.227195739746094,0.21772773563861847,0.291972815990448,790.4782247441923,180.00795431633944,899.9797791776182,209.76648737003984,1159.4013225921537,377.8450163725778,0.05211230771091331,0.019085273800894753,0.018843520432710648,0.012051326222717762,20.256634677589787,5.469183879588526,-0.030293797865015855,0.20653363069689318,143.5546875,classical
classical.00080.wav,-549.623779296875,87.91724395751953,156.952880859375,39.01180648803711,6.6107096672058105,23.34687614440918,34.415283203125,8.65794849395752,13.258631706237793,8.03795337677002,5.755012035369873,8.443401336669922,5.051405429840088,9.024744987487793,-3.0009751319885254,8.612783432006836,2.0665762424468994,7.313865661621094,3.077338457107544,5.532987117767334,2.016796350479126,6.553430557250977,3.2401437759399414,5.530004024505615,5.666261196136475,4.157429218292236,0.43804651498794556,0.3067964017391205,973.5547961720958,307.0071678528797,1617.4354313658503,455.3998610414725,1911.3134425491003,1025.5866701468772,0.031537602191369966,0.01124487629262521,0.005269665736705065,0.0054506175220012665,16.90747026527947,4.318601317653398,0.029101501544931217,0.16038180852445455,143.5546875,classical
classical.00081.wav,-374.7354431152344,55.63727951049805,153.8209228515625,24.244441986083984,-21.55533218383789,15.040616035461426,20.8302059173584,9.685559272766113,7.00356912612915,8.237531661987305,-3.9481635093688965,8.29517936706543,-2.521589756011963,10.1054105758667,-2.8035054206848145,7.826411724090576,-4.282764911651611,8.202737808227539,-4.499873161315918,7.69132137298584,-5.7614006996154785,7.016578197479248,-4.25962495803833,5.964801788330078,-3.843543291091919,6.98228120803833,0.2668413519859314,0.2902231216430664,1214.3345474841144,288.5132907355163,1540.2928528467166,234.12379556293246,2164.4285786631676,565.1323409327065,0.06055896865325077,0.020827313620755298,0.016512703150510788,0.007008882239460945,20.722819068265306,4.559967289581932,-0.028740950447231888,0.20033564199355744,151.99908088235293,classical
classical.00082.wav,-264.05682373046875,54.07283020019531,142.12020874023438,33.107913970947266,-51.3542594909668,18.642967224121094,5.018921852111816,10.889715194702148,-20.266204833984375,11.308122634887695,-17.137805938720703,9.643684387207031,-16.06991958618164,9.636475563049316,-20.31136703491211,9.018206596374512,-15.042227745056152,10.283143043518066,-9.73814582824707,8.267568588256836,-8.40202808380127,8.286581039428711,-11.775307655334473,10.985541343688965,-6.880457401275635,8.924460411071777,0.2827168107032776,0.2883114218711853,1415.311188046843,344.8888845649872,1449.1088964498642,256.2122918383716,2489.984943401703,658.9583469513763,0.08737929022349071,0.03117456608626121,0.042963139712810516,0.014762300066649914,22.623662526949172,4.857024827521179,0.023755647009561863,0.21800215783867183,117.45383522727273,classical
classical.00083.wav,-338.78729248046875,61.95249938964844,190.1043701171875,21.263166427612305,-16.3048152923584,26.06070899963379,3.704448938369751,11.9495267868042,-0.44790393114089966,9.71122932434082,-8.884472846984863,7.042629718780518,-10.400300979614258,6.159958362579346,-16.366039276123047,7.34136438369751,-13.285848617553711,6.036080837249756,-10.799825668334961,7.401782035827637,-8.649679183959961,6.801905632019043,-8.285074234008789,7.484938621520996,-4.618802547454834,6.435271739959717,0.24464237689971924,0.2869962155818939,853.4404819807542,146.23212975721793,998.6102747134514,168.0897983414921,1401.899856236697,314.5131794091794,0.05079296572658669,0.01080585346299701,0.04187244549393654,0.021725153550505638,22.25408878869824,5.066349555194752,0.09383567388354266,0.2880377015024422,117.45383522727273,classical
classical.00084.wav,-369.1368713378906,76.08087158203125,171.89466857910156,15.063886642456055,-27.269670486450195,24.041046142578125,6.017667293548584,13.19088077545166,-0.14046475291252136,16.66758918762207,-10.66923713684082,10.711250305175781,-11.915658950805664,8.756397247314453,-10.193318367004395,6.862617492675781,-11.368732452392578,7.803772926330566,-10.511279106140137,6.6364946365356445,-8.3776216506958,6.039825439453125,-9.789240837097168,6.4139227867126465,-5.0547614097595215,6.736259460449219,0.24545788764953613,0.2830878496170044,1002.3644432557223,158.78139731884477,1152.462681781211,154.7170020441443,1733.6895166166796,312.4731904126374,0.05794825125773994,0.013362718269365801,0.021968716755509377,0.013925985433161259,21.246153799579385,4.7912051582026205,0.05559838821077753,0.23338136385433675,112.34714673913044,classical
classical.00085.wav,-246.21836853027344,76.47038269042969,149.44387817382812,38.459651947021484,-41.97381591796875,15.513177871704102,11.60641098022461,9.869555473327637,-10.287586212158203,7.8205342292785645,-4.018404483795166,7.559494495391846,-7.138944625854492,6.770273208618164,-10.1370267868042,8.250061988830566,-9.425965309143066,7.97050666809082,-7.176623344421387,7.856440544128418,-3.1531364917755127,8.821146965026855,-5.6295013427734375,7.8303070068359375,-2.581601142883301,9.699262619018555,0.3096400499343872,0.2801092863082886,1525.6012665401886,459.9420139320247,1588.1610240876316,446.5086577911954,2732.8751413445725,982.7080859487011,0.09158788155476007,0.029153492452047302,0.03887804597616196,0.020150715485215187,19.061077813272778,4.265008081270462,0.041536016138706736,0.1754974445092895,107.666015625,classical
classical.00086.wav,-283.4352111816406,73.45308685302734,159.55325317382812,35.88231658935547,-29.518972396850586,12.832715034484863,18.540626525878906,10.050240516662598,-9.879668235778809,10.603727340698242,-3.4205968379974365,7.196112155914307,-10.990983009338379,6.643123149871826,-9.784339904785156,6.582974433898926,-8.296976089477539,5.965739727020264,-4.242829322814941,6.578064918518066,-2.8664071559906006,7.347480297088623,-5.969814777374268,7.87333345413208,-4.0209269523620605,7.906170845031738,0.3121316730976105,0.2854781150817871,1356.517262209537,469.8985898212608,1495.192128266221,406.93243286408244,2496.8682351127127,1026.9516681001223,0.07686121323529412,0.0317573257761655,0.031511254608631134,0.018902013078331947,19.501588443026613,4.303655913331076,-0.005140126614767859,0.1715444834378477,99.38401442307692,classical
classical.00087.wav,-393.0342102050781,71.15457153320312,190.77561950683594,19.565534591674805,-13.312166213989258,24.273889541625977,8.263633728027344,8.78636646270752,1.5518677234649658,8.160263061523438,-11.080791473388672,7.3461480140686035,-11.244869232177734,6.6264753341674805,-13.998270988464355,5.855257511138916,-10.620688438415527,6.976059436798096,-9.390382766723633,6.483229637145996,-4.6135573387146,7.214955806732178,-10.067734718322754,7.640174865722656,-4.815257549285889,7.225600242614746,0.2744481563568115,0.28884801268577576,876.9626952356676,180.58755942797632,1108.6920910513295,230.50019603310903,1457.2911879595588,449.8466324004567,0.051046554518188854,0.012577643145683451,0.02143675647675991,0.011239037849009037,21.147248860872715,4.786319273434311,0.06720582008413904,0.23784362984819857,123.046875,classical
classical.00088.wav,-299.79180908203125,70.34012603759766,157.32382202148438,18.21405792236328,-37.352020263671875,13.97519588470459,15.766813278198242,9.245680809020996,-5.7569355964660645,9.204129219055176,-4.454066276550293,7.484884738922119,-6.815181732177734,6.255723476409912,-10.736592292785645,6.402839183807373,-9.884847640991211,6.914866924285889,-8.15744400024414,7.566147804260254,-5.422234058380127,6.5054426193237305,-7.840023517608643,7.18943977355957,-2.730618715286255,6.566412448883057,0.29419055581092834,0.2910071611404419,1302.9045959121115,253.7397279795054,1455.72172901185,221.75705908463044,2347.3024728497485,546.4622406837423,0.07053623258513932,0.019884481962873287,0.02822987549006939,0.015216460451483727,19.463515212494666,4.226122660569084,-0.0029856161088600607,0.17113221658432784,103.359375,classical
classical.00089.wav,-301.928466796875,51.17983627319336,57.542442321777344,28.631820678710938,-59.133270263671875,15.927582740783691,33.54234313964844,9.061071395874023,-20.912109375,8.502182960510254,17.741281509399414,9.223945617675781,-0.6430503726005554,13.949976921081543,49.02375411987305,19.628746032714844,19.130111694335938,15.403300285339355,27.0985050201416,18.811925888061523,-17.633901596069336,24.3016357421875,-0.26254943013191223,15.81277084350586,-3.75183367729187,17.016660690307617,0.21732555329799652,0.2964470684528351,2423.3992282999484,344.9004033719593,1884.7467025103783,141.52479038405207,4296.815684410071,612.1713859716259,0.16668644482875386,0.033537387128836645,0.035119738429784775,0.014913138933479786,24.39384232768861,8.857886686529344,0.03245696660660928,0.1532988616914959,99.38401442307692,classical
classical.00090.wav,-326.3167419433594,35.38276672363281,85.90869903564453,18.381860733032227,-42.98692321777344,13.055635452270508,31.837812423706055,8.184839248657227,-19.5760555267334,9.003849029541016,9.992609024047852,7.241083145141602,-16.461275100708008,7.512918472290039,10.00037956237793,7.408610820770264,-8.599359512329102,9.02634334564209,25.513212203979492,12.877058029174805,6.538747310638428,11.315484046936035,16.400178909301758,13.153949737548828,3.5028579235076904,13.92041301727295,0.21933525800704956,0.29369527101516724,2172.514738800756,364.63691918121316,1883.3803923812784,204.45715301561447,4066.9587409902283,712.7733869127588,0.151986231375774,0.044230951995267456,0.023853911086916924,0.01036061067134142,25.98075003364591,6.677686019996323,-0.013449165837955331,0.18307552097545943,95.703125,classical
classical.00091.wav,-251.31829833984375,56.75428771972656,88.73774719238281,15.145413398742676,-41.75239944458008,12.02444076538086,37.90864562988281,8.11943244934082,-12.024271965026855,10.604412078857422,21.624099731445312,8.932205200195312,-5.853931427001953,11.354559898376465,25.719715118408203,11.523946762084961,-5.185972213745117,14.603808403015137,14.301179885864258,14.415404319763184,-7.5509514808654785,15.601094245910645,10.464780807495117,14.756511688232422,-4.928892135620117,15.330519676208496,0.2258007526397705,0.29340049624443054,2192.7057790195913,359.15704985405466,1912.0379428207473,166.37960377517,4066.492077145414,624.4911835124846,0.1524378537393576,0.04550773734364496,0.0447186604142189,0.019870677962899208,25.773635413889668,7.23851013306404,0.006532768164398027,0.2321542294171967,92.28515625,classical
classical.00092.wav,-299.71258544921875,72.4447021484375,103.67623138427734,25.634614944458008,-27.657272338867188,16.98394203186035,51.02833557128906,10.46874713897705,12.27966022491455,12.138019561767578,16.5087833404541,8.342585563659668,-10.941352844238281,9.778186798095703,-0.8949336409568787,11.2747802734375,3.835167169570923,17.852739334106445,12.960476875305176,14.653674125671387,-12.398089408874512,18.614837646484375,2.464722156524658,16.311134338378906,5.178436279296875,15.228693962097168,0.18112929165363312,0.29747113585472107,1807.4309138096596,471.12925996331154,1438.824668287954,226.3404781566344,3072.531420822852,801.0748092491094,0.13095801385932662,0.058120977988983774,0.08413399010896683,0.037969958037137985,25.330638763511143,7.705646080984978,0.07862694212779485,0.2368523065108868,95.703125,classical
classical.00093.wav,-207.37747192382812,40.86787796020508,117.60778045654297,14.58697509765625,-41.40425491333008,23.380929946899414,13.253087043762207,12.473793029785156,-1.6882401704788208,8.32055950164795,15.532319068908691,10.327651023864746,-10.36276912689209,12.659770965576172,-1.8636897802352905,11.902776718139648,-12.762170791625977,9.802155494689941,7.0103325843811035,11.319539070129395,-0.7813689708709717,14.487990379333496,2.071812868118286,12.653172492980957,-8.2644681930542,13.632597923278809,0.22696709632873535,0.29787585139274597,1623.8299978978253,218.37615870272157,1551.4812346920512,281.0214580180065,2732.100146030863,542.6951616206267,0.10825822670762383,0.02937307446938279,0.08248694241046906,0.04235474392771721,23.794545421964315,7.05178311974473,0.0459128000964303,0.1596366046449172,135.99917763157896,classical
classical.00094.wav,-385.7943115234375,96.80145263671875,128.62301635742188,20.199262619018555,-26.73168182373047,21.29547119140625,39.48326110839844,10.791901588439941,-2.1734619140625,13.165160179138184,16.760435104370117,7.792198181152344,-5.734195709228516,11.290148735046387,14.72441577911377,8.477177619934082,-3.090663194656372,11.14741039276123,12.311254501342773,9.033858299255371,-5.892706871032715,10.035680770874023,2.7925820350646973,9.646061897277832,3.6800174713134766,10.75758171081543,0.36893218755722046,0.300711989402771,1424.1018503760445,326.6031912827411,1697.0207079079732,221.53693097958117,2927.490631197997,700.4116306094677,0.07015490458107586,0.035126466239741146,0.013991358689963818,0.009005173109471798,21.65802931363821,5.433170542105244,0.04431193261826293,0.20843972301642633,184.5703125,classical
classical.00095.wav,-422.6080322265625,82.79703521728516,89.84973907470703,31.839439392089844,-18.71620750427246,20.931747436523438,37.78641128540039,10.435774803161621,6.016749858856201,11.800337791442871,4.161733627319336,8.914114952087402,-1.9914648532867432,10.302101135253906,12.111291885375977,11.105371475219727,4.167896747589111,11.37917423248291,13.791265487670898,12.198589324951172,2.8296854496002197,9.19000244140625,5.886289119720459,10.29729175567627,6.122228145599365,15.750526428222656,0.22755931317806244,0.29704079031944275,1800.6383191622836,534.1424824512771,1780.9021871187188,250.89776785864316,3426.4376141338525,929.9601231527048,0.12435714674438854,0.06209782256970734,0.01356380246579647,0.015148959122598171,24.0972962127424,6.416870716131463,-0.004687611710167927,0.1695563209554675,86.1328125,classical
classical.00096.wav,-203.619384765625,61.34740447998047,111.2059555053711,30.795970916748047,-51.53665542602539,13.178932189941406,39.48582458496094,8.060453414916992,-10.562026023864746,11.414155006408691,11.913712501525879,8.005151748657227,-13.181607246398926,9.853264808654785,15.123318672180176,10.3826904296875,-7.2916998863220215,8.510109901428223,13.37704849243164,10.749892234802246,-7.313064098358154,8.198439598083496,3.8404088020324707,10.46749496459961,-3.78200626373291,9.371238708496094,0.2930351495742798,0.28782033920288086,1932.8371720042157,437.58337921322476,1740.233465348138,165.3355279324566,3573.161726913216,673.4319066179766,0.11752045339106038,0.04879891813490199,0.05697670951485634,0.028042824938893318,22.34631423832354,7.25719821234624,-2.3474217294693813e-06,0.220567325336129,135.99917763157896,classical
classical.00097.wav,-280.7255859375,33.62071228027344,122.72235107421875,15.16601276397705,-14.398865699768066,13.021530151367188,26.855798721313477,6.1278815269470215,1.3519738912582397,7.929805755615234,5.994227409362793,7.094504356384277,-13.104070663452148,8.200230598449707,3.375361680984497,10.409612655639648,-11.554337501525879,8.949658393859863,5.1937947273254395,8.494152069091797,-1.0517688989639282,12.099446296691895,2.7634668350219727,11.401223182678223,0.06284414976835251,11.082132339477539,0.2223227620124817,0.2885604500770569,1494.1405636701372,303.75550301848455,1670.8326004789872,177.98083682094443,2781.1748492828465,582.2992339686407,0.08592124915344428,0.03027926301088661,0.036704182624816895,0.021552126854658127,23.31479466471628,7.099503408067849,0.055039953597112265,0.18943110537099456,103.359375,classical
classical.00098.wav,-287.52099609375,70.55598449707031,101.73793029785156,17.46399688720703,-35.36899948120117,14.58621597290039,41.28276443481445,7.487061977386475,-12.745121955871582,11.320734024047852,17.284992218017578,7.3131184577941895,-13.97829818725586,10.0233154296875,16.3118839263916,7.891557693481445,-5.599028587341309,8.674407005310059,13.66428279876709,9.155722618103027,-8.790592193603516,12.26619815826416,-0.05710594728589058,8.445247650146484,-13.769375801086426,11.32856559753418,0.2899729311466217,0.2979617714881897,1953.0123992184488,407.49527070568314,1865.851544296666,150.08550333496225,3780.5438062354874,668.6600544060751,0.1234924505369582,0.04701987067673277,0.029099641367793083,0.018219750374555588,23.25707705938852,6.979607590954315,0.009229828433684964,0.17616667890540216,184.5703125,classical
classical.00099.wav,-378.73931884765625,22.141857147216797,126.49873352050781,12.522014617919922,-18.81513023376465,5.964447021484375,42.87580871582031,5.860210418701172,-14.30518913269043,7.547573566436768,25.342689514160156,6.116112232208252,-14.641030311584473,5.605243682861328,18.70429039001465,6.279304027557373,-10.188718795776367,8.813630104064941,21.108089447021484,7.959448337554932,4.437037467956543,6.033568382263184,18.22564697265625,8.121745109558105,-10.274280548095703,7.309118747711182,0.3338888883590698,0.2805125117301941,1524.8987119782064,216.20703563987377,1868.928795561535,146.63702557765583,3325.1048935456174,588.980757478468,0.08068318558920279,0.020146421718844017,0.010497971437871456,0.0020694967824965715,22.912718576920515,5.298101089021824,0.02850887458296541,0.16040499135338096,95.703125,classical
country.00000.wav,-23.184358596801758,31.8974666595459,70.25887298583984,18.445405960083008,3.818911075592041,15.374104499816895,28.329025268554688,11.645461082458496,13.764470100402832,10.54783821105957,5.72591495513916,10.374817848205566,3.9781453609466553,9.273741722106934,7.45155668258667,7.9569926261901855,2.64951753616333,7.815952777862549,8.495177268981934,8.507210731506348,-2.2885162830352783,8.552543640136719,2.079876661300659,6.475435733795166,-3.378119707107544,7.920274257659912,0.38354596495628357,0.2849734425544739,2797.969870734425,596.4098432711196,2847.657470456079,325.52673860951444,6220.629051373839,1342.276678105714,0.10713729622194272,0.0418871334059627,0.24838431179523468,0.026706675067543983,19.807921972163427,4.130218321218274,-0.03261676978002411,0.201294331032798,86.1328125,country
country.00001.wav,-8.00119686126709,18.987031936645508,62.72800064086914,9.6528902053833,-1.4580804109573364,12.17939567565918,28.115848541259766,7.792746543884277,9.972362518310547,8.579517364501953,9.353734970092773,10.32039737701416,5.420156002044678,7.039093494415283,9.82502269744873,7.302872180938721,3.0283052921295166,7.797084808349609,8.42697811126709,7.404032230377197,0.31103771924972534,6.952225685119629,6.545156002044678,6.171800136566162,0.7390595078468323,5.572092056274414,0.4138754606246948,0.281607061624527,2937.8328051469803,319.0632742689593,2839.590747196393,202.51299980359968,6279.203697180969,791.5598281525666,0.12698751632643188,0.02962192975991973,0.23043084144592285,0.02125626802444458,18.4603055527851,4.100041070519312,-0.004120970545863564,0.12462780090437688,129.19921875,country
country.00002.wav,-120.72672271728516,41.06486892700195,79.31613159179688,21.180707931518555,5.453444957733154,18.73773765563965,34.8121337890625,13.703669548034668,16.550336837768555,10.002055168151855,13.152538299560547,9.18298625946045,6.239587306976318,8.110979080200195,9.98454475402832,7.417720794677734,-1.9874377250671387,9.606072425842285,6.765197277069092,7.8547563552856445,-6.290685176849365,7.08290958404541,0.27700409293174744,7.263344764709473,-6.701878547668457,7.97790002822876,0.297247052192688,0.3119024634361267,2307.5397576425735,742.386669830266,2618.0952399297303,316.64432692311294,5187.343632842734,1330.6809821269019,0.0741337165005805,0.06309381282543829,0.146108016371727,0.039308127015829086,18.848895454902287,4.059224378793401,0.015570870447953952,0.1834586521219282,83.35433467741936,country
country.00003.wav,-57.759788513183594,36.5672721862793,95.7664794921875,28.702123641967773,-10.109318733215332,20.3536319732666,40.979637145996094,13.900382041931152,13.979035377502441,11.55992603302002,-0.9898582696914673,13.093037605285645,-0.18847127258777618,10.344226837158203,7.425077438354492,10.045148849487305,-3.6333374977111816,10.178608894348145,9.54513931274414,8.977858543395996,-2.9410643577575684,8.638310432434082,2.436251163482666,8.950902938842773,1.9947800636291504,7.299880027770996,0.3769876956939697,0.28946417570114136,2174.1604935047117,755.2893257198713,2281.058760714112,454.8307336912207,4348.07370779315,1605.685772698808,0.1025643835864938,0.04864669971210088,0.20427070558071136,0.04381251707673073,20.605520248415505,4.216559567600067,0.06288370307087597,0.163903436581251,161.4990234375,country
country.00004.wav,-20.781349182128906,19.536479949951172,62.9504280090332,12.512723922729492,2.3044402599334717,12.706579208374023,30.773717880249023,9.653580665588379,6.973462104797363,7.883638381958008,6.50581169128418,10.732003211975098,6.323636531829834,8.308581352233887,9.873085975646973,8.500849723815918,3.4352967739105225,7.224203109741211,9.372201919555664,7.4369282722473145,-0.40415799617767334,7.239141941070557,7.519415378570557,6.460943222045898,-0.9842737913131714,6.592605113983154,0.3827643096446991,0.28605788946151733,2966.1571589936843,439.23134025151757,2848.1234947138532,272.94613389708184,6349.4199392596265,1086.0760457248387,0.12416100280572756,0.03553262765514058,0.20939329266548157,0.028376398608088493,18.681123854397757,3.910755782498177,0.017504639619744626,0.14947733643487524,117.45383522727273,country
country.00005.wav,-24.69242286682129,27.496702194213867,62.38838577270508,15.93281078338623,-7.768984794616699,15.280559539794922,28.530288696289062,11.50424575805664,10.947265625,8.988818168640137,5.609288692474365,9.289050102233887,0.032920897006988525,8.18073558807373,13.834209442138672,8.241592407226562,3.013730525970459,8.084327697753906,9.866081237792969,9.747343063354492,0.8187443614006042,8.320930480957031,5.870721340179443,7.570267200469971,-1.2669297456741333,7.829327583312988,0.4173520803451538,0.28771016001701355,2926.865766278933,526.894726488335,2736.268564740949,272.0208698640275,6172.429342830882,1082.0544533970278,0.13645079999516255,0.04738494265308824,0.20384074747562408,0.038177333772182465,18.468209482235615,4.118931808951679,0.023196599843563998,0.09412429785349079,129.19921875,country
country.00006.wav,-23.146039962768555,24.340396881103516,71.35541534423828,20.72037124633789,1.3973157405853271,16.531152725219727,24.474510192871094,11.695390701293945,16.3499698638916,12.482795715332031,4.516972064971924,11.330769538879395,-3.9798617362976074,8.877470016479492,18.03827476501465,8.158137321472168,-3.3584671020507812,8.411008834838867,2.4740371704101562,7.630834579467773,2.979959726333618,6.959296226501465,0.8368246555328369,6.6897430419921875,-1.1464859247207642,7.664667129516602,0.42083364725112915,0.28218865394592285,2800.214423030315,648.9641936880028,2773.173156404822,327.1807402916531,6004.497024961301,1410.0154941131848,0.12843724300986842,0.05298633131529305,0.21448013186454773,0.03988312929868698,18.943218340796513,4.016393078268898,0.0028818882799137046,0.12032524185272374,112.34714673913044,country
country.00007.wav,-20.817459106445312,28.347753524780273,64.90751647949219,18.357389450073242,6.767101287841797,13.926511764526367,26.357126235961914,10.722819328308105,11.665423393249512,9.762289047241211,13.185628890991211,8.153298377990723,-1.9791069030761719,9.339265823364258,8.582197189331055,7.5677595138549805,0.47289520502090454,7.31995153427124,7.44109582901001,7.692902565002441,-0.4149094223976135,7.430124759674072,6.945586204528809,6.7740678787231445,3.660606622695923,6.428786754608154,0.42144912481307983,0.28685295581817627,2898.787368032488,614.2762438829901,2878.9661651993006,308.4945990041143,6400.052966421972,1186.5338609985793,0.11293582502902477,0.04223924747191198,0.24406008422374725,0.025491852313280106,19.47225445385936,4.224897173618253,-0.0369666683012728,0.1919241730316015,103.359375,country
country.00008.wav,-19.723819732666016,22.902484893798828,76.66848754882812,19.219284057617188,-4.849719524383545,12.581663131713867,32.247581481933594,12.392752647399902,7.670154571533203,10.964519500732422,17.22452735900879,11.20421028137207,-1.4669177532196045,7.781813621520996,9.143320083618164,7.434594631195068,2.7177042961120605,9.717079162597656,9.111842155456543,9.046762466430664,-2.6976072788238525,7.911389350891113,7.503505706787109,9.230530738830566,0.33303123712539673,7.608513355255127,0.3553504943847656,0.28812411427497864,2506.169376457896,532.0813035531886,2573.5151280626237,345.28239378676915,5478.791870495114,1193.131073683811,0.10473972946497678,0.03445165462744043,0.2741972506046295,0.03205644339323044,20.422015151205606,4.232858117837194,0.0302633514000854,0.20551528782774164,66.25600961538461,country
country.00009.wav,12.163200378417969,13.818474769592285,58.977378845214844,12.00732135772705,0.9188626408576965,13.5184965133667,26.749122619628906,10.885604858398438,9.254703521728516,8.696586608886719,3.576305627822876,9.290090560913086,1.5831509828567505,8.285003662109375,8.648173332214355,7.151427745819092,0.9710415601730347,7.835942268371582,11.627410888671875,6.720541000366211,-2.159726142883301,6.647068977355957,1.1948513984680176,6.317812442779541,0.47236934304237366,6.264101982116699,0.42975279688835144,0.2717230021953583,3191.4845774083215,421.99662262720153,2948.097882896547,262.1756820816379,6926.349783977119,931.5198378559688,0.15687886996904024,0.04011588050480956,0.23653283715248108,0.03667513281106949,18.091850867231603,3.6563545035838714,0.023253062263653975,0.08920955356739309,95.703125,country
country.00010.wav,-197.73268127441406,65.21519470214844,106.50902557373047,30.60886573791504,-4.434540748596191,24.04622459411621,37.64393997192383,17.87413787841797,-0.8606548309326172,17.296810150146484,-0.9555023312568665,12.700591087341309,-3.448014736175537,12.071758270263672,-0.051242321729660034,9.504444122314453,-9.299325942993164,12.335969924926758,-5.164658069610596,12.41806697845459,-4.245077610015869,9.932220458984375,-3.5471112728118896,9.769665718078613,-1.3499807119369507,8.673932075500488,0.29136452078819275,0.30319395661354065,1861.184983990783,746.8405428638977,2127.1802137761574,370.64230640573663,3768.960542944563,1415.5546714863515,0.07651125314434984,0.049412810262778016,0.07468149065971375,0.033463798463344574,19.597094401055188,4.303903657480558,0.09003062790476266,0.17305044558877353,80.74951171875,country
country.00011.wav,-199.09449768066406,73.16858673095703,61.18678665161133,37.52388381958008,9.970172882080078,23.43951988220215,23.455228805541992,15.499475479125977,10.26604175567627,15.163015365600586,0.02136910706758499,13.334574699401855,8.00517463684082,12.736345291137695,1.1249682903289795,11.479873657226562,-4.887679576873779,10.967751502990723,9.501937866210938,11.257551193237305,-6.344292163848877,9.399787902832031,3.86122727394104,10.457489013671875,1.628353476524353,9.890135765075684,0.30093860626220703,0.3075035512447357,2838.2033521252542,1130.9396626543646,2798.4000706520005,449.10353898714874,6046.530104126355,2003.1586373706805,0.11010515431501548,0.09543314651913731,0.07848472148180008,0.042720094323158264,21.386419114299386,5.171215748600496,0.025890513159396708,0.21744760110318456,112.34714673913044,country
country.00012.wav,-141.02310180664062,44.465763092041016,123.89308166503906,34.021400451660156,-2.4948008060455322,18.325803756713867,27.972536087036133,14.834348678588867,0.01281303633004427,14.244948387145996,1.2166239023208618,9.068672180175781,-11.020721435546875,10.994599342346191,-1.3764036893844604,9.998421669006348,-7.020709037780762,8.189175605773926,-6.118950843811035,8.188304901123047,-5.19248628616333,10.044390678405762,-2.1684279441833496,7.566526412963867,-4.593888759613037,7.4138078689575195,0.29649943113327026,0.3000178635120392,1667.8626239303642,685.1295711494689,2053.1917197851853,528.388447262658,3440.6958612495164,1663.8303853721993,0.06406763980263158,0.033248380712671756,0.1268782764673233,0.044439997524023056,19.309266819901406,4.423739028781534,0.08279764472403804,0.16810530326085157,89.10290948275862,country
country.00013.wav,-126.18547058105469,45.64132308959961,77.63613891601562,23.192752838134766,3.1659164428710938,18.685165405273438,19.950849533081055,10.3174409866333,10.833183288574219,13.153554916381836,0.7266967296600342,10.192544937133789,5.217695713043213,9.538225173950195,-0.4929520785808563,8.867151260375977,-0.999363124370575,8.832313537597656,5.389013290405273,9.334449768066406,-3.735502004623413,7.387868881225586,-3.500471353530884,6.796575546264648,-5.331846714019775,7.0555925369262695,0.3681032061576843,0.2938500940799713,2812.414612083667,723.2394312623468,2842.082595520709,418.7302221224998,6062.846672128967,1682.2057551640355,0.12956497617550308,0.04883861052443066,0.08002934604883194,0.033342573791742325,18.68514019426759,4.4960055495758615,-0.0009769143115813167,0.1455642660427656,129.19921875,country
country.00014.wav,-124.63310241699219,48.315887451171875,72.52176666259766,24.349166870117188,16.713680267333984,17.606943130493164,18.248218536376953,13.42468547821045,12.224787712097168,10.996018409729004,8.088154792785645,8.943239212036133,7.982229232788086,8.176419258117676,-0.5219014883041382,7.817506313323975,2.3674657344818115,8.7023286819458,-0.5643610954284668,7.629444599151611,-5.573391437530518,7.026402473449707,0.5387731790542603,7.81353759765625,-5.0671539306640625,7.845142364501953,0.3647681474685669,0.2969367206096649,2951.9486784809105,983.31319083709,3036.2061234055395,354.24977007641695,6568.8436124346945,1633.0516152082962,0.12474225401509288,0.08164670134290412,0.09264680743217468,0.032391056418418884,18.999563694350044,4.60231385027653,0.0016262300939573937,0.1619719673153387,135.99917763157896,country
country.00015.wav,-116.17637634277344,49.395572662353516,111.72994995117188,28.803203582763672,-5.24551248550415,18.1220645904541,33.995697021484375,9.905097007751465,-12.458563804626465,10.455737113952637,4.250616550445557,7.369265079498291,-14.42815113067627,8.272278785705566,8.494948387145996,9.295258522033691,-8.198229789733887,9.737218856811523,-1.345650315284729,7.219788074493408,-12.559845924377441,6.16288948059082,-5.005492210388184,6.441247463226318,-2.149932384490967,5.76025915145874,0.3796985149383545,0.282120019197464,1959.337324250709,596.8205171328955,2147.1033968251777,320.90434271954086,4208.8912160773025,1247.0019673322251,0.09426624782314241,0.04685038846914127,0.10473949462175369,0.0258439090102911,18.73760895488224,4.685494785309301,-0.004771878903229904,0.15250622302656788,151.99908088235293,country
country.00016.wav,-210.17332458496094,57.792240142822266,139.61767578125,28.637115478515625,-16.979991912841797,28.38666343688965,58.00302505493164,14.299012184143066,-9.65481185913086,15.269635200500488,-1.964507818222046,9.107382774353027,-18.00123405456543,9.510176658630371,-8.207504272460938,7.814722061157227,-11.778446197509766,8.732961654663086,-7.882442951202393,7.511263847351074,0.6071053743362427,9.85767936706543,-9.965226173400879,6.5919694900512695,-6.466773986816406,6.239518165588379,0.3225773572921753,0.2969835102558136,1425.8089845409772,481.7747112115747,1648.61482287627,331.4112553417532,2880.507581964735,1166.722909786904,0.06017386138254644,0.024269573067012565,0.07976905256509781,0.02749483659863472,19.59447646836621,4.666608059343732,-0.011225731379510814,0.168459893173006,107.666015625,country
country.00017.wav,-171.33900451660156,57.67680740356445,137.3545684814453,32.472713470458984,7.964578628540039,11.35498332977295,28.53956413269043,9.639708518981934,2.7081968784332275,12.020755767822266,-0.5015100836753845,7.738970756530762,-2.9561004638671875,5.877518177032471,-1.1593420505523682,8.14968204498291,-6.159660339355469,7.466302871704102,-2.4005284309387207,7.962721347808838,-5.853388786315918,7.183119773864746,-2.166609287261963,6.613917350769043,-5.343712329864502,5.988577365875244,0.35718655586242676,0.28404346108436584,1469.7849502285726,532.9652964107709,1959.9876648535565,446.5459198313756,2966.873726387142,1361.2311216776623,0.06385600087074303,0.028574357614648493,0.08870291709899902,0.01860712468624115,18.74961562428992,4.404596271242401,0.014221969842497479,0.15406528282539245,89.10290948275862,country
country.00018.wav,-131.1485595703125,44.53898239135742,102.99636840820312,23.146726608276367,-11.533306121826172,18.259557723999023,17.739639282226562,12.779117584228516,16.96238899230957,12.665072441101074,4.435606956481934,11.813603401184082,1.296534538269043,10.89376449584961,3.41845965385437,8.905964851379395,-1.4990546703338623,8.114496231079102,1.617172360420227,9.472620010375977,-7.983499050140381,7.533247947692871,-0.8249755501747131,8.198620796203613,-8.876751899719238,7.497932434082031,0.3699391782283783,0.2873973548412323,2068.772763718777,585.3233868691007,2370.0194416842432,379.401304561358,4098.033553085091,1433.7653443287084,0.09561053296729877,0.040341749614062054,0.09677968919277191,0.03180070221424103,19.820926397961767,4.027950330675955,0.05812680629133296,0.18686310590652622,86.1328125,country
country.00019.wav,-256.0635681152344,72.56438446044922,163.1016082763672,29.562829971313477,-22.872879028320312,26.95037269592285,26.93337059020996,19.45856285095215,15.301941871643066,15.626439094543457,-3.5052199363708496,12.684361457824707,4.217087268829346,12.74741268157959,-0.7930167317390442,9.963127136230469,-9.463187217712402,9.294209480285645,1.7569612264633179,7.807318687438965,-4.423062324523926,7.818293571472168,-3.6401736736297607,7.020565032958984,-4.252334117889404,7.151165962219238,0.3157433569431305,0.30546247959136963,1138.6702901800775,402.26379816937805,1462.0454419306657,274.14323985729544,2117.4705292787344,829.0838126380823,0.050959631385448914,0.03180371014668049,0.08205685764551163,0.056474607437849045,20.38203020981209,5.083239311810664,0.07016093991737929,0.18808052538767217,83.35433467741936,country
country.00020.wav,-161.0912322998047,72.96217346191406,74.7069091796875,36.948055267333984,22.421598434448242,16.077871322631836,46.01198959350586,19.827348709106445,5.269036293029785,15.19092082977295,25.112390518188477,10.579183578491211,-0.5864292979240417,11.351832389831543,10.375497817993164,8.77723217010498,-6.83021879196167,11.125391960144043,5.049812316894531,11.52824878692627,-0.769786536693573,7.100826740264893,1.4022417068481445,8.590903282165527,-6.011288642883301,8.24545955657959,0.3655446469783783,0.2931016683578491,2409.267879260446,1034.338647378921,2533.230941226111,391.9285896249692,5215.735127829915,1812.9749129074503,0.08685812935371517,0.07362531895374307,0.10520260781049728,0.03146624192595482,19.98700140878738,4.342949581835534,-0.025879070810395075,0.21796365835389353,103.359375,country
country.00021.wav,-209.38938903808594,52.00715255737305,167.13980102539062,21.612634658813477,-20.86545181274414,18.449899673461914,36.81765365600586,17.939546585083008,10.305033683776855,17.296356201171875,3.9740636348724365,11.175046920776367,-5.662354469299316,12.43411922454834,-4.638091564178467,10.227724075317383,-6.23797082901001,10.245267868041992,-4.1778645515441895,9.249283790588379,-6.688474178314209,9.34477424621582,-3.263476848602295,7.251453876495361,-7.967005252838135,7.45626163482666,0.288941353559494,0.3019467294216156,1043.9737111043523,321.11900600531413,1393.023731509997,226.99813910578865,1945.0382386198723,746.3448486629975,0.04559534031540248,0.019623295230523113,0.10983680188655853,0.04092574492096901,20.306184384901808,4.813353398344555,0.026580280460606,0.16299572016993405,107.666015625,country
country.00022.wav,-195.12416076660156,55.88364028930664,114.29300689697266,20.944400787353516,0.00142979109659791,21.10567283630371,38.178550720214844,15.899984359741211,11.291478157043457,16.91046714782715,-6.07515811920166,15.152563095092773,1.2188284397125244,12.702594757080078,-0.004193096421658993,9.534917831420898,-15.420766830444336,12.390809059143066,-3.5709002017974854,9.8655366897583,-6.125418186187744,9.587750434875488,-4.500051021575928,9.430211067199707,-0.12475656718015671,8.015008926391602,0.3214172124862671,0.3005097806453705,1719.3372066856614,419.9345204413708,2141.9342898901655,327.53341901783847,3448.595813479586,1083.0009400583099,0.06805325440208979,0.026146789597961014,0.07503542304039001,0.032033771276474,19.83359606263226,4.545409611953886,-0.018394840845691485,0.1625988842841541,184.5703125,country
country.00023.wav,-353.0542297363281,80.4656982421875,110.63209533691406,28.24404525756836,32.743377685546875,26.41408920288086,24.164182662963867,16.591115951538086,18.746185302734375,15.213644027709961,5.92488956451416,11.13913631439209,-1.7401658296585083,10.644132614135742,3.8813748359680176,9.328425407409668,-2.9872541427612305,10.193836212158203,-1.9034862518310547,7.719324588775635,-2.8664543628692627,9.227840423583984,-0.978874683380127,9.845794677734375,-6.4891204833984375,8.130681991577148,0.30551111698150635,0.31440016627311707,1496.56913504939,790.3270365820623,2333.0838753541902,496.04082632154484,3056.189852971411,2098.0979020575087,0.03548126693111455,0.04358087747289947,0.038845717906951904,0.02164250798523426,20.371832176076694,5.282869211819272,-0.019882791696832026,0.2910078319601727,83.35433467741936,country
country.00024.wav,-199.98284912109375,74.72285461425781,109.12154388427734,40.18654251098633,-5.546024799346924,17.839557647705078,48.13289260864258,15.387895584106445,1.2039799690246582,19.599395751953125,4.597491264343262,14.18569564819336,-9.15217399597168,12.198643684387207,-1.471274971961975,9.6672945022583,-11.665059089660645,8.485898971557617,-5.204099178314209,10.950812339782715,-11.550537109375,8.093988418579102,4.9783477783203125,10.34029769897461,-4.9808197021484375,8.461335182189941,0.2704443037509918,0.3012160658836365,1739.321196159216,756.5200631975913,1907.3936481055632,399.23725691360556,3425.5292862930532,1531.8056138701252,0.0824598188370743,0.04773217128956151,0.09660106897354126,0.04094678536057472,21.411477015427465,5.032959118516849,0.09573953423775822,0.19680428766312286,129.19921875,country
country.00025.wav,-200.5531768798828,63.48976516723633,119.65538024902344,31.6086483001709,-3.6046814918518066,17.507339477539062,31.952964782714844,16.491926193237305,9.957965850830078,14.281791687011719,15.293296813964844,13.229687690734863,0.6486002206802368,9.959628105163574,0.2364620715379715,9.780495643615723,-4.4767165184021,8.58430004119873,-2.310882329940796,9.076854705810547,-5.255605220794678,8.016489028930664,-2.473747730255127,7.312499523162842,-6.0480217933654785,8.277478218078613,0.34731099009513855,0.298587441444397,1565.7683179567373,642.2697185293144,2016.5056375841798,386.613891535124,3190.1057098672118,1412.241926697509,0.05730313044214396,0.03975641387073696,0.07990662008523941,0.033665381371974945,19.83825747344449,4.295881922042503,0.055630044430740405,0.17106540964076908,73.828125,country
country.00026.wav,-194.26962280273438,55.90336227416992,151.78431701660156,31.181978225708008,-3.034252166748047,20.132308959960938,29.480588912963867,18.175901412963867,9.101757049560547,17.054134368896484,5.985580921173096,12.16646671295166,3.78444504737854,12.21448040008545,3.7657217979431152,12.150965690612793,-5.869409561157227,10.536432266235352,1.5940247774124146,9.909704208374023,-3.766415596008301,9.804539680480957,0.9295917749404907,8.185275077819824,1.9723039865493774,8.467144012451172,0.32973626255989075,0.28990665078163147,1270.4148783967134,522.1277610980595,1702.296029495803,366.0415515949849,2498.2598933642125,1263.4402442208539,0.05483186798568111,0.0299522917730298,0.10049913078546524,0.036178238689899445,19.832223691686565,4.762161051356357,0.032954576071140024,0.1918307033524105,107.666015625,country
country.00027.wav,-100.73442840576172,43.99921417236328,106.97025299072266,21.14878273010254,-27.180389404296875,23.913818359375,29.091337203979492,15.36612606048584,5.039496898651123,14.898798942565918,-5.429043292999268,11.339405059814453,3.24574613571167,10.869529724121094,-5.1666436195373535,6.843414306640625,-5.103821277618408,8.304020881652832,-0.8067116737365723,7.665407657623291,-3.8309824466705322,6.697849273681641,-2.7171006202697754,7.178062915802002,-6.651432037353516,6.527157783508301,0.3917749226093292,0.28635329008102417,2012.1998825497253,425.35800098383925,2140.5495163521114,410.3933363023677,3908.3263668851587,1050.757898632124,0.0973951026751161,0.0305604394754012,0.11655924469232559,0.032056741416454315,19.417906683879938,5.6984950885442185,0.021611877186388885,0.1716465716106071,92.28515625,country
country.00028.wav,-169.19261169433594,40.049644470214844,132.806640625,18.360532760620117,-13.484966278076172,16.34636878967285,31.18226432800293,12.693684577941895,6.335588455200195,12.722161293029785,-3.7656242847442627,10.19123363494873,-2.0574631690979004,8.64859676361084,-3.6175503730773926,8.378844261169434,-4.556713104248047,11.477136611938477,1.2857977151870728,8.452187538146973,-6.986225128173828,7.573245048522949,-7.255014896392822,8.990090370178223,-1.3873172998428345,7.601747989654541,0.31836503744125366,0.29753416776657104,1474.0010327537864,348.4656332654813,1885.7963023939287,278.6060508365201,2925.3573107645607,772.420677477693,0.05981898824496904,0.02437201932904216,0.09411101788282394,0.030844995751976967,20.610825613494747,5.208018778875137,0.0006524144632093838,0.18555041347587276,89.10290948275862,country
country.00029.wav,-171.28872680664062,47.407623291015625,160.4967041015625,24.78814125061035,-17.804439544677734,21.977182388305664,30.512203216552734,13.298724174499512,7.514743804931641,13.606633186340332,-8.256041526794434,11.63611888885498,-5.670382022857666,8.540815353393555,0.13195091485977173,8.522357940673828,-8.836377143859863,8.756542205810547,-2.6552679538726807,7.248849868774414,0.7057316303253174,9.729801177978516,-3.7849600315093994,7.604909420013428,-6.500515460968018,7.525027275085449,0.309946209192276,0.29863640666007996,1214.054895968694,382.9116430888421,1555.3850334761114,391.70209515955656,2274.1112487604005,977.7795849882959,0.054208666916602165,0.021584338173416324,0.11707953363656998,0.04504552483558655,19.334756078764546,4.090145957840531,-0.043617267841503535,0.1573592874624225,89.10290948275862,country
country.00030.wav,-277.1022033691406,62.084808349609375,128.25643920898438,29.732378005981445,42.4285888671875,16.938068389892578,37.69783020019531,9.984899520874023,12.78097152709961,11.038721084594727,9.599224090576172,10.214929580688477,-5.983116626739502,10.15693187713623,-7.538271903991699,8.681292533874512,-8.034318923950195,9.369420051574707,-4.942378044128418,9.474566459655762,-6.530048370361328,10.269221305847168,-3.627953052520752,10.899304389953613,-7.228426456451416,10.753129005432129,0.22133958339691162,0.29357773065567017,1240.5895174256275,580.3726435049879,1996.8404273431884,534.4884867220183,2412.9187427438083,1908.721589413968,0.042844034200851394,0.015186132541119165,0.07961926609277725,0.04654206708073616,22.08709536059784,5.100572799877764,0.04031033222999626,0.2818288419684097,161.4990234375,country
country.00031.wav,-130.4947052001953,46.53218078613281,104.13706970214844,28.99643325805664,-19.26140022277832,17.5731258392334,34.15361785888672,12.031440734863281,5.413920879364014,11.97899341583252,-2.166883707046509,9.473371505737305,-0.7268798351287842,10.559581756591797,-2.8929858207702637,9.992341041564941,-5.459534645080566,8.222664833068848,4.080211639404297,9.1204252243042,-4.462240695953369,7.672891616821289,3.5235819816589355,8.245830535888672,2.147012948989868,7.696048736572266,0.31330618262290955,0.2861419916152954,2052.937539079165,719.1972723726491,2187.74961377564,456.2456919279047,4094.358575307179,1426.0779983692885,0.09529609798277863,0.04942497475310151,0.10080858319997787,0.03520170971751213,20.943426846163028,4.412449453928666,0.09009341609859592,0.2012148988555616,112.34714673913044,country
country.00032.wav,-237.99351501464844,68.26213073730469,97.70346069335938,31.35110092163086,6.526741981506348,18.899213790893555,45.97761535644531,14.692184448242188,2.154768705368042,14.438043594360352,16.221973419189453,8.72357177734375,8.825113296508789,9.6393461227417,7.767008304595947,9.327171325683594,-0.5937918424606323,9.475810050964355,4.480260372161865,8.409797668457031,0.14091596007347107,7.496097564697266,3.0210771560668945,6.900148868560791,-1.6638002395629883,9.72875690460205,0.33104121685028076,0.3021199405193329,1823.4330215874613,741.2430566256797,2206.257974253683,461.9399688587086,4016.8007109556406,1497.8254414584858,0.0676016320385062,0.045078739586647786,0.06050447002053261,0.03489638864994049,23.325944346843627,4.977474680270818,0.021922544443102845,0.2768606376214092,99.38401442307692,country
country.00033.wav,-133.3365020751953,64.49481201171875,78.99036407470703,27.2696475982666,-5.650647163391113,21.789461135864258,35.522865295410156,19.32423210144043,-7.547708511352539,12.80424976348877,7.92803955078125,11.447989463806152,2.7298073768615723,10.936654090881348,0.39645376801490784,10.45495891571045,-1.1331299543380737,9.419958114624023,-1.1071386337280273,8.542961120605469,-7.8454437255859375,9.420886993408203,-1.1711783409118652,8.476112365722656,-4.8140177726745605,7.992835998535156,0.3167600631713867,0.30003854632377625,2456.555660328369,675.8869036478014,2387.529908663703,391.70247461612104,4914.728614641786,1264.5953625395116,0.12361565462945047,0.05666182057738311,0.10454683005809784,0.0480307936668396,20.98757812314484,4.99765338651212,-0.015146094790371366,0.18550627474164966,92.28515625,country
country.00034.wav,-153.8673553466797,53.41465759277344,83.68424987792969,28.96649169921875,-8.418766975402832,25.0738525390625,13.969093322753906,12.952205657958984,13.551848411560059,12.166001319885254,3.773253917694092,14.579322814941406,3.0063745975494385,10.359442710876465,6.347874164581299,8.750514030456543,2.06679630279541,9.398386001586914,2.075455665588379,9.319226264953613,3.195274591445923,9.835832595825195,-0.47532379627227783,8.666664123535156,-3.025930643081665,8.93906021118164,0.3592577874660492,0.3019742965698242,2614.1281512828127,890.0026040549079,2655.9181746441463,526.5693479962732,5435.150467722039,2001.4373017643327,0.11928688261900154,0.058079505230610576,0.07824791222810745,0.03989316523075104,19.206108197393853,5.686868955980841,0.007800514752035084,0.1534819794991217,135.99917763157896,country
country.00035.wav,-120.38322448730469,40.893341064453125,95.34891510009766,26.776458740234375,-6.00827169418335,17.820215225219727,25.168930053710938,17.27522087097168,20.961814880371094,15.034280776977539,-7.139915466308594,13.704596519470215,8.552629470825195,8.984153747558594,2.440012216567993,9.887622833251953,-14.663630485534668,9.45940113067627,9.296396255493164,11.858739852905273,-2.3618507385253906,9.384747505187988,-3.156472682952881,8.324263572692871,0.6094833612442017,7.16375207901001,0.3759380877017975,0.28561073541641235,2322.0772479079756,737.3790875344037,2545.6257559133423,394.869651207409,4581.230631258465,1628.7444419601745,0.10437125096749227,0.050576452736404445,0.09997189790010452,0.03386293724179268,19.67540765115332,4.52464387528649,0.02740040084855874,0.15889581509291295,99.38401442307692,country
country.00036.wav,-339.7991027832031,83.28800964355469,97.781005859375,33.65457534790039,-9.695911407470703,26.242313385009766,50.98689651489258,17.166345596313477,7.824944496154785,17.46095848083496,11.747367858886719,17.059646606445312,0.684760570526123,11.53347110748291,2.4938344955444336,10.077178955078125,-4.775411605834961,9.204387664794922,0.19351886212825775,8.786081314086914,-5.974664688110352,8.626919746398926,-2.8948965072631836,9.097016334533691,-6.157009124755859,7.415005207061768,0.3446478247642517,0.29379573464393616,1827.093958381686,757.6809305587022,2050.585534980529,369.3283750318537,3647.25294556042,1511.3678834507082,0.0848248839009288,0.06113420406689215,0.022713258862495422,0.015918664634227753,22.158479109867333,5.033842596605678,-0.11109606078504801,0.22999273206712287,112.34714673913044,country
country.00037.wav,-173.44410705566406,50.90431594848633,105.05278015136719,32.128684997558594,1.1553170680999756,21.19719696044922,24.114843368530273,14.592374801635742,22.125150680541992,16.420259475708008,2.5424928665161133,14.03900146484375,-1.5812402963638306,9.831754684448242,0.1749143749475479,8.280410766601562,-5.323044300079346,9.722704887390137,3.8141825199127197,8.61827278137207,-4.523899555206299,8.711503028869629,-4.587283134460449,7.844397068023682,-1.5664962530136108,6.894744396209717,0.37397298216819763,0.2902347147464752,2069.180155621707,824.0269554409707,2437.8452686900728,479.0360127308742,4234.307729053792,1882.6195008389827,0.08500288735971362,0.050835078679474364,0.07204184681177139,0.02847418561577797,18.77924960712541,4.057918749097383,-0.04646115382763544,0.2178125805647429,99.38401442307692,country
country.00038.wav,-118.028564453125,43.03271484375,74.16700744628906,24.01590919494629,8.288135528564453,17.433277130126953,15.46252155303955,14.432156562805176,6.154968738555908,9.80020523071289,8.443999290466309,10.433829307556152,4.118830680847168,9.542184829711914,5.738997459411621,8.809207916259766,-1.9503189325332642,8.905850410461426,3.1639111042022705,9.166733741760254,5.040856838226318,8.067547798156738,-1.1298935413360596,7.547806739807129,2.4367034435272217,7.463411331176758,0.36715516448020935,0.29291900992393494,2860.3399496357706,721.1782078206312,2919.8629475089024,383.90353484186585,6247.037225020559,1464.6209501784915,0.12115799753289473,0.04498343411047732,0.09092474728822708,0.030441727489233017,18.729138313510713,4.175973951933658,0.0583186683502254,0.15265315891438308,151.99908088235293,country
country.00039.wav,-89.73638153076172,44.358604431152344,36.28620147705078,21.37132453918457,11.469534873962402,17.997495651245117,37.49559020996094,14.299729347229004,9.199135780334473,14.058709144592285,3.740518569946289,8.127074241638184,2.840357780456543,10.664947509765625,6.811539173126221,9.290164947509766,1.4674553871154785,7.738260269165039,0.09733819961547852,7.570973873138428,1.0258601903915405,7.431993007659912,1.1755472421646118,7.102167129516602,-3.5642974376678467,7.321560859680176,0.4378194212913513,0.2741459012031555,3760.4244872923673,766.019343374314,3053.0667721793766,357.29057317858525,7442.646662000532,1315.349647062074,0.21237475510352166,0.06243236010648071,0.09631170332431793,0.027604177594184875,18.98255166353005,4.63804231161489,-0.007811386188988855,0.09322671158520833,123.046875,country
country.00040.wav,-102.89669799804688,57.49147033691406,85.32916259765625,20.535724639892578,-4.324985027313232,18.65118980407715,30.583778381347656,14.383293151855469,3.0101559162139893,14.475696563720703,-1.9592187404632568,11.498467445373535,4.445295333862305,10.331523895263672,3.420520067214966,8.1137056350708,-4.253562927246094,8.997546195983887,-1.7714000940322876,8.014456748962402,-3.970628023147583,7.739811897277832,-1.3591872453689575,7.550227642059326,-3.7630884647369385,7.684266567230225,0.37339210510253906,0.29338881373405457,2449.9415972837987,546.7750601165043,2560.4616825468997,350.81783355572827,5043.0028389851,1267.577777790949,0.10633306828076626,0.03583823007695159,0.1089937686920166,0.03894542530179024,18.818610711552083,5.19445454172746,0.03049623032135724,0.15266251561017255,143.5546875,country
country.00041.wav,-111.69470977783203,51.31687927246094,82.26009368896484,28.403303146362305,13.068495750427246,19.766036987304688,31.930076599121094,13.180761337280273,23.683029174804688,11.883146286010742,-0.5323793292045593,11.64461898803711,12.029793739318848,9.09842586517334,3.6602065563201904,9.664631843566895,-5.738521575927734,12.44144344329834,3.3330349922180176,7.601282596588135,1.4207491874694824,7.668001174926758,0.7725829482078552,7.023391246795654,0.5596444010734558,7.230308532714844,0.39776524901390076,0.28691285848617554,2634.0466588107224,906.2020119651899,2898.654345079428,483.43258854739673,5807.6232154302925,2135.520786078756,0.09585618529895511,0.05358683770124777,0.11318445205688477,0.024162082001566887,18.54315723762557,4.286011169946537,0.05546052856866363,0.1795805307994583,129.19921875,country
country.00042.wav,-101.28809356689453,39.20932388305664,84.1390151977539,18.709253311157227,7.751808166503906,14.499027252197266,30.383913040161133,12.003307342529297,13.85435962677002,10.686361312866211,11.632600784301758,9.123363494873047,-0.11175934225320816,7.365471839904785,-4.939070224761963,8.876925468444824,-2.370659589767456,7.354380130767822,-1.9748867750167847,7.504568576812744,-8.187719345092773,7.153939723968506,2.825073719024658,7.758325576782227,0.5467091798782349,7.812064170837402,0.3916036784648895,0.29215118288993835,2386.8223453587584,586.8765117056336,2715.9968533779856,344.6247036837214,5389.550743457334,1280.5289241515745,0.08702592879256967,0.035707052236351504,0.11769700050354004,0.022267330437898636,19.405996754882565,5.380089130598447,0.03207277455402363,0.1644604105579276,103.359375,country
country.00043.wav,-101.19902038574219,51.719417572021484,85.43054962158203,24.628398895263672,-19.695709228515625,17.739925384521484,20.584856033325195,12.738755226135254,9.973623275756836,13.019937515258789,7.594192981719971,9.036006927490234,0.10405591875314713,11.407133102416992,3.40543794631958,7.907928943634033,0.04641161486506462,8.5090913772583,1.5777519941329956,8.57358169555664,-1.450095295906067,6.978142738342285,-1.2814346551895142,6.65373420715332,2.1464107036590576,7.379147052764893,0.4032820165157318,0.2868066430091858,2530.853994149147,626.5876728876552,2491.487169319094,365.4041926227767,5071.785998270608,1350.3600700357408,0.1343000193498452,0.04713023080878741,0.09496325254440308,0.03829747438430786,18.29992200118385,3.978358251631329,0.013882072336739418,0.13419965759067162,135.99917763157896,country
country.00044.wav,-162.72116088867188,71.26000213623047,119.81047821044922,33.78339385986328,-2.8799524307250977,20.36370086669922,20.506132125854492,17.760223388671875,27.80887222290039,16.065452575683594,5.485367298126221,19.54827880859375,6.040956020355225,11.201416969299316,1.2045438289642334,9.259331703186035,-3.6995325088500977,8.695971488952637,0.34238559007644653,8.619551658630371,4.411624908447266,9.55288028717041,-0.4080611765384674,7.426643371582031,2.459360122680664,8.610447883605957,0.3600381910800934,0.29215362668037415,1730.559357956436,749.092222169737,2248.639954888259,550.1378419417841,3360.9380102009964,1728.9103422323744,0.0665200059258901,0.03922020430981034,0.11366552859544754,0.03761531412601471,21.607385122752298,4.760645706486296,-0.017461708290911454,0.2746233178945231,78.30255681818181,country
country.00045.wav,-61.23540115356445,48.45711898803711,71.2633285522461,25.525888442993164,-17.042137145996094,21.64165687561035,17.118322372436523,19.96080207824707,5.0581464767456055,13.892325401306152,-4.204788684844971,12.925355911254883,-1.667630910873413,11.857335090637207,1.1733667850494385,9.872960090637207,-0.8542969822883606,11.002732276916504,4.976346969604492,9.199661254882812,-1.6956690549850464,9.38178825378418,4.8454179763793945,10.113363265991211,-0.1578167825937271,7.873979568481445,0.3455454707145691,0.304421991109848,2777.1145172614247,728.5211508584356,2647.662214458651,344.7845698026324,5621.632673422988,1398.1254508540312,0.13296442651896284,0.05914689739302819,0.14661237597465515,0.04222141578793526,18.84491642638932,4.710337602556926,0.001476272366192898,0.11975508377902623,78.30255681818181,country
country.00046.wav,-126.89159393310547,48.02386474609375,103.4920654296875,25.76628875732422,-31.892566680908203,19.115951538085938,58.71932601928711,16.662315368652344,-1.9583547115325928,16.105539321899414,-3.130634069442749,12.27817153930664,-2.9370546340942383,9.932971000671387,0.36575213074684143,9.49159049987793,-3.038083553314209,11.762994766235352,-0.82976233959198,7.586181640625,5.585165500640869,11.27863883972168,-10.142878532409668,10.409419059753418,0.7323167324066162,9.353830337524414,0.3741157650947571,0.2927383482456207,2109.4728877007824,547.0277963023775,1933.8739158319513,293.71251152734396,3843.9517561496227,905.6098857083834,0.11589196739551083,0.047611324353133665,0.10333061963319778,0.03324902430176735,20.31600703791691,5.110160725770196,-0.003933635929991228,0.16052985539883263,78.30255681818181,country
country.00047.wav,-165.51901245117188,42.131160736083984,117.87925720214844,24.99842643737793,-33.60674285888672,15.571870803833008,42.62331771850586,16.504196166992188,-1.3848820924758911,11.062418937683105,3.831390619277954,8.783873558044434,7.169803142547607,8.868790626525879,-7.170013904571533,7.854395866394043,-1.631492257118225,8.141498565673828,0.875454843044281,8.184148788452148,-12.514056205749512,8.676563262939453,2.89426326751709,7.48065710067749,-12.372036933898926,8.595129013061523,0.310234397649765,0.28818073868751526,1784.3451875096134,446.8864199284784,1840.1470652453863,273.11108287878625,3556.786825930002,938.3433223941912,0.09412943837074303,0.040130356300566314,0.09065508842468262,0.03127746284008026,21.62981990216909,5.138227918591588,0.06657276339039203,0.13892222649055322,151.99908088235293,country
country.00048.wav,-149.0001678466797,72.3292007446289,107.24382019042969,26.487943649291992,11.190145492553711,19.855031967163086,26.698795318603516,14.601202011108398,11.405787467956543,16.332813262939453,-3.808100938796997,14.207443237304688,14.028653144836426,9.583582878112793,-5.892951011657715,9.485676765441895,-11.049588203430176,9.93897819519043,2.8112707138061523,9.194951057434082,-8.445196151733398,9.104525566101074,3.1889073848724365,8.180136680603027,-0.7737127542495728,7.768829822540283,0.31090641021728516,0.30195820331573486,1939.716518680421,649.7647919747056,2482.432245833719,404.3653568533712,4126.216715998694,1537.1173702105514,0.0639731581366099,0.03404554543959908,0.1169344037771225,0.0458003468811512,20.305422436822834,5.672991819728233,-0.013760851410658848,0.12886454139383655,117.45383522727273,country
country.00049.wav,-109.98737335205078,47.432403564453125,134.7486114501953,28.800424575805664,-24.02614402770996,16.50579261779785,19.394617080688477,11.895235061645508,-4.407176494598389,13.67417049407959,-4.8148884773254395,10.554314613342285,-7.800572872161865,9.994053840637207,-0.393700510263443,8.184537887573242,-5.415931701660156,8.39640998840332,-2.957000255584717,7.6278886795043945,0.7814668416976929,7.663469314575195,-4.776980876922607,7.546689033508301,-0.1722172349691391,6.701598167419434,0.32361742854118347,0.2987622320652008,1600.3408733031765,495.9192769501045,1826.545250818989,359.58352168260785,3007.5151473006968,1091.7544593690425,0.07581624600909442,0.028124913795809045,0.14357976615428925,0.041051704436540604,19.227685534893713,4.764012834792599,0.047796445810018205,0.18108036046238063,112.34714673913044,country
country.00050.wav,-143.12673950195312,50.48908233642578,121.89800262451172,24.543163299560547,-13.344369888305664,19.160873413085938,47.77785110473633,13.971702575683594,-12.660494804382324,14.044909477233887,23.372251510620117,10.587449073791504,-10.994921684265137,11.858424186706543,18.85610008239746,9.935851097106934,-13.706635475158691,12.046090126037598,15.95097541809082,11.03544807434082,-11.356477737426758,8.747171401977539,10.288700103759766,7.9529290199279785,-6.0024847984313965,9.262462615966797,0.3509872853755951,0.29234111309051514,1779.496144918959,627.0142176665081,2035.982510591775,400.1285113704996,3873.6182434270995,1364.9785534592966,0.07890693026799536,0.04591949146356421,0.10938402265310287,0.031495846807956696,22.518652418037476,8.25768477822208,0.0675651276665363,0.19220573277985326,117.45383522727273,country
country.00051.wav,-204.71435546875,51.48281478881836,121.915771484375,26.559560775756836,-17.7427978515625,16.931900024414062,46.32460021972656,12.787023544311523,-1.7955843210220337,15.14598274230957,17.031993865966797,12.012404441833496,-14.699763298034668,11.748075485229492,14.66740608215332,10.325197219848633,-19.392898559570312,12.058380126953125,10.903635025024414,13.107255935668945,-13.474712371826172,9.354183197021484,1.2002156972885132,9.570756912231445,-6.213006019592285,9.322026252746582,0.2746720612049103,0.30941110849380493,1552.7721617035625,611.9710824021334,1848.6019397530897,368.36777070397756,3166.9225167194754,1202.9719514785513,0.0592494527621904,0.043583400090552685,0.09027794003486633,0.028769610449671745,25.2291359638313,6.649813943707331,0.03432663621359802,0.25950560494989794,64.599609375,country
country.00052.wav,-265.2758483886719,57.52015686035156,138.8597869873047,25.23729705810547,6.141732692718506,16.988656997680664,47.49591827392578,16.486770629882812,-2.3968021869659424,19.327951431274414,21.038162231445312,10.488151550292969,4.086073398590088,10.297255516052246,17.653968811035156,11.236947059631348,-12.029909133911133,11.760662078857422,15.491059303283691,13.521366119384766,-1.1331511735916138,9.221933364868164,7.889359474182129,10.388188362121582,0.49858149886131287,9.475517272949219,0.3287540078163147,0.2961803674697876,1115.7881616130558,479.4985944164119,1662.9965162936762,375.0739579768722,2348.0441350316855,1210.9859265522766,0.03547446425116099,0.0249863436185921,0.06950384378433228,0.019812721759080887,23.643592129957643,5.955497876763893,0.02180266118982167,0.29166728788982904,71.77734375,country
country.00053.wav,-84.74407196044922,37.40282440185547,100.98661041259766,17.75621795654297,-16.020492553710938,12.373971939086914,51.76194763183594,13.252324104309082,-17.082294464111328,11.217090606689453,22.577102661132812,7.487339019775391,-20.2999267578125,9.269243240356445,18.914926528930664,7.752536296844482,-19.4926815032959,8.432074546813965,15.328481674194336,9.186919212341309,-17.741413116455078,7.6379170417785645,8.583118438720703,6.739147663116455,-15.0005521774292,7.666517734527588,0.3733532726764679,0.2909652292728424,2271.2893251438104,490.7768486142936,2297.109620641219,246.3006990087509,4956.728360675068,958.7350984229693,0.10825444744098298,0.035117035681309756,0.1335311233997345,0.03360048308968544,21.61101697939898,9.349983832074658,0.04414570556721273,0.16710167459889277,89.10290948275862,country
country.00054.wav,-175.01629638671875,39.766395568847656,115.70677947998047,23.748958587646484,5.106450080871582,12.819377899169922,58.16065216064453,11.134419441223145,-3.3279542922973633,10.496997833251953,29.664283752441406,9.447732925415039,-10.028761863708496,8.97472095489502,19.655780792236328,9.927125930786133,-16.303510665893555,10.092607498168945,13.737743377685547,10.46923542022705,-8.819840431213379,7.423072814941406,7.224039554595947,9.60865592956543,-8.892760276794434,8.817566871643066,0.3127687871456146,0.29836827516555786,1654.6143319062874,555.8096451887344,2105.5250083120286,368.2886866238299,3908.434699563419,1332.4532690168219,0.06020787478231424,0.0249648464017551,0.10426096618175507,0.02999149262905121,24.001905617074716,7.417316894634269,-0.028925353664736336,0.26839737774277145,75.99954044117646,country
country.00055.wav,-82.96261596679688,39.03400802612305,122.53279876708984,19.158123016357422,-16.65855598449707,10.905445098876953,40.01591110229492,9.647082328796387,-15.00722885131836,11.70949649810791,21.670377731323242,8.965665817260742,-18.256282806396484,6.8099164962768555,18.36186408996582,6.412144660949707,-17.988773345947266,8.092679023742676,16.99161148071289,6.862003803253174,-16.0396728515625,6.314539432525635,8.533731460571289,7.702838897705078,-8.70678424835205,6.815852165222168,0.3570769727230072,0.2901085615158081,1881.161817758554,401.635093742474,2116.237657232868,291.8318497214383,4111.466805189387,1061.0816247896103,0.08110419589299536,0.023314182961133613,0.15497614443302155,0.038564447313547134,21.968946690943874,8.768850351801124,-0.007997958495169788,0.18052747662650176,129.19921875,country
country.00056.wav,-164.79193115234375,68.9876480102539,123.42044830322266,23.69948959350586,4.234655380249023,21.990978240966797,48.788734436035156,11.133212089538574,-5.151331424713135,15.505232810974121,22.84455108642578,11.909099578857422,-7.805298328399658,8.87120532989502,19.294296264648438,8.94086742401123,-11.024413108825684,10.379802703857422,21.256271362304688,12.319210052490234,-9.740571022033691,8.068572044372559,5.1541314125061035,10.272321701049805,-6.141110420227051,7.266480445861816,0.31916454434394836,0.2900329828262329,1468.7461596453222,538.6875627453052,1960.733622781912,403.0102600395185,3213.230570034346,1404.3823490478433,0.054941088791602165,0.03178465245559216,0.13618691265583038,0.04504867643117905,25.053117949847053,7.247502392966164,-0.008475059242958745,0.2993805137590879,80.74951171875,country
country.00057.wav,-137.88375854492188,66.26133728027344,121.52389526367188,22.600399017333984,-13.267189979553223,16.317007064819336,43.3187255859375,13.415072441101074,-10.709388732910156,12.712742805480957,17.858776092529297,14.196714401245117,-7.949545383453369,10.20097827911377,9.089491844177246,10.469063758850098,-19.79267692565918,8.051631927490234,9.440964698791504,11.097532272338867,-19.598379135131836,10.284806251525879,6.90787410736084,7.751895427703857,-12.54389476776123,8.775484085083008,0.3150281310081482,0.29453256726264954,1741.8149971403934,572.8782502784381,1985.762546009479,399.4589387566608,3791.6270725498257,1317.3859696948325,0.07543756349167957,0.037212333998220895,0.1300644427537918,0.04855230823159218,24.66355223143714,8.119500892677673,-0.06669764343248355,0.2651896202991803,67.99958881578948,country
country.00058.wav,-101.38996124267578,57.64624786376953,120.45384979248047,20.0670108795166,-0.4065871238708496,19.617263793945312,49.04241943359375,12.988950729370117,-15.863625526428223,11.295659065246582,19.87376594543457,10.452154159545898,-13.094367027282715,10.272445678710938,18.574186325073242,9.038461685180664,-15.7069673538208,10.033095359802246,15.254117965698242,9.66479206085205,-5.9068427085876465,8.739233016967773,6.647347450256348,7.418661117553711,-10.359329223632812,8.32037353515625,0.34798485040664673,0.2942589521408081,1796.1137426759592,517.2376852194423,2148.3012551703027,355.6532505704632,4163.80815535507,1272.5787570944244,0.07327015407314241,0.03209093860536895,0.16375946998596191,0.049916379153728485,23.11585738006801,8.806291849211881,-0.006674627297512889,0.20449739383726692,112.34714673913044,country
country.00059.wav,-185.11380004882812,85.5992202758789,120.50994110107422,36.409156799316406,29.717456817626953,20.966581344604492,56.40028762817383,20.768699645996094,-3.0346622467041016,18.74472999572754,22.22261619567871,13.289741516113281,-10.344738960266113,17.201276779174805,20.05401039123535,12.014931678771973,-13.685049057006836,12.176681518554688,9.17043685913086,10.970230102539062,-6.428536415100098,8.61175537109375,3.296780824661255,9.4373779296875,-8.737771987915039,10.256234169006348,0.2843823730945587,0.297357976436615,1535.3805435364122,751.0958554345756,2011.466278916483,565.0055983231723,3510.4121063515868,2016.1613691986688,0.052538986914667185,0.031119407741844074,0.14543543756008148,0.048814792186021805,24.852743389010133,7.841720069807782,0.0305291494003751,0.29312785492665394,135.99917763157896,country
country.00060.wav,-178.51937866210938,61.66395568847656,130.1326904296875,31.76557731628418,12.088971138000488,15.679625511169434,47.05108642578125,11.174915313720703,2.622490644454956,13.130126953125,24.09434700012207,11.078133583068848,-4.627711772918701,10.365799903869629,22.772083282470703,10.147472381591797,-10.941142082214355,14.280279159545898,13.5391263961792,12.012919425964355,-6.809722900390625,11.458858489990234,8.712160110473633,9.807519912719727,-6.090920448303223,8.944059371948242,0.3420514464378357,0.29711249470710754,1373.0379665331902,722.2163517369961,1930.2022840004208,547.6781374277836,3068.9564424402574,1846.2168429504652,0.04291659612035604,0.03347395883037927,0.14100803434848785,0.04144423082470894,24.42129814895216,7.424798988776429,0.07421581978342931,0.328480677872311,69.83741554054055,country
country.00061.wav,-186.3923797607422,68.18073272705078,135.86007690429688,28.998233795166016,5.928499221801758,16.122102737426758,45.86050033569336,11.991578102111816,-5.766275882720947,13.34356689453125,22.786792755126953,9.687780380249023,-13.002945899963379,10.44072151184082,17.122373580932617,10.4345703125,-13.756379127502441,11.46468448638916,9.734512329101562,10.787315368652344,-8.368886947631836,9.200876235961914,6.6592278480529785,8.634011268615723,-9.091540336608887,7.851559638977051,0.3144577145576477,0.2928713858127594,1397.840984804417,615.3106661015725,1895.9827784828635,497.88227040116647,3101.314580108359,1662.757276588766,0.048586629861648606,0.026553654216702582,0.10717964917421341,0.03772225230932236,24.308044111362705,7.243879610709704,0.061393796494368415,0.29087535843400264,60.09265988372093,country
country.00062.wav,-94.09416961669922,40.08421325683594,109.16863250732422,19.227209091186523,-11.849949836730957,14.213268280029297,41.56547164916992,14.368027687072754,-19.475982666015625,10.633923530578613,23.831954956054688,10.22048282623291,-19.935585021972656,9.195780754089355,20.37474822998047,7.827019691467285,-17.28199005126953,8.63220500946045,16.585613250732422,8.760348320007324,-10.199127197265625,8.846672058105469,9.39206600189209,6.655275344848633,-10.051932334899902,8.593402862548828,0.39037269353866577,0.294202595949173,2167.0242315710375,532.4629365893604,2277.7405542601186,265.51564160424573,4794.804339807469,1044.2763347218936,0.10237579818111456,0.03931169314263441,0.130179300904274,0.03795232996344566,21.81780844277065,9.153096803028786,0.014134915857141873,0.16417842727309717,172.265625,country
country.00063.wav,-185.422607421875,74.86177062988281,118.46734619140625,36.1590461730957,17.795289993286133,17.83394432067871,48.88768768310547,17.978961944580078,-2.160806179046631,13.860936164855957,21.370107650756836,14.558918952941895,-9.0011625289917,13.80445384979248,20.535987854003906,10.374897003173828,-11.416626930236816,13.460762977600098,9.282177925109863,13.396868705749512,-5.481672286987305,11.110549926757812,5.754807949066162,10.688036918640137,-2.9795713424682617,10.828185081481934,0.3339371979236603,0.31071799993515015,1615.0641667795348,775.7082811574722,2016.8360437671106,575.5897134697443,3659.7028702774282,1904.0101845294669,0.058282716355456655,0.03559421272405188,0.13140647113323212,0.049255430698394775,23.418849331076096,8.012134599915704,0.0074909209544061165,0.21862230874251598,83.35433467741936,country
country.00064.wav,-217.74221801757812,58.811954498291016,128.346923828125,25.6348819732666,-7.513692855834961,16.277040481567383,39.2650032043457,16.10657501220703,-2.5556235313415527,14.295863151550293,18.173011779785156,12.926786422729492,-15.16671085357666,11.348372459411621,16.770923614501953,12.151825904846191,-15.265888214111328,9.847952842712402,4.899211406707764,11.9281005859375,-6.513762474060059,10.42468547821045,2.8973584175109863,9.391997337341309,-11.506306648254395,10.998394012451172,0.2633034586906433,0.3044438064098358,1512.285769157878,444.30160898708266,1865.6110493735246,381.67498514965894,3238.930414630902,1125.5720548952652,0.060115282749613,0.02583243154051234,0.08258095383644104,0.03174906224012375,25.033357310720486,6.513323460742647,0.032429283041501715,0.28706567695762847,66.25600961538461,country
country.00065.wav,-250.87863159179688,72.55220794677734,163.0983123779297,26.46947479248047,-3.8807103633880615,31.08348274230957,30.153528213500977,19.674978256225586,5.576422214508057,20.904197692871094,7.496038436889648,12.128931045532227,4.024819850921631,12.611128807067871,-2.110605239868164,11.333337783813477,-5.4704108238220215,11.891068458557129,-1.058341145515442,9.748161315917969,-9.981245994567871,10.19155216217041,1.8183813095092773,9.050308227539062,-8.760416030883789,7.262389183044434,0.28280285000801086,0.3096754252910614,894.2258292361456,402.6097100619136,1195.3880118512234,316.84913533450646,1639.0484222317627,925.9143593787753,0.038680794069272446,0.02104058241262277,0.11056768894195557,0.062339115887880325,24.267657990453095,5.71606625842679,-0.005515432784464264,0.26233484200370066,123.046875,country
country.00066.wav,-102.51608276367188,43.9346923828125,135.72169494628906,19.12907600402832,-46.895442962646484,14.98476505279541,32.74629592895508,13.958891868591309,-11.160360336303711,11.53299617767334,23.465744018554688,13.30148696899414,-9.766422271728516,11.116399765014648,16.901647567749023,7.929573059082031,-11.685100555419922,9.247279167175293,13.207406044006348,8.506918907165527,-7.1831440925598145,9.971456527709961,4.735628128051758,8.621878623962402,-8.202425003051758,7.047126770019531,0.3207148611545563,0.2844933569431305,1701.133231854635,329.57568879764625,1709.034417820481,245.6875084820679,3242.2803943740323,771.563667647586,0.09886750495839783,0.02650257338950249,0.13643474876880646,0.0381772518157959,22.525780211324996,8.185001245780983,0.03092629430565299,0.1773820170421559,112.34714673913044,country
country.00067.wav,-328.7254638671875,85.17587280273438,167.05113220214844,30.841066360473633,12.98838996887207,36.108856201171875,28.820632934570312,18.272830963134766,11.246061325073242,21.73599624633789,14.42672348022461,16.37037467956543,11.705958366394043,10.931770324707031,7.804121971130371,10.904272079467773,-11.729083061218262,11.281998634338379,2.3853812217712402,14.20875358581543,-8.347572326660156,9.720458030700684,-3.857314109802246,9.365145683288574,-6.7459235191345215,8.574670791625977,0.32129815220832825,0.29642051458358765,857.9961382033647,534.1639931440142,1237.6766228928875,412.9880659426142,1445.8079240639513,1251.619986828576,0.03538187221845975,0.024618088347495418,0.05543045699596405,0.03510559722781181,22.64441968990558,5.819378141175086,-0.054950601301013285,0.2677549929569422,64.599609375,country
country.00068.wav,-229.46890258789062,48.25808334350586,157.3128204345703,29.66029930114746,-16.762048721313477,17.336305618286133,31.87986183166504,15.253837585449219,-0.11036960780620575,13.735313415527344,16.656442642211914,12.095087051391602,1.3551719188690186,10.5637845993042,12.223304748535156,8.649877548217773,-3.862504720687866,11.61585521697998,6.839231491088867,10.302911758422852,-4.263226509094238,8.371829986572266,1.3375681638717651,6.873981952667236,-5.895663261413574,6.5933451652526855,0.34938734769821167,0.29981255531311035,1130.9407637739448,440.0955129696016,1458.3870780464242,401.023676734978,2216.5365969064437,1149.8314027954145,0.050243082430340556,0.02284380251731797,0.0834927186369896,0.040145255625247955,22.795767595202257,6.223050332403127,-0.029180109657644886,0.21155278036457625,172.265625,country
country.00069.wav,-217.1639404296875,51.45779037475586,136.16940307617188,26.420106887817383,-10.362345695495605,15.128570556640625,51.38904571533203,15.796319007873535,2.612236976623535,14.593573570251465,15.127789497375488,10.607967376708984,-0.6809201240539551,12.801244735717773,12.287426948547363,11.196696281433105,-6.226423263549805,9.770489692687988,7.8023223876953125,9.531268119812012,-5.409078598022461,9.907318115234375,3.6247036457061768,9.869958877563477,-2.8072168827056885,9.975811004638672,0.3521580994129181,0.2936422824859619,1327.824096106779,418.0852983411037,1632.800522738955,261.66682635330466,2755.9750016628773,848.6274880285345,0.06108731012964396,0.031818339280545,0.08712510019540787,0.04695378243923187,24.370757034882498,6.48147006306598,0.030674499405701883,0.2563737497200215,112.34714673913044,country
country.00070.wav,-99.320068359375,51.82786560058594,117.56864166259766,23.866199493408203,-29.88463020324707,15.54377555847168,40.83229064941406,15.293460845947266,-15.263144493103027,11.36938762664795,27.980684280395508,13.105043411254883,-11.95539665222168,11.075040817260742,13.331402778625488,8.534714698791504,-11.367624282836914,8.80624008178711,10.538833618164062,9.377917289733887,-8.748047828674316,8.461807250976562,8.410869598388672,8.488718032836914,-6.844215393066406,7.164791107177734,0.36496180295944214,0.29370152950286865,1935.1584683595631,499.9920645302439,1970.0773805323784,314.2458031655177,4048.7838508913023,1117.388788849889,0.09476964613970588,0.03778507253215874,0.144246906042099,0.05290317162871361,22.858640640065484,8.519158171027218,0.018627448477448537,0.1540859932001603,112.34714673913044,country
country.00071.wav,-185.85665893554688,80.10433959960938,155.2994384765625,33.914363861083984,-25.034076690673828,23.121469497680664,20.532516479492188,16.758472442626953,-3.834843873977661,23.897600173950195,-0.600292980670929,13.287874221801758,-4.568850994110107,11.830670356750488,-5.9145917892456055,8.407562255859375,-16.538049697875977,10.732309341430664,-0.45218396186828613,12.430830955505371,-16.3022518157959,12.279803276062012,-4.2136077880859375,11.694620132446289,-16.815841674804688,10.50178050994873,0.29230931401252747,0.2924288511276245,1261.3177003596356,577.969939161235,1395.9041023200145,454.31513709043725,2421.243692403976,1249.5729450282663,0.060543095733359135,0.029844938534051905,0.11840969324111938,0.06270743906497955,24.73519876123325,6.990138209241966,0.011561586894452107,0.22455819523990028,143.5546875,country
country.00072.wav,-96.2829818725586,42.31108093261719,131.92025756835938,21.14519500732422,-26.3221378326416,17.300580978393555,35.982154846191406,14.021032333374023,-22.80771255493164,13.390400886535645,14.489156723022461,12.140533447265625,-11.834168434143066,12.899320602416992,11.801549911499023,11.153887748718262,-21.218061447143555,10.095890045166016,11.527786254882812,10.155131340026855,-12.925013542175293,7.4999213218688965,7.176230430603027,9.717597007751465,-13.9385404586792,8.26253604888916,0.3451366126537323,0.29001423716545105,1711.2104216664566,409.43348977898916,1873.560298016591,298.8404030631122,3556.48682774405,1027.9143707084193,0.08227350099167957,0.024406037724942355,0.15658940374851227,0.048743367195129395,22.33823282395672,8.161110803868393,-0.025593687485098736,0.18379522920519475,151.99908088235293,country
country.00073.wav,-167.00982666015625,51.574466705322266,132.44342041015625,28.157711029052734,-17.294891357421875,21.951274871826172,46.93230438232422,13.811110496520996,-3.6503565311431885,14.216880798339844,20.946674346923828,12.783538818359375,-8.8304443359375,11.163453102111816,8.546585083007812,9.689942359924316,-15.151556015014648,9.763395309448242,8.105513572692871,9.203424453735352,-16.944101333618164,10.600914001464844,6.647017478942871,9.919687271118164,-10.924016952514648,7.230894565582275,0.37493959069252014,0.2865273058414459,1549.1920056300596,508.44186230775847,1823.8559848265643,406.67584721181777,3290.171771448094,1264.4554432694538,0.06975279061048761,0.029433094878084164,0.09581226855516434,0.038134295493364334,23.756469453745083,7.820639836706801,-0.009436582898287839,0.22859673633920372,151.99908088235293,country
country.00074.wav,-207.2761688232422,108.60740661621094,130.9469757080078,28.914796829223633,-18.496767044067383,22.4111385345459,33.29912567138672,19.239944458007812,-3.922163724899292,21.131498336791992,15.39346694946289,11.220083236694336,-6.382999897003174,15.397176742553711,2.951951742172241,11.479512214660645,-16.78615379333496,12.448436737060547,7.084848880767822,13.546052932739258,-8.594070434570312,11.300054550170898,4.795649528503418,8.485657691955566,-12.250598907470703,10.941155433654785,0.35509008169174194,0.29452258348464966,1533.8625889630157,673.2621397779761,1696.8473504621963,449.99067106035136,3117.3561497738488,1397.022820909023,0.07112353062113003,0.04274126192777836,0.08231483399868011,0.0543946847319603,23.594722321509302,7.297604191378221,0.10762201148448179,0.22863425097595086,135.99917763157896,country
country.00075.wav,-60.84931182861328,39.75745391845703,105.47065734863281,17.295581817626953,-16.914596557617188,12.436481475830078,40.70117950439453,11.134196281433105,-15.038137435913086,8.03245735168457,36.04629898071289,8.078316688537598,-12.81877326965332,8.253634452819824,17.48331642150879,7.563727855682373,-16.75531768798828,7.638415813446045,11.757575988769531,7.570319652557373,-10.13022518157959,7.411680698394775,13.194356918334961,6.937516212463379,-12.209436416625977,7.398045539855957,0.3718079626560211,0.2908328175544739,2187.464108981412,389.9126822419302,2242.0976879507925,207.6847960068037,4841.679056362471,788.3220683247945,0.11375403625677244,0.03871022322277994,0.1797305792570114,0.053748760372400284,23.395318479990888,9.574804091453421,0.04142720808363407,0.1659974066773075,95.703125,country
country.00076.wav,-183.97171020507812,79.84965515136719,159.8199462890625,44.09853744506836,-23.171310424804688,26.517507553100586,43.05397415161133,24.10786247253418,-9.468153953552246,19.932830810546875,8.831391334533691,14.559622764587402,-1.6515100002288818,13.518497467041016,4.351795673370361,13.686588287353516,-13.370458602905273,11.648233413696289,0.8398632407188416,11.153204917907715,-13.976324081420898,10.198637008666992,1.4428530931472778,9.900449752807617,-7.390411853790283,9.089929580688477,0.2973077893257141,0.29591941833496094,1321.5897450564103,637.0698588270494,1409.2266087020453,491.56458378719475,2590.326003319708,1347.802356481868,0.0665252968991873,0.04089089546495187,0.12832628190517426,0.052778780460357666,23.521612286954493,7.1075215684777024,0.005222208345746473,0.20447501773795404,143.5546875,country
country.00077.wav,-118.23319244384766,40.41300582885742,152.94320678710938,21.526880264282227,-46.513092041015625,15.74753189086914,31.120494842529297,11.540600776672363,-17.28691291809082,12.409549713134766,6.277331829071045,11.01461410522461,-3.6798624992370605,11.99000358581543,13.048770904541016,9.516164779663086,-13.126936912536621,9.053462028503418,15.70604419708252,8.925867080688477,-13.07692813873291,8.835929870605469,5.701762676239014,7.9057207107543945,-10.694594383239746,7.245372295379639,0.33729201555252075,0.2876569628715515,1513.1966226436089,305.91739760260157,1558.1150005356599,251.37233489149946,2922.698993505708,687.8422150737013,0.08784300624032508,0.022909935885453283,0.13140137493610382,0.04051223397254944,23.239409349103063,7.350622349702408,0.0753923148396367,0.1716738964799508,184.5703125,country
country.00078.wav,-302.5818176269531,87.29130554199219,150.15966796875,29.005165100097656,-3.7027957439422607,27.76369285583496,26.92380714416504,16.983081817626953,-0.26331615447998047,17.987024307250977,13.522551536560059,12.775309562683105,7.248563289642334,12.346617698669434,4.217867851257324,10.648344039916992,1.7668282985687256,10.960869789123535,6.563311576843262,10.897255897521973,-0.4889703094959259,9.04944133758545,7.896579742431641,8.988191604614258,1.3293299674987793,8.100581169128418,0.3762945234775543,0.30464136600494385,1143.943990289628,571.5072001125932,1443.341974961158,404.23165325044164,2222.2448957224747,1301.0017786363276,0.04985797515963622,0.03811616838618607,0.043252814561128616,0.03286491706967354,21.731419953844103,5.7633121131648535,-0.014344433049768669,0.28619578093661835,66.25600961538461,country
country.00079.wav,-229.14720153808594,71.24322509765625,180.35635375976562,37.877933502197266,4.520905494689941,26.909841537475586,24.184402465820312,17.384387969970703,1.1109343767166138,21.219867706298828,3.9924354553222656,13.1707124710083,-5.99603271484375,14.104945182800293,1.8722158670425415,12.726805686950684,-13.136268615722656,10.706393241882324,0.00470712361857295,14.461888313293457,-13.499958038330078,10.489654541015625,1.5836844444274902,12.12889575958252,-13.435794830322266,9.676011085510254,0.31024566292762756,0.29183948040008545,963.1958805922379,533.0759492321956,1234.8596843387643,509.1042766961429,1752.8894005176085,1285.9457978305456,0.04576843072755418,0.024571649731683964,0.11523082852363586,0.03983888402581215,23.59484648962495,5.992909252729168,0.12007302278581976,0.23392112395339915,80.74951171875,country
country.00080.wav,-100.9559555053711,54.37907791137695,111.60762023925781,28.598508834838867,-13.15213394165039,21.453716278076172,44.5975456237793,13.289793968200684,-5.961038589477539,14.165596961975098,29.337100982666016,11.627922058105469,-7.956896781921387,14.54001235961914,19.591026306152344,10.497485160827637,-22.446842193603516,9.295376777648926,17.270526885986328,9.862642288208008,-17.831653594970703,8.51709270477295,11.408343315124512,6.666568279266357,-12.451891899108887,7.414516448974609,0.3873130679130554,0.29014021158218384,2049.8940197396387,760.6266701417179,2188.3558709873955,465.19121255831396,4435.848177032943,1691.4120275746222,0.08940724470297988,0.04595830881893212,0.15323907136917114,0.04634806886315346,22.621689960894358,8.949718561541575,0.01884671961936207,0.16965969608070586,99.38401442307692,country
country.00081.wav,-74.14830017089844,47.05323028564453,107.6380386352539,23.972423553466797,-21.198165893554688,17.440689086914062,47.23445510864258,15.982856750488281,-5.976315975189209,14.994824409484863,17.81209373474121,10.819421768188477,-20.399551391601562,12.110627174377441,14.992423057556152,9.140960693359375,-15.965242385864258,10.81803035736084,15.7340726852417,9.001504898071289,-14.664024353027344,9.467416763305664,10.681490898132324,7.901190280914307,-10.128546714782715,8.570701599121094,0.37873685359954834,0.2902551293373108,2101.538599563589,628.9973344271302,2152.183984058375,334.1514334103288,4416.156629438371,1328.0871359886846,0.10102962340363777,0.04830668405281991,0.167902871966362,0.057332802563905716,22.253414719299144,9.131157315036589,0.02674587977110486,0.15215574441527668,89.10290948275862,country
country.00082.wav,-68.6235122680664,38.21059799194336,101.3541259765625,22.174917221069336,-16.908740997314453,17.37126350402832,51.52635192871094,17.025758743286133,-10.228339195251465,13.585274696350098,20.050033569335938,12.302597045898438,-21.78499412536621,10.975102424621582,15.524762153625488,9.802384376525879,-18.795236587524414,9.900300979614258,16.359054565429688,10.035913467407227,-17.89385414123535,9.757059097290039,12.126648902893066,7.638787269592285,-13.205328941345215,7.9388041496276855,0.38583263754844666,0.29029035568237305,2253.250681954205,562.5580214195502,2261.407343786666,296.06151078262457,4798.970981279025,1144.0542087784588,0.10609270692240712,0.046736595067522604,0.16647550463676453,0.048545144498348236,21.850007049502462,9.449495844157296,0.055682481430830315,0.11828792886884418,117.45383522727273,country
country.00083.wav,-148.5599365234375,62.11656951904297,141.28050231933594,27.041521072387695,-15.883042335510254,22.001901626586914,44.655067443847656,16.724807739257812,0.9918705821037292,15.379044532775879,13.662192344665527,10.557696342468262,-13.24034309387207,12.008705139160156,12.651496887207031,9.405035018920898,-11.702235221862793,10.589543342590332,12.159911155700684,10.341915130615234,-10.476021766662598,10.28077507019043,9.908224105834961,8.506572723388672,-5.055812835693359,8.024052619934082,0.31836503744125366,0.2908302843570709,1436.0348088902886,547.3076862797539,1729.59750206131,400.0014929512222,2924.248984133127,1286.6282763496517,0.05955141616679566,0.028660417942363077,0.13104534149169922,0.0427226684987545,23.69494932216191,7.460382303741014,-0.022442989138683263,0.2740014357580016,143.5546875,country
country.00084.wav,-80.23638916015625,48.48030090332031,108.18648529052734,22.723793029785156,-23.827434539794922,16.640289306640625,52.601409912109375,16.24801254272461,-6.4240851402282715,13.9978666305542,15.064197540283203,11.667394638061523,-17.635906219482422,11.508749008178711,9.739015579223633,10.133349418640137,-16.176488876342773,10.018454551696777,8.906126022338867,11.036865234375,-15.964033126831055,9.561540603637695,8.001827239990234,8.908177375793457,-10.704085350036621,8.505258560180664,0.3197316825389862,0.2912231981754303,1965.276613746473,522.6818919976428,2036.6950920153004,294.3097893566596,4060.050449430389,1047.137865794431,0.09301795605166409,0.03909767621843402,0.18059872090816498,0.05862981453537941,23.726311559888146,8.481802826379408,0.06805110330923078,0.1655855218068649,86.1328125,country
country.00085.wav,-146.04881286621094,56.333736419677734,124.64810180664062,25.101594924926758,-17.922836303710938,23.168272018432617,49.22504425048828,16.308725357055664,-0.17947566509246826,15.199156761169434,22.789756774902344,12.22179126739502,-7.173457622528076,12.54549789428711,16.74798011779785,9.14431095123291,-9.723663330078125,13.411543846130371,15.444622993469238,9.897014617919922,-7.621331214904785,9.073993682861328,10.908756256103516,9.181845664978027,-3.455136299133301,8.92806339263916,0.3379400074481964,0.2954076826572418,1596.2209122528532,528.0459662561404,1853.2491399296696,319.2557801396365,3291.4800968701625,1087.40534236977,0.06926526521381579,0.035425249299960236,0.135407492518425,0.04337824508547783,24.82744665727962,7.9537635906070605,0.052167892675200285,0.296328672265698,73.828125,country
country.00086.wav,-122.42741394042969,62.98942947387695,111.48313903808594,26.78752899169922,-13.694293975830078,19.937801361083984,53.82840347290039,16.649721145629883,-2.6777656078338623,14.918371200561523,19.677549362182617,13.94077205657959,-14.138922691345215,13.018203735351562,13.74367618560791,11.192813873291016,-14.016459465026855,10.61320972442627,14.626712799072266,9.881041526794434,-13.993216514587402,9.116735458374023,9.218205451965332,8.967782974243164,-10.559242248535156,8.634879112243652,0.3718833923339844,0.29635047912597656,1879.9377906980571,529.6149221037448,2085.606346373194,341.41548615535544,4031.9756191950464,1181.8374678364964,0.07831736467202012,0.03006529654044553,0.13350729644298553,0.04170026257634163,22.14781514114001,8.311231951055351,0.00690276691004136,0.13718521286126367,117.45383522727273,country
country.00087.wav,-170.9006805419922,75.64640045166016,124.81326293945312,26.720909118652344,-19.262191772460938,24.18294906616211,39.20719909667969,19.3337345123291,-3.75510573387146,15.867165565490723,15.289896965026855,12.424393653869629,-12.972991943359375,11.18460464477539,8.530163764953613,9.22072982788086,-11.833666801452637,11.379833221435547,11.321371078491211,12.123992919921875,-13.773078918457031,8.384393692016602,3.102463960647583,10.705162048339844,-10.078783988952637,8.78802490234375,0.32843276858329773,0.29381263256073,1589.6339834802307,573.3598496351385,1805.8872708820074,354.0514506014117,3159.789226520172,1244.2311570456877,0.07391451903541021,0.03676068935882658,0.10860428959131241,0.05236540734767914,25.222757542488196,7.162925114940833,0.11228942133112575,0.23645711173791978,143.5546875,country
country.00088.wav,-121.94322204589844,55.22694396972656,123.23765563964844,21.858617782592773,-8.495368957519531,22.729236602783203,51.59637451171875,14.8765869140625,-0.1035129651427269,13.488207817077637,20.407001495361328,12.150394439697266,-11.875410079956055,11.310997009277344,16.275983810424805,9.396150588989258,-11.508769035339355,10.81815242767334,11.847224235534668,10.717775344848633,-8.08565616607666,9.408188819885254,9.130350112915039,7.492578029632568,-8.63880729675293,8.717764854431152,0.35364559292793274,0.28941431641578674,1623.0094789002958,483.870071197068,1963.4443413287324,360.45660272831594,3527.637002194998,1214.7109615175057,0.06606309258900929,0.026334896534247934,0.15263915061950684,0.05218847841024399,23.275856995796417,8.121635940025113,-0.010537208862604555,0.2351485941173205,103.359375,country
country.00089.wav,-205.14923095703125,72.67613220214844,140.98760986328125,31.94794273376465,-8.957964897155762,21.976686477661133,36.97944259643555,16.494600296020508,6.425442695617676,15.825496673583984,14.875373840332031,12.513011932373047,-4.318117618560791,14.208483695983887,12.232444763183594,12.19528865814209,-11.431656837463379,12.175641059875488,11.850926399230957,11.027356147766113,-7.903382301330566,10.053121566772461,9.912310600280762,10.859848976135254,-2.351649761199951,9.056626319885254,0.3221209943294525,0.30012232065200806,1321.7303763628809,715.3177409912472,1667.266319633863,467.66643155346924,2584.1010409612036,1544.0588055843373,0.05250308388157895,0.03535657902986996,0.10459916293621063,0.04758657142519951,24.183865648475436,6.65681376786106,0.0351822440493564,0.29263150706047153,143.5546875,country
country.00090.wav,-91.68522644042969,42.00410461425781,115.86115264892578,24.04322052001953,-30.20094871520996,14.839130401611328,52.27314758300781,14.841842651367188,-5.025163650512695,15.472291946411133,16.953514099121094,10.043091773986816,-15.656588554382324,11.12390422821045,13.539406776428223,9.332803726196289,-12.762940406799316,9.845575332641602,15.96912670135498,9.561972618103027,-11.96989631652832,8.309946060180664,11.058927536010742,8.02723503112793,-9.962003707885742,7.832696914672852,0.37119004130363464,0.2850429117679596,1927.440445022141,520.6316293637605,1972.1304878159112,288.35427873575287,3883.326518055824,1019.9777533674676,0.0990303913506192,0.04177905279243458,0.14735452830791473,0.04884037747979164,22.89589444075388,8.337764788249526,-0.010324415290034309,0.1595728569766788,135.99917763157896,country
country.00091.wav,-193.78868103027344,71.1726303100586,125.56073760986328,27.058666229248047,-20.924123764038086,24.231599807739258,46.3380012512207,17.918148040771484,-2.685431957244873,19.088176727294922,12.833367347717285,16.653676986694336,-6.601934432983398,12.846570014953613,10.727055549621582,11.867410659790039,-10.907483100891113,10.86303997039795,6.1092729568481445,11.488872528076172,-9.442731857299805,11.95040512084961,5.163946151733398,12.675335884094238,-3.6584975719451904,9.102028846740723,0.3533473312854767,0.29747694730758667,1563.418330602126,612.3692259764956,1779.217568981513,377.50915968504427,3233.9637779968075,1242.9806742317326,0.06475622218459752,0.0364948809595604,0.0894317775964737,0.04204827547073364,24.327729905537055,6.767680758185876,-0.00254524594517978,0.28138995826126917,117.45383522727273,country
country.00092.wav,-50.776329040527344,27.1080379486084,96.7171630859375,15.431953430175781,-24.326112747192383,13.616228103637695,66.07612609863281,11.878087043762207,-14.680636405944824,8.59322738647461,24.391263961791992,7.732936859130859,-21.017484664916992,9.257553100585938,12.469586372375488,8.211668968200684,-18.131816864013672,8.483973503112793,13.26716423034668,7.429116249084473,-12.802163124084473,6.713641166687012,9.79845142364502,6.640470504760742,-11.344080924987793,6.317265510559082,0.3705238401889801,0.2839932441711426,2334.872868912086,425.23412284111197,2212.4728152145813,242.4214407291592,4838.912406425358,789.357635664914,0.12121959957914087,0.03629934254034809,0.17646493017673492,0.02997015230357647,21.701706943603163,9.082557163337311,0.04478800423364066,0.12215760912943713,161.4990234375,country
country.00093.wav,-213.60235595703125,64.7348861694336,117.21269989013672,25.024993896484375,-21.871768951416016,22.639354705810547,45.65765380859375,17.05686378479004,-10.274457931518555,17.31056785583496,5.0603156089782715,13.102930068969727,-11.910964965820312,14.237120628356934,5.5678558349609375,10.01563835144043,-17.804630279541016,12.829299926757812,0.1869996190071106,11.302812576293945,-14.165857315063477,10.963227272033691,-1.1532572507858276,10.39478588104248,-10.30638313293457,8.911266326904297,0.25082582235336304,0.301440954208374,1537.7642290059293,582.5972051678358,1716.1980066788378,309.5707392114725,3055.1981923011804,1085.7815218707779,0.068123926688274,0.04343571475975772,0.09254993498325348,0.041848134249448776,26.70785371688062,6.472211242838066,0.04190902041141034,0.26649298088032924,86.1328125,country
country.00094.wav,-104.37175750732422,45.80698776245117,136.39382934570312,29.686120986938477,-20.94023895263672,19.44080924987793,52.86117172241211,14.562286376953125,2.0258889198303223,14.043578147888184,20.427709579467773,13.003778457641602,-11.619366645812988,10.449577331542969,17.663803100585938,8.897997856140137,-15.735387802124023,8.785828590393066,11.049824714660645,9.985208511352539,-11.320436477661133,7.987659454345703,3.6714112758636475,8.954607963562012,-6.496494293212891,8.072763442993164,0.3667725920677185,0.2898924946784973,1474.927396796844,585.9901652275937,1745.852486748969,389.8427893042775,3108.406203892947,1238.6288338976526,0.06299281636996903,0.031171800922215564,0.20664183795452118,0.05497841164469719,23.56536449272634,8.067480817251532,0.1015373075512036,0.18414737839155032,112.34714673913044,country
country.00095.wav,-124.83956909179688,51.1319580078125,127.38223266601562,26.914592742919922,-23.38180923461914,17.705463409423828,47.3604621887207,14.432404518127441,0.5631106495857239,15.25342845916748,15.991254806518555,14.522317886352539,-9.954187393188477,11.276167869567871,16.18013572692871,9.471460342407227,-16.729549407958984,13.381936073303223,6.785199165344238,10.256739616394043,-8.187068939208984,10.332898139953613,3.2049856185913086,8.575233459472656,-1.5920391082763672,8.141549110412598,0.3286711573600769,0.3020420968532562,1555.9530444453296,640.4287684077924,1761.569704273558,343.57673029495464,3218.1472069707816,1174.012359387546,0.0672293742743808,0.05846037972127683,0.1753358095884323,0.07036882638931274,24.25331551151449,7.878574446144305,0.024001393948458436,0.22020813634293665,89.10290948275862,country
country.00096.wav,-69.88548278808594,48.37107467651367,124.21145629882812,24.1013240814209,-32.470191955566406,18.161209106445312,47.694705963134766,12.923351287841797,1.3983787298202515,11.18757438659668,22.6176700592041,10.286855697631836,-8.754297256469727,12.28832721710205,21.443510055541992,9.057706832885742,-15.665969848632812,9.450053215026855,15.743200302124023,9.340476989746094,-12.42722225189209,8.134088516235352,9.581969261169434,8.758306503295898,-9.056124687194824,7.332408905029297,0.32571616768836975,0.29315686225891113,1754.1360136048193,570.2404007225132,1861.9987406181792,344.38797642463516,3504.895473043247,1150.1022447731125,0.09739925986842106,0.04570086341082459,0.21798330545425415,0.058796051889657974,24.137197627799765,8.309677857696377,0.09174621652991954,0.18997430694798817,117.45383522727273,country
country.00097.wav,-148.44178771972656,61.28898239135742,126.85914611816406,31.495630264282227,-19.540855407714844,23.127456665039062,52.850608825683594,13.580146789550781,8.579708099365234,14.67358684539795,17.891019821166992,13.162113189697266,-8.081844329833984,11.946433067321777,17.781461715698242,9.912322044372559,-15.505313873291016,9.238117218017578,13.504546165466309,10.682807922363281,-10.957894325256348,10.118950843811035,9.476343154907227,9.592884063720703,-1.9246050119400024,8.05733871459961,0.34799957275390625,0.29918649792671204,1560.8796813263718,762.9451385070851,1782.7974966049746,409.30511496316933,3175.26413294553,1390.607111281579,0.06718742441466719,0.052161440448583236,0.15299171209335327,0.05327747389674187,24.58378502711082,7.601122609076864,0.04087505326996869,0.30783330312220003,112.34714673913044,country
country.00098.wav,-139.62306213378906,45.49525833129883,128.7935333251953,24.309814453125,-20.249359130859375,19.193721771240234,49.44361114501953,14.49329662322998,-2.160360336303711,13.393881797790527,16.98802375793457,12.29056453704834,-8.35529613494873,10.17851734161377,9.8182954788208,9.473794937133789,-20.150693893432617,8.918424606323242,2.501784563064575,11.671318054199219,-11.247767448425293,9.123551368713379,3.7660369873046875,8.23778247833252,-6.424686908721924,9.559289932250977,0.27091026306152344,0.29480862617492676,1425.2635079969477,517.9368714789694,1690.6857066356342,345.8866208912987,2980.9403079951144,1094.128462802037,0.0617449025251548,0.030974684731440178,0.17611368000507355,0.06028439849615097,25.41487405698075,7.355485489011414,0.0982811662027851,0.21199463532225024,117.45383522727273,country
country.00099.wav,-42.16572189331055,45.279136657714844,106.2783203125,23.96713638305664,-24.220882415771484,16.10357093811035,44.67146682739258,12.301298141479492,-12.335060119628906,11.211256980895996,20.518545150756836,10.036338806152344,-16.044445037841797,8.96815013885498,18.488561630249023,8.113115310668945,-18.781009674072266,9.062541961669922,15.510899543762207,8.32308578491211,-15.464725494384766,7.763075351715088,8.930742263793945,7.920656681060791,-9.987847328186035,6.950289726257324,0.3810102343559265,0.2874785363674164,2157.205776680438,582.2423238400174,2160.0886591075173,296.23024107075133,4477.88958948094,1137.5446405251175,0.1082567150009675,0.0538803185365032,0.22073805332183838,0.06506852060556412,22.500485113090267,9.611579214789092,-0.04689356430207501,0.11860775086775398,143.5546875,country
disco.00000.wav,-111.17790985107422,66.43893432617188,94.03520202636719,37.871116638183594,12.515315055847168,23.7417049407959,16.740259170532227,14.094525337219238,8.18167781829834,12.489455223083496,15.667252540588379,12.048630714416504,-1.3758585453033447,10.653084754943848,7.039429664611816,9.04589557647705,0.9736095666885376,7.603946208953857,-1.4805395603179932,7.456785678863525,-3.069302558898926,8.831934928894043,-5.0681891441345215,8.456354141235352,-3.68412709236145,7.273697853088379,0.4458671808242798,0.29639115929603577,2297.0855298395068,948.6640183950326,2566.0415489788993,438.83338322816377,4888.128775487374,1972.9548194580339,0.09633501838235294,0.0838646739684809,0.14226125180721283,0.06436499208211899,17.21850274248376,4.172830742210596,0.02347302256169751,0.13582407968002175,117.45383522727273,disco
disco.00001.wav,-28.93470573425293,33.86997985839844,51.97178649902344,22.90581703186035,-7.610494613647461,19.509706497192383,21.60556411743164,13.463021278381348,8.1283597946167,8.937067985534668,18.120981216430664,9.70529556274414,6.875497341156006,8.766438484191895,6.584002494812012,7.335911750793457,0.7281345725059509,6.917201042175293,11.147645950317383,7.793642044067383,-1.8413448333740234,6.460947036743164,1.6686252355575562,6.766511917114258,-2.6266403198242188,6.5252885818481445,0.4118673801422119,0.29404717683792114,3290.4921281244474,744.6417283018883,2766.2269941018653,371.6791061604338,6514.877272095105,1439.539113100273,0.18854685685952013,0.066283854618143,0.177040696144104,0.05104167386889458,17.755124375220646,3.9713382457201063,0.023954821569157354,0.10668812683093142,117.45383522727273,disco
disco.00002.wav,-53.18524932861328,36.931644439697266,57.17845916748047,16.297313690185547,21.168882369995117,15.476670265197754,11.324464797973633,16.214059829711914,18.122360229492188,11.150677680969238,1.6665678024291992,9.779764175415039,0.3438161611557007,8.914761543273926,2.3195996284484863,7.1192426681518555,-5.109740734100342,9.248679161071777,2.749939203262329,7.282919883728027,3.1528797149658203,7.625418186187744,-5.519138813018799,7.1805219650268555,-3.1672284603118896,7.01853084564209,0.41189542412757874,0.29057052731513977,3591.73383244625,705.6884854773801,3398.251476007568,264.8413469368724,8074.159509995405,914.4831413906803,0.1533482790731424,0.06720628911920071,0.16131842136383057,0.04676908999681473,18.989956755530514,5.81896988937829,0.00850060634971527,0.0928853151141606,92.28515625,disco
disco.00003.wav,-44.23429489135742,56.28437042236328,52.21940231323242,26.70461082458496,3.3025825023651123,25.480941772460938,43.80800247192383,13.760933876037598,12.616857528686523,11.302897453308105,24.422096252441406,11.93254566192627,4.970883846282959,7.465120792388916,15.33407974243164,7.004605770111084,2.0627644062042236,6.137333393096924,10.375375747680664,7.378913879394531,-1.5161041021347046,6.424958229064941,8.840579986572266,5.77907657623291,0.4248589277267456,6.032938003540039,0.49482712149620056,0.27763012051582336,3048.5690425083776,883.8705078229883,2722.6250368277992,372.8560138060842,6212.837431822029,1401.4243896270848,0.14965177837171054,0.06873719532901394,0.19658778607845306,0.045571956783533096,17.287170784507623,3.7259741163880995,0.01145453382188989,0.0752473288467129,129.19921875,disco
disco.00004.wav,-83.58349609375,46.316307067871094,64.47946166992188,20.146127700805664,5.655917644500732,19.588783264160156,2.701164722442627,13.828344345092773,0.7903159856796265,12.941789627075195,6.170802116394043,9.621338844299316,1.8922690153121948,8.688804626464844,1.979859709739685,8.075958251953125,-1.816444754600525,8.848038673400879,1.857466459274292,8.315767288208008,2.459876298904419,8.230329513549805,-0.2279338240623474,6.693418502807617,2.955510139465332,6.773156642913818,0.382143497467041,0.29819992184638977,3328.830808812161,800.6620294470287,3111.8212935297233,365.95348443675374,7196.373151182759,1391.7665644938959,0.16905150989260836,0.0715645923792043,0.11456060409545898,0.05661286786198616,18.52171427899408,4.4242444907674585,-0.009021676780297836,0.12985373172029432,123.046875,disco
disco.00005.wav,-24.691768646240234,39.4576530456543,73.74320220947266,24.089078903198242,-11.558470726013184,17.220088958740234,28.394289016723633,14.525802612304688,6.2409563064575195,11.084062576293945,2.4656217098236084,10.130491256713867,8.634088516235352,10.17491340637207,12.309107780456543,8.574117660522461,-4.102859020233154,8.233427047729492,13.385866165161133,7.280933856964111,1.9154304265975952,6.319680690765381,-0.9733684659004211,7.562911033630371,0.6083648204803467,5.9977922439575195,0.44927671551704407,0.28581634163856506,2722.0804866206827,660.5576738154233,2569.2334475067137,298.82535568984116,5469.600259408862,1297.513885678148,0.14455203596652477,0.06204898638445383,0.20725701749324799,0.05377059429883957,18.048050464044735,4.063743849193915,0.020203080472454615,0.08852129889415063,107.666015625,disco
disco.00006.wav,-14.574394226074219,30.930387496948242,65.21034240722656,17.105382919311523,-19.872638702392578,18.387292861938477,31.508329391479492,15.105891227722168,-4.826449394226074,11.807519912719727,11.862319946289062,9.174661636352539,9.994608879089355,11.118584632873535,5.957391262054443,8.286324501037598,-3.8033697605133057,7.868570327758789,9.377888679504395,8.502997398376465,-4.387916088104248,7.8985371589660645,3.339540958404541,7.909544467926025,-4.444170951843262,6.94369649887085,0.4739876985549927,0.278499573469162,2848.2245207476594,385.6632076680791,2490.6496151623014,281.55178880345125,5506.550035978618,912.1416315552608,0.16366529907604488,0.0365991020079963,0.19194462895393372,0.045976001769304276,17.979237554711244,3.759511770612142,0.003998970569057329,0.10006999076469963,123.046875,disco
disco.00007.wav,-53.4480094909668,41.97893142700195,56.161033630371094,27.940893173217773,-6.320986747741699,18.070724487304688,31.619056701660156,17.832359313964844,4.653374671936035,11.474494934082031,16.347412109375,10.282320022583008,4.119816780090332,9.293659210205078,1.8823280334472656,9.425180435180664,-0.3882387578487396,7.613078594207764,2.495932102203369,6.983410835266113,-0.5415108799934387,7.672360897064209,0.9562786221504211,7.0203704833984375,0.49564817547798157,6.4469828605651855,0.43156641721725464,0.28776124119758606,3099.1841465490747,738.4402696155058,2728.3135813025015,359.5657454512544,6098.354790749565,1307.2722744951657,0.1402841101489938,0.05347043326100227,0.15960243344306946,0.07000462710857391,18.78950789342437,4.8330758478325455,-0.0037117344892451296,0.10062128744253884,129.19921875,disco
disco.00008.wav,-32.4671745300293,40.18499755859375,65.00106811523438,20.366397857666016,-26.697555541992188,19.589162826538086,30.282535552978516,14.708721160888672,5.743128776550293,12.80270767211914,11.739748001098633,11.102872848510742,-2.158412456512451,11.726040840148926,10.449981689453125,8.99897289276123,-2.361821174621582,9.808547019958496,5.323515892028809,8.631511688232422,-3.8081305027008057,9.88823413848877,-0.8611962199211121,7.661113739013672,-0.1878253072500229,8.235780715942383,0.45534127950668335,0.2944009602069855,2802.541418287883,556.5603868028409,2424.9610177239656,313.7097434639828,5449.683713174826,1083.8641180170628,0.16440792497097523,0.056134258539823005,0.1906038224697113,0.07515676319599152,17.822219915769715,3.88698016205782,-0.032734281779896464,0.10499613338290247,123.046875,disco
disco.00009.wav,-68.97056579589844,64.30965423583984,63.13103485107422,24.93666648864746,-15.85486125946045,23.190746307373047,28.00218963623047,12.486235618591309,8.183475494384766,12.329032897949219,7.321165084838867,8.574098587036133,-4.936118125915527,7.9485368728637695,9.494792938232422,6.349574089050293,-0.9736147522926331,7.110899925231934,-1.603598713874817,7.546267986297607,-6.19012975692749,7.433171272277832,-3.9367525577545166,7.068272590637207,-1.1710127592086792,6.856239318847656,0.4421542286872864,0.28048762679100037,3016.630571985955,753.0144032974318,2623.3927917379524,412.8897845656989,5954.647326395608,1401.5316263321656,0.17065354102167182,0.06878800778479255,0.1189480796456337,0.043402861803770065,18.990920761284986,6.3472575185814915,0.019166097073703897,0.11097478028404664,129.19921875,disco
disco.00010.wav,-6.7841386795043945,34.24005126953125,61.12632369995117,19.562664031982422,-16.656654357910156,17.192331314086914,27.43199348449707,11.316621780395508,7.72236442565918,12.359540939331055,16.008893966674805,9.792343139648438,4.634706497192383,10.226877212524414,11.44950008392334,8.42903995513916,0.33629199862480164,7.865485191345215,9.832176208496094,7.623892307281494,3.185621738433838,7.020654678344727,5.025588035583496,8.087631225585938,-1.862208366394043,7.13223934173584,0.4375571608543396,0.2960638701915741,2877.646855543141,581.1825663089487,2624.146129891107,276.52695369222806,5866.05619542739,1060.395535670017,0.15032410990712075,0.05951471278529785,0.2328503429889679,0.055030450224876404,16.87829041401816,3.901730589470002,-0.00910679786214817,0.08747259915099949,107.666015625,disco
disco.00011.wav,-41.32794952392578,38.87535095214844,62.79434585571289,22.771818161010742,7.325326919555664,18.8792667388916,12.125494003295898,13.194746017456055,6.356637477874756,10.341894149780273,9.265047073364258,11.617759704589844,3.093090534210205,11.073090553283691,13.867353439331055,8.66207218170166,0.16360408067703247,8.458418846130371,8.06710147857666,7.76975679397583,-2.6970012187957764,8.39433479309082,-7.219517230987549,7.8169169425964355,-3.245378255844116,6.580533981323242,0.3736674189567566,0.3038780987262726,3132.849239309041,792.5283414209126,3007.9676708192465,332.53588272663893,6864.0001609967585,1201.652585202421,0.13097653226586686,0.07374647961316932,0.1888572871685028,0.045492127537727356,19.406264328560255,6.915213142167716,0.04242075719229285,0.10991938609945404,95.703125,disco
disco.00012.wav,-57.66926956176758,48.412506103515625,68.38035583496094,25.951034545898438,-15.251751899719238,19.474863052368164,23.414113998413086,15.276276588439941,14.855438232421875,11.566164016723633,13.172660827636719,12.293129920959473,2.1979193687438965,9.454947471618652,12.811308860778809,8.7461519241333,0.06121471896767616,9.774773597717285,12.777957916259766,8.042651176452637,0.03940572962164879,8.472329139709473,3.369821310043335,7.514152526855469,0.8151105046272278,7.342935562133789,0.42879608273506165,0.3017945885658264,2739.0755703377026,699.1007048181152,2613.798191795889,360.00031093808224,5710.898800309597,1371.2068360823644,0.13174939229392416,0.06218414451623731,0.17580029368400574,0.06056087464094162,17.415229717592425,4.060847903004147,0.02938441806581917,0.0888877067761893,112.34714673913044,disco
disco.00013.wav,-40.07042694091797,51.31704330444336,56.2091064453125,20.14596176147461,23.67975425720215,17.529342651367188,31.92544937133789,14.475109100341797,2.4516677856445312,10.657238960266113,2.5737195014953613,10.62126350402832,-2.4787797927856445,10.955781936645508,3.0920588970184326,7.4612321853637695,1.8828637599945068,9.846407890319824,3.350966215133667,8.088451385498047,0.0001428326650056988,6.708477020263672,-1.5209647417068481,7.223850727081299,-2.4554946422576904,6.438103675842285,0.4213252365589142,0.28621745109558105,3391.8321168993366,769.1780774273367,3108.9716838169015,295.9736600013226,7204.406435939919,1162.9605182777552,0.15957688842395512,0.06959175580256804,0.17078040540218353,0.0487901046872139,18.160063149601193,6.035428511469681,0.010697309071954085,0.0902889182221941,184.5703125,disco
disco.00014.wav,-23.927661895751953,32.49463653564453,61.22075653076172,19.231700897216797,-0.9586992263793945,13.169732093811035,25.331012725830078,10.753071784973145,0.39423462748527527,8.34104061126709,6.030254364013672,9.081337928771973,2.489081621170044,7.481739044189453,6.189191818237305,6.187472820281982,-0.32926690578460693,7.726344108581543,9.69687557220459,8.258091926574707,-5.507835388183594,6.731967926025391,1.06181800365448,6.239837646484375,-2.436964750289917,6.965563774108887,0.4362133741378784,0.27577832341194153,3087.483970853388,535.0500369905202,2812.6634814898784,241.57634378206478,6530.043847051567,979.7236944832774,0.156306688999613,0.05200051163441934,0.1737232655286789,0.03441547229886055,18.10514699537816,3.9502519861208505,-0.027627362747137243,0.1073826493169292,103.359375,disco
disco.00015.wav,-46.826416015625,50.172821044921875,103.72579956054688,29.796512603759766,22.14641571044922,19.97260093688965,9.23317813873291,13.59739875793457,2.2635014057159424,12.04989242553711,-4.791667938232422,10.687335968017578,4.809458255767822,11.905965805053711,0.9585230350494385,7.5169997215271,-9.410541534423828,7.658453464508057,-1.0655139684677124,9.35407543182373,-0.8630862236022949,7.7389702796936035,-5.274380207061768,7.060204029083252,-1.7578693628311157,7.732052803039551,0.41464346647262573,0.28199347853660583,2361.735960891677,831.5797676422137,2806.608081873163,564.4705254430434,5438.25878225982,2270.1101437029283,0.09018917497097523,0.03945344429217535,0.2158627063035965,0.046009600162506104,18.92771787440445,5.77996379332981,0.02492734906060809,0.12916511838295222,123.046875,disco
disco.00016.wav,-36.030982971191406,43.43854522705078,83.65930938720703,27.224271774291992,-2.7294113636016846,17.701732635498047,32.392513275146484,12.769864082336426,9.196341514587402,8.717132568359375,4.13421630859375,9.906214714050293,0.03383917734026909,9.379091262817383,11.114394187927246,7.790539264678955,-2.890820264816284,7.676418304443359,7.905869007110596,7.008976936340332,0.6144370436668396,8.184440612792969,3.6502342224121094,6.726195812225342,3.7515382766723633,7.861987113952637,0.43456846475601196,0.28809648752212524,2522.8702609517236,723.1552833297678,2564.5703679361486,427.2058202247394,5342.909358824739,1560.4554422330962,0.11443506010545666,0.047486323089410205,0.20560874044895172,0.044032417237758636,17.82808487317888,4.073912167244009,-0.02218999025612809,0.12787687964919597,123.046875,disco
disco.00017.wav,-98.15684509277344,58.65107727050781,92.40119171142578,29.345430374145508,2.6636738777160645,20.767261505126953,19.3378963470459,16.811555862426758,3.5860509872436523,13.791770935058594,-1.7657073736190796,11.836869239807129,-1.7049834728240967,8.587421417236328,-3.1714422702789307,8.627950668334961,-9.092040061950684,8.806224822998047,-4.080456733703613,7.346250534057617,-5.185576438903809,8.071053504943848,-5.487850189208984,7.249453544616699,-4.233516216278076,6.831920623779297,0.4046986699104309,0.2817079722881317,2564.6775896822555,941.9069827990163,2670.2675671248467,542.689875296938,5388.992413500145,1957.4436998362482,0.12076004075561146,0.06479467245650906,0.11607085913419724,0.0591338686645031,18.548160930713973,6.038190735373938,0.0336133998537247,0.13637457604843156,123.046875,disco
disco.00018.wav,-73.15040588378906,61.519630432128906,71.75239562988281,22.724756240844727,12.095572471618652,23.547077178955078,1.3943438529968262,21.13055992126465,4.529426097869873,15.272297859191895,10.863226890563965,14.236675262451172,3.8709230422973633,13.147159576416016,0.9386609792709351,10.779794692993164,-5.979771614074707,11.660250663757324,9.034467697143555,9.495134353637695,-2.3677685260772705,9.596479415893555,3.5552120208740234,8.403228759765625,-0.14264003932476044,8.932306289672852,0.37004274129867554,0.2970511317253113,3043.380831699277,674.2775552824797,3001.1129616910393,332.6946814673754,6839.091978279799,1258.8944511656816,0.14359928284636223,0.052447509908184614,0.13866780698299408,0.04765847325325012,19.48577739275408,5.75483996528548,-0.0013300813913064155,0.09427856132194613,123.046875,disco
disco.00019.wav,-95.10371398925781,92.61106872558594,109.3531723022461,40.46223831176758,-30.161178588867188,29.30210304260254,16.35865592956543,15.944221496582031,20.03973388671875,17.428415298461914,11.96281623840332,8.250351905822754,3.485529899597168,10.454784393310547,6.173969268798828,6.834560394287109,5.2001824378967285,5.7912397384643555,8.620757102966309,6.0691447257995605,0.34259647130966187,5.807950496673584,0.38362717628479004,6.052895545959473,0.5362715125083923,6.05436897277832,0.44494399428367615,0.2866901159286499,2117.5507614054177,961.4880400196917,2143.899286453212,747.3600332897192,4198.949609526171,2174.685873895299,0.10366263847232972,0.05283107384774578,0.14695052802562714,0.05662691965699196,18.59848895309788,4.710661067732864,0.0061949845512574335,0.08381098468710217,117.45383522727273,disco
disco.00020.wav,-103.96162414550781,54.64364242553711,105.80913543701172,37.6674919128418,-14.325732231140137,20.95540428161621,36.738468170166016,15.266928672790527,-10.34866714477539,14.118836402893066,16.810850143432617,9.335331916809082,-6.82280969619751,8.74829387664795,8.140344619750977,8.629217147827148,-4.461958885192871,8.166337013244629,0.9882634878158569,8.880453109741211,-10.006155014038086,8.82406997680664,0.3835429251194,7.991812229156494,-1.7078524827957153,7.499362468719482,0.3427104949951172,0.2954069674015045,2117.828754709546,717.2307684145588,2114.987397636512,438.76261074273697,4351.2236887456465,1404.8511141960498,0.10330171850812693,0.04704912919051391,0.12461574375629425,0.028856877237558365,20.55928107279781,4.5965086989924036,-0.012845063160923393,0.12701913982140964,161.4990234375,disco
disco.00021.wav,-115.1325454711914,50.395992279052734,70.42537689208984,21.962406158447266,31.2427921295166,28.616029739379883,11.176328659057617,15.826472282409668,13.064189910888672,11.219667434692383,3.8674581050872803,10.715290069580078,1.8087031841278076,7.187723636627197,4.970710754394531,8.815499305725098,-1.038826584815979,8.843524932861328,3.926027774810791,7.3065619468688965,-1.292635202407837,9.061842918395996,-0.6884156465530396,7.66536808013916,-1.075135350227356,6.375241279602051,0.40115493535995483,0.29650482535362244,3248.532892801311,826.9284023673356,3305.018067234049,472.3229174932791,7422.538450258804,1659.3141945164537,0.1240548054131192,0.044995280001122386,0.11133676767349243,0.04504295065999031,17.43888659834779,3.9487925005492017,0.07537848053574507,0.1158409579699786,107.666015625,disco
disco.00022.wav,-71.94239044189453,45.71868896484375,46.88916015625,21.372257232666016,21.026212692260742,15.001790046691895,29.950956344604492,13.600836753845215,9.497893333435059,11.820898056030273,2.405278444290161,9.682901382446289,8.244611740112305,8.813251495361328,2.5142548084259033,8.05118179321289,-2.1629693508148193,6.359784126281738,0.4397124648094177,7.903039455413818,-0.23318739235401154,7.280691623687744,-1.556515097618103,6.9903130531311035,-3.6136653423309326,5.976851940155029,0.4353606104850769,0.2991095781326294,3707.487312505618,895.4744101326662,3249.3744818532323,334.96506590709697,7806.927792575706,1305.0578646860645,0.17289993711300308,0.09129611456605723,0.13689656555652618,0.06557880342006683,17.80523320317202,5.736397037508235,-0.0049024053933240126,0.09983663404846208,123.046875,disco
disco.00023.wav,-32.17341232299805,52.41401672363281,60.033607482910156,27.74861717224121,3.3775675296783447,20.138948440551758,18.96906852722168,19.471561431884766,4.3263349533081055,16.94287872314453,0.6811348795890808,13.5226469039917,-2.0263912677764893,12.895146369934082,1.3316941261291504,10.327096939086914,-4.646989822387695,9.415565490722656,3.789341688156128,8.46243953704834,-6.734154224395752,7.552238464355469,-4.892331123352051,6.2246551513671875,-2.343729019165039,7.635767936706543,0.4352630376815796,0.2944868505001068,3167.808308145324,837.30176773903,2934.994369827443,316.19713045865325,6730.517634813999,1408.8451578314366,0.15100324412248453,0.08116006648234539,0.17820890247821808,0.044355083256959915,17.907420327265765,5.435197903828119,0.009105163294655112,0.0942217641738491,112.34714673913044,disco
disco.00024.wav,-69.59933471679688,48.217472076416016,83.0595703125,20.99051284790039,-16.599525451660156,17.483060836791992,0.11946935206651688,13.759998321533203,7.415704250335693,10.225967407226562,0.7696188688278198,10.03850269317627,1.337007999420166,8.664892196655273,4.690686225891113,7.707857131958008,-1.4208714962005615,8.618706703186035,3.3284730911254883,8.159071922302246,-2.8755643367767334,7.837821960449219,-8.202937126159668,8.078998565673828,-5.765528202056885,6.922664642333984,0.3726048171520233,0.28462937474250793,2625.095043461179,585.4210012066426,2709.9901686000894,360.5367452807425,5606.407765485923,1452.526614192285,0.12025853207236842,0.03886628306928901,0.14297516644001007,0.06291434168815613,19.45264293665393,5.929573050586659,-0.036607134759305854,0.10185643367630387,129.19921875,disco
disco.00025.wav,-124.19867706298828,68.41375732421875,90.169677734375,29.91717529296875,-11.31260871887207,16.515249252319336,10.940361976623535,15.650411605834961,-1.1521435976028442,10.616629600524902,-3.75439715385437,13.543920516967773,-0.8530473709106445,11.009570121765137,-3.8402538299560547,10.880988121032715,-3.708951473236084,10.174665451049805,-0.2670247256755829,9.262861251831055,-5.823245048522949,8.584736824035645,-3.430600643157959,8.025863647460938,-4.625741481781006,9.557286262512207,0.3580901622772217,0.3061419129371643,2410.0020281305497,770.4081896722614,2575.8047598645294,454.3086225983124,5080.294280155525,1761.9175250924695,0.0996603950996517,0.050123410109899146,0.10787618905305862,0.05843976140022278,18.925739242861123,5.147260310965178,-0.0026372876491019136,0.1430190157532699,123.046875,disco
disco.00026.wav,-68.09458923339844,51.73375701904297,66.36573028564453,23.354137420654297,11.869311332702637,17.996585845947266,21.982038497924805,18.501441955566406,9.769292831420898,12.88342571258545,6.696674346923828,10.988838195800781,1.6115297079086304,11.506767272949219,3.8194947242736816,8.25214672088623,0.9587365388870239,8.517562866210938,4.773913860321045,8.843121528625488,-4.204498291015625,7.859811782836914,-0.058831192553043365,7.226171493530273,-1.2347757816314697,7.310322284698486,0.4012705087661743,0.2936580181121826,3042.993183926036,887.0668506165708,2969.1343437380074,347.05609304708395,6611.985018231182,1552.6499721650948,0.1315751681017802,0.0744159069546085,0.1430158168077469,0.03918188437819481,18.540558142752253,5.881818835900374,0.020913316402938052,0.09513511009478834,117.45383522727273,disco
disco.00027.wav,-155.63731384277344,81.18011474609375,60.56849670410156,35.086875915527344,23.1668643951416,37.68122482299805,31.18634796142578,17.876399993896484,25.054384231567383,16.216962814331055,16.906993865966797,12.340705871582031,9.438360214233398,10.809048652648926,8.449132919311523,10.990595817565918,5.317451000213623,9.758986473083496,6.556657314300537,7.896309852600098,5.762754440307617,9.337791442871094,3.9231863021850586,7.517828464508057,7.55971622467041,8.199296951293945,0.4853443205356598,0.29432860016822815,2909.983968555962,1220.6579954235506,2990.754025172008,517.9792393956146,6351.153262111794,2119.8134980875584,0.10124882086880804,0.07425717021928806,0.11559313535690308,0.05900568887591362,17.544583104168666,5.344277746294078,0.003621311346237882,0.08775666628847277,112.34714673913044,disco
disco.00028.wav,-20.481245040893555,41.058441162109375,53.708106994628906,20.769689559936523,5.945927143096924,19.06772804260254,10.153067588806152,14.319427490234375,17.057161331176758,11.221384048461914,9.541378021240234,7.7671403884887695,4.611902713775635,8.625853538513184,6.3989410400390625,7.019013404846191,-0.3333010971546173,7.298027038574219,1.7238894701004028,8.011362075805664,3.6845264434814453,8.983935356140137,-0.7746317982673645,6.35945987701416,-5.887972831726074,6.89724588394165,0.4830015301704407,0.28491732478141785,3713.366946149792,1011.5591369664879,3188.443143865485,289.35219307490433,7726.378279647591,1247.1379080939628,0.1982474784732972,0.11595202962257423,0.1725243180990219,0.05814367160201073,17.07150746287476,5.338653272955862,0.0167688226935676,0.08526527504894534,123.046875,disco
disco.00029.wav,-59.00656509399414,42.96726608276367,68.8701171875,18.38621711730957,-8.457221984863281,15.013961791992188,3.5900607109069824,13.6305513381958,5.072522163391113,11.4249267578125,3.284627914428711,10.5382719039917,13.525486946105957,9.72426986694336,-1.369273066520691,9.32086181640625,1.6712123155593872,9.206868171691895,3.7126450538635254,8.656051635742188,-3.7159910202026367,9.240933418273926,-0.3171887695789337,7.435593128204346,-2.835763454437256,7.7340826988220215,0.3840736448764801,0.3073655068874359,3075.059149844922,620.1865781789173,3031.881214983589,345.2589960096408,6848.758586493808,1414.3474416394845,0.13853393176760836,0.049965613022775475,0.14752869307994843,0.05644486844539642,18.88676835244934,5.615641226929234,-0.008123924724459247,0.09148674327466462,103.359375,disco
disco.00030.wav,-40.7292366027832,44.74850082397461,63.94740295410156,20.898883819580078,4.904890060424805,14.777390480041504,16.340808868408203,15.734881401062012,12.100067138671875,14.131888389587402,9.339080810546875,9.623412132263184,4.540617942810059,9.527680397033691,5.189632892608643,7.990306377410889,-0.5894374251365662,7.654205799102783,-0.06985204666852951,8.284868240356445,2.9546146392822266,7.163671016693115,-1.4821672439575195,6.377660751342773,-1.7598724365234375,6.191878318786621,0.45030638575553894,0.2825363874435425,3168.1112406928287,819.4340019517382,3047.644241281729,283.2240572429488,6935.358062838623,1304.1917746552558,0.1508622774767802,0.07706370250611315,0.1699541062116623,0.06812554597854614,17.67587359945606,5.246980225626759,0.02470744409786363,0.1255128830230916,135.99917763157896,disco
disco.00031.wav,-66.56880950927734,49.27593231201172,58.31061935424805,18.31797218322754,-8.17902660369873,16.094785690307617,15.493414878845215,15.326261520385742,5.575189113616943,11.911059379577637,7.697162628173828,10.97594928741455,4.071543216705322,9.250744819641113,-3.583530902862549,9.646316528320312,-1.321885108947754,8.394100189208984,1.608825922012329,7.121554851531982,-5.482532978057861,7.138974189758301,-3.7345495223999023,8.08257007598877,-3.239858627319336,6.59097146987915,0.41717562079429626,0.28956079483032227,3257.126964639291,623.5034428380051,2898.084209645412,305.46803395884626,6681.101266961348,1261.4229139633467,0.17381451964009287,0.05277311399564429,0.115748330950737,0.05012840777635574,17.4248182559492,4.150684624569132,0.0017015044701575405,0.1321553328313907,123.046875,disco
disco.00032.wav,-123.20343780517578,76.5809555053711,86.96167755126953,30.938825607299805,-22.49518585205078,22.82101821899414,6.931238651275635,17.581321716308594,8.458765983581543,13.027555465698242,12.637701034545898,11.946551322937012,-0.8590043187141418,11.497784614562988,-0.8323708176612854,11.121635437011719,-3.2620909214019775,9.634634017944336,2.6230344772338867,8.524042129516602,-0.7835581302642822,7.868382453918457,-0.4259602129459381,7.949559688568115,-3.829258441925049,7.895135879516602,0.3685377240180969,0.30064085125923157,2447.5053952029866,700.5133247560203,2449.620395814775,463.9384151330841,4959.620009856328,1627.708866018092,0.12327627648510062,0.052494197749285536,0.1111329048871994,0.06633719801902771,19.725828016471578,5.770339537997347,0.0393225785404887,0.14688181690819976,112.34714673913044,disco
disco.00033.wav,-57.80061340332031,46.61643600463867,86.53878021240234,27.832416534423828,-11.77696704864502,21.238819122314453,38.776798248291016,14.912636756896973,2.375864028930664,10.99988079071045,8.829936981201172,8.952430725097656,-1.2931183576583862,7.628690719604492,9.917737007141113,7.91232442855835,-1.6644961833953857,7.154642581939697,9.836173057556152,7.450596809387207,3.0134119987487793,9.272571563720703,7.524685382843018,9.215060234069824,1.717929482460022,8.662723541259766,0.3918999433517456,0.29116472601890564,2450.4078120136996,638.8408965110618,2388.143725140329,418.3861802519044,5024.452951153735,1342.4819809585317,0.12449924717008513,0.04079810968307279,0.15696203708648682,0.03211132809519768,19.652844851444367,4.75289480189251,0.010855599006848226,0.13094635753235648,129.19921875,disco
disco.00034.wav,-65.79325866699219,40.1284065246582,52.83180236816406,13.913105010986328,16.578832626342773,18.014394760131836,12.546979904174805,15.03920841217041,5.6043381690979,11.63943862915039,8.383380889892578,12.383800506591797,-0.6104741096496582,8.576455116271973,-0.6237841844558716,8.23324966430664,-4.082043170928955,8.439689636230469,0.6868590116500854,8.969669342041016,-7.7874579429626465,7.866211414337158,-1.8914624452590942,6.973804950714111,-7.249997615814209,8.445613861083984,0.3576597571372986,0.29262590408325195,3653.396938317012,564.3777659404316,3234.1734231198407,248.87316412762124,7835.32762084583,745.7352443140466,0.18083450742550308,0.056617282516308994,0.12288417667150497,0.044836681336164474,18.771336365079613,5.451639036883067,-0.0059745236204636004,0.12007580428066665,129.19921875,disco
disco.00035.wav,-51.813499450683594,43.255680084228516,55.66841506958008,24.29900360107422,11.39661979675293,17.40976905822754,7.471485614776611,13.196680068969727,12.000198364257812,11.10244083404541,6.259165287017822,8.122298240661621,4.356969833374023,9.159212112426758,4.310425758361816,6.846170425415039,-5.940892219543457,7.468336582183838,0.5657939314842224,7.253963470458984,3.59938907623291,9.727822303771973,-2.3887081146240234,6.928507328033447,-5.823011875152588,7.10752010345459,0.40266281366348267,0.28655770421028137,3623.816329797985,957.6295129174905,3229.652358619963,327.7954023565275,7702.895088313903,1380.4504612734572,0.1764282604489164,0.0855581751534182,0.15231217443943024,0.06610047817230225,18.326703976948348,6.320909003160913,-0.021942484392261454,0.10215319768069743,123.046875,disco
disco.00036.wav,-23.55833625793457,39.81442642211914,57.34353256225586,17.080183029174805,7.011987209320068,15.809082984924316,16.52512550354004,11.910387992858887,5.500359058380127,9.089364051818848,11.859777450561523,10.503323554992676,1.6749337911605835,7.470072269439697,5.46185827255249,6.715094089508057,2.7552292346954346,6.923092842102051,7.339150428771973,6.8191118240356445,1.9634922742843628,6.4454426765441895,1.2612274885177612,6.862238883972168,-2.3459413051605225,6.7271928787231445,0.4347911477088928,0.2761053144931793,3348.2009991791724,541.377611494637,3013.270649779574,268.40830837468445,7057.757322707043,952.0410469595029,0.16205155222039475,0.04994181001944214,0.17306745052337646,0.05503402277827263,18.17614385343756,5.229447081246274,0.03137824650186473,0.08118037593007814,135.99917763157896,disco
disco.00037.wav,-26.56824493408203,42.14534378051758,52.04786682128906,17.500329971313477,4.177975177764893,13.892708778381348,12.859308242797852,13.311802864074707,16.74013900756836,10.882696151733398,10.133736610412598,8.270050048828125,4.475160121917725,8.216522216796875,6.326910495758057,6.841350078582764,1.1580265760421753,5.8632941246032715,0.6461885571479797,8.04866886138916,4.612163066864014,9.506784439086914,2.1431961059570312,5.688098907470703,-3.3678746223449707,6.999679088592529,0.4545819163322449,0.2860473096370697,3637.551798162976,697.7662669492919,3198.8678390173886,247.31591664652487,7771.0863426373835,1005.957420979474,0.19009560032894737,0.0716635016040507,0.16388438642024994,0.06026967614889145,17.171280908018016,4.984892174190363,-0.03359052447123838,0.07344127832127129,129.19921875,disco
disco.00038.wav,-77.39574432373047,42.231285095214844,52.15557098388672,21.735960006713867,-8.997961044311523,22.02605438232422,12.85235595703125,17.297897338867188,8.56609058380127,12.894540786743164,2.8920133113861084,14.921310424804688,8.930742263793945,12.438652992248535,4.0137529373168945,9.924654006958008,-7.34464168548584,9.49718952178955,-2.2605180740356445,9.62367057800293,0.9621685147285461,8.183754920959473,-1.0486537218093872,8.646015167236328,-3.7624762058258057,7.866833686828613,0.3707182705402374,0.29452943801879883,3354.360372505759,749.0709033340834,2987.367057986614,333.950258701142,7044.907400408765,1326.8936058793706,0.16828847595781735,0.07504607238199056,0.1131276935338974,0.043425604701042175,18.605982458955896,5.387656968855845,0.01231533673238143,0.13504032654424875,123.046875,disco
disco.00039.wav,-107.36451721191406,48.76862716674805,91.02146911621094,26.568939208984375,-8.338967323303223,24.05046844482422,34.284461975097656,17.333168029785156,-1.9262821674346924,11.333244323730469,3.796600580215454,12.286437034606934,10.53145694732666,9.271169662475586,5.561392307281494,9.76531982421875,6.944074630737305,9.484076499938965,4.777405738830566,8.014211654663086,0.6849833130836487,7.891968250274658,-3.8546648025512695,7.0340728759765625,-2.5791146755218506,6.793675422668457,0.34097588062286377,0.2985627055168152,2328.7358232995766,580.9787986835498,2432.2106054853166,506.36038671486193,4868.278895516883,1400.3298290984155,0.10118608504256967,0.028192376141641662,0.1243385449051857,0.03609327971935272,20.155820635913425,5.126642170204336,0.062073855375477535,0.120527630365754,112.34714673913044,disco
disco.00040.wav,-78.3511734008789,51.15778350830078,80.07461547851562,25.295740127563477,-9.167376518249512,16.84514808654785,25.477052688598633,16.710796356201172,-3.3905441761016846,13.188244819641113,16.80940055847168,9.21357250213623,7.270705699920654,11.65609359741211,1.8186620473861694,9.932334899902344,0.49557429552078247,9.90345573425293,6.32031774520874,8.01154899597168,1.493897795677185,8.16450023651123,2.163630247116089,7.767425060272217,0.6581047177314758,7.831818103790283,0.420886367559433,0.288321316242218,2605.158778871083,638.0967251815713,2533.400411803869,355.3431837232599,5352.617633453464,1240.6108994375163,0.12638850256385448,0.04925769241814541,0.14515092968940735,0.07560162246227264,18.725966474627157,5.446543716474125,0.004632876713595528,0.06611090483746701,135.99917763157896,disco
disco.00041.wav,-122.06816864013672,65.96478271484375,116.81796264648438,30.268190383911133,28.333023071289062,20.093992233276367,24.72945213317871,16.734477996826172,10.946229934692383,13.843334197998047,-1.8944624662399292,11.678607940673828,-1.4049607515335083,11.191997528076172,-0.9484211206436157,8.074482917785645,-3.5381524562835693,8.915167808532715,-2.6139371395111084,7.95051908493042,-1.1199347972869873,8.176520347595215,-4.180541038513184,7.479684352874756,-2.552187919616699,6.551739692687988,0.35578653216362,0.2992807924747467,1776.3958801199312,787.2268049940943,2452.7444237351056,555.2114526367646,3874.7765697561917,2176.9221964604053,0.053842455979102165,0.036524757658491516,0.17537039518356323,0.05854414403438568,20.7578864497578,5.936874074457896,0.006009111200150163,0.20356615348232662,161.4990234375,disco
disco.00042.wav,-62.30523681640625,59.267356872558594,92.05400085449219,24.128311157226562,-19.720611572265625,19.777236938476562,17.629362106323242,10.792852401733398,-3.1775431632995605,8.622544288635254,5.419750213623047,9.521261215209961,-4.000616073608398,8.161307334899902,8.885711669921875,7.321292877197266,-2.490158796310425,7.0413031578063965,3.1609385013580322,6.084502696990967,-0.5298750400543213,6.794550895690918,-1.490691065788269,6.321690082550049,1.298332929611206,7.532873153686523,0.3941138982772827,0.2877653241157532,2403.9325975307147,553.1104080813978,2395.0072403556587,388.38798862452995,4901.478694762239,1279.9224537573875,0.12167764669601393,0.040131270575254195,0.1359810084104538,0.043712735176086426,18.060572061844113,4.243426830253797,0.01980763072054673,0.13013531747621715,103.359375,disco
disco.00043.wav,-62.78811264038086,61.341190338134766,77.84590148925781,36.694156646728516,3.535339117050171,26.944421768188477,26.012876510620117,15.947515487670898,5.932444095611572,13.833109855651855,11.292922973632812,9.421417236328125,11.104592323303223,9.861135482788086,-1.959661602973938,11.02017593383789,1.8299741744995117,8.33394718170166,9.186840057373047,9.18862533569336,4.068376541137695,7.781750679016113,0.9767575263977051,7.055290222167969,5.618281841278076,8.204339027404785,0.42033129930496216,0.29265275597572327,2875.523793893122,1129.5332800836657,2760.719592455261,731.8776354371598,6020.16359689435,2427.2757022625447,0.13478414340654024,0.07237925219544916,0.1736527979373932,0.04941241443157196,19.204105362757744,4.8330141140321015,0.03703930500398663,0.10583669354571655,129.19921875,disco
disco.00044.wav,-71.24205017089844,63.750343322753906,97.7214584350586,31.033132553100586,-18.355274200439453,20.514806747436523,8.578152656555176,16.44229507446289,5.202038764953613,14.620771408081055,-0.9389215707778931,12.224695205688477,0.46801549196243286,10.937366485595703,1.6290961503982544,8.386610984802246,-4.7780914306640625,8.583002090454102,0.06490772217512131,8.650075912475586,-0.548708975315094,7.8849968910217285,-4.452000141143799,6.852473258972168,-5.314455986022949,6.686583995819092,0.36704447865486145,0.29194003343582153,2330.4341487066677,702.651614962031,2437.648116063216,494.85698973920324,4645.41357648631,1748.7276942282301,0.1095964650251548,0.040398612847045066,0.14895689487457275,0.054441072046756744,18.546537634641524,5.037801433600189,0.014933756234683012,0.1460838801603003,123.046875,disco
disco.00045.wav,-81.29733276367188,63.231300354003906,106.4761962890625,38.4405517578125,-9.534991264343262,20.563913345336914,17.970006942749023,15.330824851989746,3.011077880859375,13.745267868041992,8.301613807678223,12.120687484741211,3.8938748836517334,10.046119689941406,4.249102592468262,7.137539863586426,-3.739396810531616,7.430242538452148,-2.078542709350586,6.157126426696777,-2.2060985565185547,6.577474117279053,-4.587527751922607,6.6305155754089355,-1.1600444316864014,6.756292819976807,0.40740296244621277,0.2873303294181824,2248.158016320912,916.9718776262599,2368.7379081969507,571.8063862765398,4609.87212473394,1933.6204970626998,0.10974196679082818,0.06587269052827661,0.13541683554649353,0.05301424488425255,18.069904954628498,5.456896475452536,0.023482473703412842,0.10389916035148114,123.046875,disco
disco.00046.wav,-125.69445037841797,55.731136322021484,101.7862777709961,20.116222381591797,-17.48869514465332,21.117599487304688,33.677490234375,17.791584014892578,-15.244757652282715,12.433478355407715,23.698762893676758,14.861265182495117,-8.658020973205566,12.352014541625977,18.546085357666016,9.986703872680664,-14.059921264648438,8.624667167663574,19.96295928955078,8.751168251037598,-15.148183822631836,8.598052024841309,12.975601196289062,8.365425109863281,-14.307978630065918,9.931827545166016,0.3763195872306824,0.3056528568267822,2259.667499272963,528.0524391943451,2272.8689550340846,370.86354390050195,4889.170435855263,1221.1662855147067,0.11426008005998452,0.04781064789061981,0.11299213767051697,0.05481865629553795,21.82140802488844,9.173973431466884,0.03609991941632552,0.09501551506155806,123.046875,disco
disco.00047.wav,-280.9080810546875,62.992897033691406,120.81539916992188,24.111610412597656,-37.61225509643555,26.63509178161621,28.736146926879883,16.392610549926758,-10.789444923400879,12.81089973449707,-6.406518936157227,13.214101791381836,-13.808621406555176,10.870545387268066,-4.062507629394531,10.163208961486816,-14.859973907470703,10.169891357421875,4.791967391967773,14.615184783935547,-20.174318313598633,8.629634857177734,-5.093949794769287,8.247864723205566,-6.792037487030029,8.437114715576172,0.2201482355594635,0.3044140040874481,1710.8442048759703,647.2008645825788,1620.146459083234,343.75276770619666,3238.938747913845,1101.5139951202045,0.08702290537925697,0.05300927863510807,0.046984799206256866,0.03279193490743637,23.710464397806103,6.228996303013116,0.06032556848942358,0.20982879366110863,123.046875,disco
disco.00048.wav,-105.02068328857422,49.57181167602539,80.22213745117188,21.694683074951172,-41.111576080322266,22.800640106201172,54.025760650634766,14.859602928161621,-8.379423141479492,12.451706886291504,25.721208572387695,12.360772132873535,-12.471841812133789,10.00352668762207,28.713754653930664,8.96267032623291,-15.008991241455078,8.32697868347168,15.610892295837402,7.532392978668213,-7.617063522338867,7.515415668487549,12.414464950561523,8.031367301940918,-7.368524551391602,7.609025001525879,0.40967416763305664,0.30063140392303467,2616.176846102278,585.4895108671783,2155.8346500424695,309.17165854734264,4983.836530089009,1074.130304052009,0.15437434996613777,0.05761921237132107,0.11230551451444626,0.04087081179022789,21.728217705801292,9.281291488886964,0.003944614530273973,0.11743909172884295,99.38401442307692,disco
disco.00049.wav,-45.13199996948242,60.12588882446289,98.67164611816406,30.2385196685791,-24.668424606323242,22.369918823242188,40.512596130371094,13.150057792663574,-18.104604721069336,12.316132545471191,26.11530303955078,10.508078575134277,-12.694840431213379,11.877615928649902,13.988503456115723,8.423179626464844,-15.421141624450684,7.897736072540283,16.17926025390625,7.852210521697998,-14.377716064453125,7.510185718536377,8.14035701751709,6.836050033569336,-11.9398193359375,7.846003532409668,0.4213731586933136,0.29243630170822144,2397.052524918614,751.9924292904948,2208.5337721945857,366.7728895383686,4920.695245229053,1324.918790227663,0.13532117719620743,0.07365593131210514,0.20951692759990692,0.08500548452138901,21.573094447092412,9.862329923399452,-0.011680843905200446,0.16200688001190527,123.046875,disco
disco.00050.wav,-45.805320739746094,36.4543571472168,101.74009704589844,18.113819122314453,-32.078636169433594,17.155431747436523,34.265602111816406,12.526665687561035,-17.547401428222656,10.786818504333496,32.327186584472656,8.878400802612305,-15.645261764526367,10.005803108215332,22.041263580322266,6.8489837646484375,-16.110876083374023,7.304912090301514,18.677486419677734,8.395048141479492,-13.079385757446289,6.889642238616943,16.4752197265625,6.3087992668151855,-9.913808822631836,5.773815631866455,0.4511672258377075,0.26599976420402527,2376.1512622758464,442.7406752815856,2258.535035544069,260.96160608078634,5006.728058333736,956.5569100578626,0.12878191212751547,0.036077468264831714,0.158993199467659,0.042340535670518875,21.465192344861208,9.74994344575979,0.0428669939203791,0.10831605749945397,107.666015625,disco
disco.00051.wav,-77.19868469238281,40.69599914550781,89.36663055419922,17.877962112426758,-34.23228073120117,16.994117736816406,38.68126678466797,12.111468315124512,-22.269874572753906,10.63264274597168,31.254671096801758,8.575846672058105,-16.385425567626953,9.774298667907715,22.344226837158203,6.769490718841553,-16.015026092529297,7.179442405700684,19.283666610717773,8.110939025878906,-13.230426788330078,6.831801891326904,16.724140167236328,6.057431221008301,-10.393917083740234,5.63016414642334,0.4605198800563812,0.26461824774742126,2651.320247246162,454.49445073681557,2309.039109488247,231.19893344214873,5372.017516145027,842.0089250966087,0.15772391398993807,0.042070515672330396,0.10635125637054443,0.03514113649725914,20.479556808271777,9.512823208697458,0.0445504612278547,0.11148519528781359,107.666015625,disco
disco.00052.wav,-70.51618194580078,40.524269104003906,90.47600555419922,18.850536346435547,-48.08651351928711,18.177751541137695,36.67485046386719,14.291255950927734,-17.666038513183594,12.800237655639648,21.60397720336914,11.498855590820312,-30.18695068359375,9.950455665588379,24.03990936279297,9.904122352600098,-20.447668075561523,9.266915321350098,14.482979774475098,8.8037748336792,-18.50306510925293,9.28368854522705,9.126518249511719,7.343688011169434,-12.047066688537598,7.718198776245117,0.41644784808158875,0.279856413602829,2591.5017766838123,506.0127241883295,2163.1024960936247,259.1315670439758,5062.136056622485,973.4288057348673,0.16987803550696595,0.051592650994243386,0.12529388070106506,0.04481653496623039,21.212256230721017,9.944976603885411,0.0063032671082373926,0.11707236036072274,123.046875,disco
disco.00053.wav,-108.5107650756836,106.6417007446289,69.93312072753906,41.68592071533203,14.870285034179688,37.91831588745117,45.53962326049805,16.871633529663086,-5.384937286376953,15.348488807678223,41.803653717041016,11.707653999328613,-13.5187406539917,9.442378044128418,32.55927658081055,9.156441688537598,-20.397464752197266,9.054889678955078,23.435903549194336,8.260490417480469,-12.123883247375488,7.254019260406494,17.99940299987793,6.731741428375244,-9.03880786895752,7.213389873504639,0.46769261360168457,0.2839062809944153,3079.468912826982,1109.1913283676354,2709.9666043643942,385.85093315106667,6405.727932106231,1334.3274240501257,0.15430745694659442,0.09950169977062846,0.17256750166416168,0.07302799820899963,20.93437994961951,11.2048796186559,-0.006146673424532445,0.07150174644276557,135.99917763157896,disco
disco.00054.wav,-226.3543243408203,62.06947708129883,78.27161407470703,27.00348663330078,7.845218658447266,25.251157760620117,53.85680389404297,15.757667541503906,-1.1519348621368408,13.821889877319336,11.302834510803223,13.491814613342285,-7.848479270935059,13.363629341125488,24.365110397338867,10.481308937072754,-14.952828407287598,10.807154655456543,18.494565963745117,9.974674224853516,-19.137502670288086,9.659463882446289,6.156276702880859,8.205422401428223,-10.068167686462402,8.324959754943848,0.40136924386024475,0.30778074264526367,2566.1260441601803,908.7582428042685,2533.6870788134956,336.68438692544413,5521.508278861504,1464.1119280824223,0.11465010037732198,0.07463031234675307,0.05215665325522423,0.025798458606004715,21.53206205913343,8.234216263836379,0.03627911040672648,0.09912178029615254,112.34714673913044,disco
disco.00055.wav,-103.09194946289062,52.63697052001953,107.49750518798828,21.100862503051758,-33.526493072509766,21.174907684326172,52.796356201171875,11.73784351348877,-9.143341064453125,9.914521217346191,30.36568832397461,9.28066635131836,-9.337431907653809,9.518198013305664,23.046274185180664,8.086973190307617,-11.900222778320312,9.272589683532715,18.170902252197266,7.1222147941589355,-7.554081916809082,8.484177589416504,9.401474952697754,6.375432968139648,-5.444427967071533,7.0363898277282715,0.4630337059497833,0.2795981168746948,2108.1997863703064,494.7485599382461,2072.6349671204407,346.6549631583788,4398.706734955495,1053.5258171904159,0.11041618795955882,0.041766071561369925,0.12149045616388321,0.04312023147940636,20.789027287117154,9.109361905951133,0.03996108945915242,0.10346774633477043,129.19921875,disco
disco.00056.wav,-182.78819274902344,55.90946578979492,124.18509674072266,23.999317169189453,-10.06248664855957,17.332582473754883,41.59244918823242,12.423271179199219,-7.3899946212768555,10.765244483947754,26.952116012573242,10.740626335144043,-12.362844467163086,9.777901649475098,19.8203067779541,9.244529724121094,-16.069171905517578,8.636998176574707,16.206390380859375,8.385296821594238,-10.253923416137695,7.376351356506348,3.1237123012542725,9.01826286315918,-8.989256858825684,6.859817028045654,0.35825198888778687,0.3015170693397522,1755.2903582545093,564.7535929810657,2043.0111365643288,361.42003503990287,3816.2602569296632,1285.1450647129939,0.07696816648123066,0.03752317729484583,0.0762047991156578,0.029741868376731873,20.713819608209263,8.100949723885016,0.01709372397383567,0.11897166057386044,89.10290948275862,disco
disco.00057.wav,-143.208984375,45.25779724121094,122.59268951416016,15.248003005981445,-23.920421600341797,17.46145248413086,28.148860931396484,13.575072288513184,-23.689157485961914,12.24842643737793,23.081340789794922,9.691816329956055,-17.911197662353516,10.245453834533691,18.753313064575195,7.788833141326904,-18.636001586914062,8.71514892578125,18.356426239013672,8.126937866210938,-13.914460182189941,6.7170090675354,9.73025894165039,7.021717071533203,-12.243754386901855,6.306014060974121,0.37015920877456665,0.28821617364883423,1937.935756160484,359.93044948043485,2099.948883012934,257.4662000213545,4164.391485161087,932.9259494938345,0.09247298580205109,0.023773244375785093,0.07617443054914474,0.023165235295891762,20.637132132613214,8.144742215776283,0.016355162105745922,0.10650732067437431,117.45383522727273,disco
disco.00058.wav,-109.59149932861328,55.382469177246094,104.14510345458984,23.45518684387207,-16.2174129486084,21.138553619384766,45.37646484375,12.816699028015137,-10.19576644897461,11.516265869140625,25.55859375,12.690439224243164,-17.158018112182617,9.673152923583984,22.278688430786133,8.554226875305176,-16.850662231445312,8.26417350769043,16.53579330444336,10.51331901550293,-12.09670639038086,9.029205322265625,8.670637130737305,9.065662384033203,-8.847189903259277,8.102907180786133,0.4172433912754059,0.29810643196105957,2217.9682141739054,625.0685226474998,2245.210277412835,314.3337141864219,4743.712982083252,1166.7948270429831,0.1109932819756192,0.06026967802700165,0.12223055213689804,0.048149529844522476,21.339054684367394,9.41381845360988,-0.0012252171239947715,0.08163050273792122,129.19921875,disco
disco.00059.wav,-109.05280303955078,64.2242660522461,106.84856414794922,31.997844696044922,-18.279069900512695,20.815507888793945,23.42359161376953,13.13733196258545,-17.76458168029785,11.34465217590332,19.019662857055664,12.909893989562988,-13.615213394165039,11.767044067382812,18.686105728149414,9.416892051696777,-18.371767044067383,9.728766441345215,18.40284538269043,8.744378089904785,-9.714786529541016,8.134567260742188,11.857382774353027,8.914177894592285,-5.56052303314209,8.572948455810547,0.4033534526824951,0.30099889636039734,2279.818496274842,763.2303321037775,2269.7688540934123,390.19865629584257,4828.345803653493,1528.5548258394458,0.1102181543875774,0.06897556685864786,0.11695980280637741,0.053529396653175354,20.822296484915633,9.197888348539262,-0.001415096334038895,0.10520257981347622,123.046875,disco
disco.00060.wav,-121.09522247314453,59.29147720336914,116.94249725341797,26.057151794433594,-22.786970138549805,21.41814613342285,45.14893341064453,11.900148391723633,-4.239051342010498,10.95736312866211,30.256324768066406,9.731945037841797,-12.24527359008789,9.2167387008667,21.729875564575195,7.944692611694336,-16.54076385498047,8.859445571899414,16.2332820892334,6.995612144470215,-10.655169486999512,8.264937400817871,7.330419540405273,6.617658615112305,-9.353951454162598,6.988112449645996,0.4348427355289459,0.2817523777484894,1975.2274580999904,592.1647824555216,2090.041185049888,424.769810662327,4251.4826251995455,1399.7656801647063,0.09303307311822756,0.04116394431581023,0.11449886858463287,0.040757402777671814,21.353451757097677,8.757974949811292,0.048583315304636665,0.1214661622273163,129.19921875,disco
disco.00061.wav,-91.88630676269531,73.47974395751953,87.60405731201172,22.834030151367188,-2.0581753253936768,24.736919403076172,34.28553771972656,15.730679512023926,-18.153369903564453,15.105977058410645,19.344701766967773,15.805407524108887,-14.697327613830566,11.894416809082031,17.116172790527344,12.137595176696777,-15.334747314453125,9.225778579711914,17.040912628173828,11.033554077148438,-13.558690071105957,12.179235458374023,11.848033905029297,11.011008262634277,-9.811619758605957,11.808476448059082,0.3233638107776642,0.3225356340408325,2550.135383866737,694.6447980974901,2486.0206503089084,368.21520978161897,5585.291226508079,1393.7952892361336,0.11589045568885449,0.0504051418442315,0.18443451821804047,0.09845568239688873,21.882916580989107,10.075880403926815,0.04764137119749543,0.13417413268286202,123.046875,disco
disco.00062.wav,-107.86759948730469,71.58432006835938,81.93658447265625,25.965303421020508,-30.634069442749023,26.199968338012695,41.33193588256836,17.75003433227539,-8.509502410888672,14.269417762756348,31.333730697631836,13.158026695251465,-8.86906909942627,13.474125862121582,26.030902862548828,10.017232894897461,-8.280141830444336,10.684311866760254,17.894874572753906,9.435733795166016,-4.652872085571289,8.893227577209473,7.425512313842773,6.756163120269775,-4.352715969085693,7.705340385437012,0.4268950819969177,0.2966351807117462,2387.922380957909,660.8889109659684,2191.0049201766205,315.73121032818597,4919.661918144108,1186.6202211116085,0.12770671076818885,0.06207232489706786,0.15116338431835175,0.09200441837310791,21.00194139538566,9.60324361058994,0.030488102873097646,0.09683457488240126,107.666015625,disco
disco.00063.wav,-51.776084899902344,53.388912200927734,70.33135223388672,18.892528533935547,-3.911700487136841,20.401636123657227,49.742279052734375,13.622989654541016,1.5879707336425781,10.960737228393555,35.703487396240234,9.317256927490234,-4.088695049285889,10.84660530090332,24.78790855407715,8.338264465332031,-9.707021713256836,9.600271224975586,22.039283752441406,7.968530178070068,-6.11499547958374,8.23432731628418,17.181259155273438,6.772389888763428,-2.7664239406585693,8.62919807434082,0.5478755235671997,0.2705625593662262,2583.326723139977,663.8300125969068,2626.356286005615,351.14782187289376,5855.539592353183,1245.666958806157,0.09977263931888544,0.05808054176643849,0.29373863339424133,0.11063007265329361,19.9641151148922,9.917732691698678,-0.0009184775713907951,0.04968118415394228,129.19921875,disco
disco.00064.wav,-189.21511840820312,86.29005432128906,93.95932006835938,22.833683013916016,7.905782222747803,29.23642921447754,41.89059829711914,17.240297317504883,-7.09204626083374,13.590378761291504,31.882492065429688,10.554465293884277,-12.58603572845459,11.019320487976074,24.220500946044922,8.473299026489258,-6.057699203491211,10.47085189819336,24.537946701049805,9.684029579162598,-6.0252366065979,12.194705963134766,16.763090133666992,11.470730781555176,-2.0117976665496826,9.859118461608887,0.3882116973400116,0.31760942935943604,2144.2930792368275,715.1399794206881,2404.159447127944,398.6313069347075,4947.728415096507,1508.354053733061,0.06485183763061146,0.036618643507843676,0.09222450852394104,0.031128166243433952,21.699488853354065,8.9159965813454,0.07929419829115267,0.14834681617431555,123.046875,disco
disco.00065.wav,-106.24380493164062,71.58489990234375,105.57587432861328,21.953144073486328,-5.513561725616455,29.37338638305664,50.055816650390625,15.01892375946045,1.2439842224121094,11.43584156036377,37.002601623535156,11.018218994140625,-9.622076034545898,9.352553367614746,24.011703491210938,9.871378898620605,-8.668455123901367,8.016092300415039,14.975655555725098,8.114822387695312,-2.52604079246521,8.362503051757812,9.7654390335083,10.03334903717041,-0.9115710854530334,8.045835494995117,0.471089631319046,0.2926182746887207,1887.648892045496,561.7158044708401,2191.1875941182675,323.7426285123186,4364.948605752951,1291.6010127368581,0.07365715097716719,0.044903810725006474,0.1853540688753128,0.07458195835351944,20.532280605461033,9.241852713256774,-0.002984910590883091,0.12228612983274598,129.19921875,disco
disco.00066.wav,-57.60671615600586,61.301605224609375,96.69188690185547,25.428142547607422,-24.422019958496094,22.27599334716797,40.014190673828125,14.545784950256348,-17.260251998901367,12.697896003723145,27.834213256835938,9.822660446166992,-13.297422409057617,11.789300918579102,23.196401596069336,9.04450511932373,-16.528564453125,8.105538368225098,19.427146911621094,8.473105430603027,-15.485602378845215,8.48538875579834,11.825690269470215,8.497414588928223,-10.574847221374512,8.729911804199219,0.4508412480354309,0.2840844690799713,2492.8521058348206,698.2828935295641,2277.9018385516956,334.4503679146832,5114.627405881143,1227.8132748905668,0.13862576794698142,0.06312919059501766,0.16957618296146393,0.06250937283039093,21.44939948069411,10.03419922112019,0.009449402866335534,0.08555662101460107,135.99917763157896,disco
disco.00067.wav,-103.76036071777344,43.08242416381836,92.46227264404297,19.963626861572266,-27.23040771484375,16.887331008911133,39.221290588378906,13.710556030273438,-23.052734375,9.320565223693848,20.634798049926758,9.309664726257324,-17.76690101623535,7.864458084106445,18.95055389404297,6.571953773498535,-15.204781532287598,7.599334716796875,16.394330978393555,6.848720550537109,-14.662063598632812,6.6603546142578125,12.24946117401123,7.078824043273926,-14.973012924194336,7.2353835105896,0.3650035262107849,0.28525644540786743,2541.995563795192,508.8730634288762,2289.3365138825743,251.63808325652803,5183.035325561145,945.4641446401515,0.14330827931501547,0.052966584289856684,0.09135410934686661,0.03066553734242916,21.24486229280612,8.911219979011214,-0.0003426432026012235,0.1224191998372341,99.38401442307692,disco
disco.00068.wav,-93.31912994384766,43.86564636230469,77.8344497680664,21.24292755126953,-8.784327507019043,19.621479034423828,42.071250915527344,12.944690704345703,-11.249411582946777,8.715359687805176,24.245376586914062,10.82154655456543,-17.912214279174805,8.24771785736084,22.240354537963867,7.483149528503418,-16.03913688659668,7.352542877197266,16.687471389770508,7.095041751861572,-15.66524887084961,6.481630802154541,15.4109468460083,6.892881870269775,-18.128246307373047,6.585518836975098,0.41619691252708435,0.28394171595573425,2956.6002017744845,721.0938477321989,2599.740187278478,287.72543731608937,6132.0212538397345,1099.2116240242692,0.16269251584268576,0.07437022387883789,0.10679331421852112,0.040989089757204056,21.92378354020514,9.497228797610493,-0.05514930912086753,0.1181970916553906,107.666015625,disco
disco.00069.wav,-118.3656997680664,38.64296340942383,114.23728942871094,17.579565048217773,-6.782299995422363,16.421945571899414,37.40087127685547,11.411823272705078,-17.43193817138672,9.515599250793457,28.362873077392578,9.875736236572266,-23.726537704467773,8.535229682922363,9.283809661865234,7.528120517730713,-10.439460754394531,7.144429683685303,12.624765396118164,6.658231258392334,-5.14867639541626,6.323404312133789,12.25314998626709,5.682182788848877,-3.8705222606658936,5.187875270843506,0.3892189562320709,0.28756362199783325,1931.1496588575947,434.38009250326445,2208.9637535058287,207.9210968436825,4515.622694647349,842.6730167026324,0.08364121758900929,0.035755040348975434,0.11158227175474167,0.041622936725616455,20.322945114197488,8.503865799770228,0.034839674176528244,0.09988663506902763,107.666015625,disco
disco.00070.wav,-81.72715759277344,40.59690475463867,97.61067962646484,17.99445343017578,-27.583755493164062,17.097614288330078,36.644187927246094,12.305832862854004,-17.25299835205078,10.742680549621582,30.769319534301758,8.67222785949707,-15.94863510131836,9.925036430358887,20.968244552612305,6.862231254577637,-16.226930618286133,7.317311763763428,17.418455123901367,8.174546241760254,-13.363810539245605,6.804758071899414,15.080845832824707,6.091158866882324,-10.386919975280762,5.620056629180908,0.4555019736289978,0.2664240300655365,2449.296921443876,461.0252117899233,2311.913698234346,250.97426748029395,5185.360311502273,931.2862188178435,0.1346148322610294,0.03890137354544263,0.11101832985877991,0.037280138581991196,20.295271174362508,9.377191121362392,0.043816506312598265,0.11242368678437858,107.666015625,disco
disco.00071.wav,-105.51603698730469,39.8779182434082,79.256591796875,17.793874740600586,-15.20765209197998,19.10627555847168,40.82554626464844,11.662503242492676,-12.267790794372559,11.421579360961914,23.559673309326172,10.915882110595703,-19.938488006591797,9.220694541931152,27.319257736206055,8.822649002075195,-16.512426376342773,9.637372970581055,21.53839683532715,8.536910057067871,-11.680120468139648,6.679865837097168,13.99189281463623,6.69710111618042,-10.775012969970703,6.520256519317627,0.4355066120624542,0.2867083251476288,2809.021561476355,598.8161800014784,2530.893093437794,226.0148248375931,6001.3803771405765,851.1081722360309,0.15595068208204335,0.06834677606064296,0.09814836829900742,0.039542775601148605,21.176478399007213,9.774806401389053,-0.007492536398092893,0.0904201893414744,112.34714673913044,disco
disco.00072.wav,-128.46766662597656,64.68461608886719,67.26374053955078,24.414264678955078,-36.918983459472656,23.281692504882812,40.90837097167969,21.00287628173828,-21.745594024658203,16.79103660583496,23.162696838378906,14.972408294677734,-13.252984046936035,12.120763778686523,13.09386157989502,14.225570678710938,-14.004484176635742,10.702890396118164,17.7995662689209,9.627080917358398,-15.179245948791504,9.026268005371094,16.372459411621094,9.697072982788086,-10.465580940246582,8.212163925170898,0.43430060148239136,0.28726470470428467,2902.9834800553963,674.1446530360115,2302.2475450567254,279.36105715019704,5470.541920381434,1061.896999963539,0.184138720249613,0.07711310353300642,0.08449772745370865,0.039807844907045364,21.467375327498914,9.024770077544035,-0.004583945074382174,0.13972103073055644,135.99917763157896,disco
disco.00073.wav,-95.25163269042969,55.230621337890625,82.253662109375,20.98622703552246,-26.221525192260742,15.368470191955566,37.522613525390625,13.482392311096191,-16.355100631713867,11.496403694152832,25.29429054260254,8.23994255065918,-21.79648208618164,8.91195297241211,21.811946868896484,7.761149883270264,-20.064441680908203,6.703416347503662,16.297643661499023,7.087294101715088,-16.119651794433594,6.506819248199463,14.439221382141113,5.840104103088379,-11.907042503356934,5.828200817108154,0.446403831243515,0.2758542597293854,2846.8226092079603,561.2773891014958,2460.2125329956,228.52615506416805,5925.3808366994,869.8928483739609,0.17636703632933437,0.06721990785472465,0.09553591907024384,0.0415748730301857,20.818953969182004,9.825249307128198,0.028037103966093022,0.11416686572992485,112.34714673913044,disco
disco.00074.wav,-40.7629280090332,42.28572082519531,86.78238677978516,17.941699981689453,-26.962377548217773,19.170650482177734,34.941532135009766,11.575477600097656,-20.048147201538086,11.508302688598633,21.65764045715332,10.852922439575195,-23.953712463378906,9.2678861618042,19.265037536621094,8.705307006835938,-17.53156089782715,9.61689567565918,18.037153244018555,8.691255569458008,-16.02078628540039,6.757913589477539,12.44607925415039,6.829050064086914,-13.877288818359375,6.401193618774414,0.40280279517173767,0.28383567929267883,2649.217859026324,515.8076924516296,2383.9281662533035,227.50756135112695,5545.783132074787,866.0530131576525,0.15116461880804954,0.05429887531450014,0.17761214077472687,0.06948975473642349,21.280890421995558,10.198521263191838,0.01647597630451099,0.13743894278775104,112.34714673913044,disco
disco.00075.wav,-91.75991821289062,38.42158889770508,86.31499481201172,16.242097854614258,-17.351943969726562,16.23831558227539,43.10606384277344,10.682994842529297,-18.407480239868164,10.363900184631348,34.05898666381836,7.976445198059082,-18.420602798461914,9.0188627243042,26.83688735961914,7.5575432777404785,-13.565130233764648,8.169198036193848,20.21440887451172,8.247236251831055,-14.637163162231445,7.654966354370117,12.66814136505127,7.289706230163574,-12.608888626098633,7.190958499908447,0.4290362000465393,0.2882213592529297,2690.932759278845,467.6004877996463,2480.506001082097,225.81232003810229,5776.39007095951,785.900089470207,0.12995726405282507,0.04323529130529884,0.11085661500692368,0.035716746002435684,21.18439559723347,9.896207713109293,0.0171547333791272,0.08230555482355341,135.99917763157896,disco
disco.00076.wav,-95.87289428710938,54.79027557373047,103.33598327636719,19.26858901977539,-36.46080017089844,20.71338653564453,27.125099182128906,15.450949668884277,-22.87316131591797,14.015823364257812,9.98593521118164,14.754127502441406,-24.656694412231445,10.76205825805664,15.670156478881836,9.467270851135254,-20.151212692260742,8.586262702941895,18.746261596679688,8.299607276916504,-18.563173294067383,7.678459167480469,9.864557266235352,8.469877243041992,-15.108638763427734,8.670722007751465,0.35316118597984314,0.29545605182647705,2252.122477978003,476.57404817348373,2165.4098583810123,280.59508298221175,4558.63910119969,1053.5613231235993,0.12191385086106811,0.040071683042191907,0.12425734847784042,0.051324401050806046,21.943258513610488,8.941278180049478,0.013191165784788544,0.15567221967208777,129.19921875,disco
disco.00077.wav,-56.90147399902344,52.58992385864258,97.02407836914062,23.37559700012207,-17.874454498291016,18.83517837524414,44.933502197265625,12.369006156921387,-6.932389736175537,9.637383460998535,23.81332778930664,10.675712585449219,-23.314041137695312,9.054679870605469,25.996196746826172,6.837826251983643,-10.480186462402344,9.778340339660645,10.453680992126465,8.04799747467041,-15.226058006286621,8.214262008666992,10.0309419631958,7.826694488525391,-9.161243438720703,8.53044605255127,0.4156966507434845,0.28992000222206116,2308.7942063741325,607.9339907438987,2277.868954192343,310.6645638434688,4944.128436865083,1227.79660849254,0.11760246347716719,0.053534911215442064,0.20663262903690338,0.07055027782917023,22.125357485472303,9.63093822309995,0.06167660464893295,0.11843902012959563,117.45383522727273,disco
disco.00078.wav,-182.05023193359375,67.73014068603516,103.41655731201172,20.108793258666992,-18.227279663085938,19.009960174560547,31.200912475585938,18.902755737304688,-12.540436744689941,11.828361511230469,18.842092514038086,13.747530937194824,-12.869497299194336,10.939939498901367,19.37890625,10.227241516113281,-17.70433235168457,8.341363906860352,18.500280380249023,9.73775863647461,-14.324433326721191,7.992472171783447,11.54508113861084,8.506553649902344,-11.634119033813477,7.709096908569336,0.33197021484375,0.30344417691230774,2219.3232376250994,571.3686202543012,2306.993918968888,367.901834052123,4882.52047606666,1383.9341665739528,0.09617402162345201,0.046439038774616,0.06824227422475815,0.037738483399152756,21.310568631775222,8.095829291762916,0.004462221111886016,0.15522041989709173,129.19921875,disco
disco.00079.wav,-154.62330627441406,64.66120147705078,97.93260192871094,23.95062828063965,-10.357318878173828,16.678543090820312,39.1236686706543,11.402752876281738,-11.21396541595459,10.783190727233887,24.111309051513672,11.315435409545898,-11.846502304077148,8.612497329711914,24.19123077392578,9.199992179870605,-13.460304260253906,8.217456817626953,20.55318832397461,8.296797752380371,-8.327631950378418,7.870151996612549,5.867451190948486,7.9710822105407715,-9.686903953552246,8.41293716430664,0.4530162513256073,0.29459017515182495,2292.577700466476,655.3063621879899,2348.189624461128,313.0567335881304,5038.611198874081,1337.527288297189,0.09981534503192724,0.0538490863271812,0.08476999402046204,0.04214742034673691,21.000848504021118,9.466593450941476,-0.022971760471308188,0.0873099645151517,123.046875,disco
disco.00080.wav,-219.4556427001953,57.613033294677734,94.70133209228516,24.533634185791016,12.129364013671875,21.661867141723633,48.87006759643555,16.42290687561035,-7.212083339691162,11.80190372467041,16.62851333618164,17.30203628540039,-15.087896347045898,10.998443603515625,21.714439392089844,8.272419929504395,-20.002349853515625,10.312285423278809,13.238805770874023,9.849202156066895,-15.698356628417969,8.914496421813965,5.057011604309082,8.494016647338867,-15.283743858337402,8.562819480895996,0.38869795203208923,0.30327555537223816,2143.645601948083,750.3098972011151,2414.24151082027,322.65355046898685,4956.820026787442,1536.9319702607113,0.08475043234810371,0.04932205774309747,0.05919809639453888,0.03227982670068741,21.814619224366574,8.364533384254031,-0.0613040672439771,0.13464608648980467,99.38401442307692,disco
disco.00081.wav,-193.22007751464844,113.88024139404297,89.19422149658203,35.43796157836914,-20.013872146606445,20.636734008789062,38.7435302734375,16.545867919921875,-2.7159597873687744,13.630223274230957,17.05726432800293,15.452224731445312,-7.950159549713135,13.338812828063965,16.086509704589844,10.44179916381836,-16.764881134033203,11.973788261413574,7.716307163238525,10.118972778320312,-15.712639808654785,10.913304328918457,9.034708023071289,11.281744956970215,-11.316749572753906,9.88111400604248,0.35838353633880615,0.3074091672897339,2292.41885340361,784.4120590126375,2208.3410022972375,398.07770748740626,4740.313002642463,1477.1028074040182,0.11643089081849846,0.06784558275257073,0.07870452851057053,0.048032887279987335,22.33347718262296,8.451122376045008,0.038804913093770606,0.11768517678421557,86.1328125,disco
disco.00082.wav,-63.65033721923828,65.7275390625,94.46595764160156,33.39222717285156,-13.425887107849121,19.39474868774414,32.7712287902832,14.438787460327148,-13.714619636535645,18.4731388092041,26.780269622802734,13.067032814025879,-19.395612716674805,14.91965389251709,24.652542114257812,10.085530281066895,-11.667617797851562,11.151327133178711,13.727572441101074,10.355034828186035,-9.44289493560791,9.311192512512207,8.833795547485352,8.261516571044922,-4.9801459312438965,8.377630233764648,0.4226715564727783,0.2934633195400238,2577.013955506876,921.1520265319722,2387.3710450599965,466.5256962295056,5419.383896393672,1643.946973842062,0.13824595164957432,0.07751722803035366,0.18090620636940002,0.08565346896648407,20.894267400635602,9.489286195874497,0.020695970001895308,0.09682771638838243,123.046875,disco
disco.00083.wav,-167.378173828125,58.4498405456543,112.48346710205078,27.633136749267578,-4.582420349121094,26.353038787841797,37.09086990356445,23.013656616210938,-8.613286972045898,15.575342178344727,27.826745986938477,13.798316955566406,-14.716944694519043,10.762977600097656,18.52263069152832,10.251909255981445,-16.490127563476562,10.327497482299805,13.760584831237793,9.328761100769043,-13.331284523010254,8.520008087158203,10.215414047241211,7.75768518447876,-11.57529067993164,8.815581321716309,0.4141327738761902,0.30012258887290955,1959.5165152861578,680.4269568105806,2210.9024031622457,375.6384603177015,4352.990344729586,1528.943095256269,0.09003346918537151,0.05412156038592039,0.08762018382549286,0.03294924274086952,20.3386680613278,8.592356528315076,0.0050154655403668955,0.13086191564730357,117.45383522727273,disco
disco.00084.wav,-197.1792449951172,95.07003784179688,83.36067199707031,33.072505950927734,-38.557830810546875,27.624183654785156,43.71670150756836,17.95701789855957,-7.295539379119873,12.736225128173828,25.659221649169922,10.766925811767578,-8.642003059387207,9.155556678771973,13.397130966186523,10.784185409545898,-12.15369701385498,8.668725967407227,12.154943466186523,8.748846054077148,-12.050202369689941,8.357217788696289,10.627792358398438,6.925231456756592,-2.4053421020507812,9.301924705505371,0.5035033226013184,0.29722005128860474,2455.1239938572585,755.0270968606402,2100.1276135309945,298.746826623093,4726.279754166264,1179.8610489453483,0.1514639367260062,0.08198918731095182,0.06203171983361244,0.048151567578315735,19.480418153376178,8.847061636403948,-0.004236327931766278,0.06802777526487351,112.34714673913044,disco
disco.00085.wav,-166.76927185058594,73.49578094482422,67.7310562133789,31.74634552001953,11.180089950561523,25.947446823120117,37.429222106933594,20.447933197021484,-10.94141960144043,14.805624008178711,27.396169662475586,13.58863353729248,-18.940847396850586,12.149266242980957,27.29737091064453,8.618330955505371,-15.843281745910645,10.15694522857666,20.550397872924805,8.911377906799316,-8.622007369995117,9.948801040649414,14.18761920928955,9.115403175354004,-6.04898738861084,8.44852352142334,0.568080723285675,0.27990520000457764,3002.526732630542,909.4114396883921,2745.8235600127023,236.525275897715,6575.051908227312,895.221506236512,0.15866457345684984,0.09798764252916045,0.08925271779298782,0.055083196610212326,19.393642240667205,10.304410529276016,0.0025921141410447162,0.03963414942038829,123.046875,disco
disco.00086.wav,-95.80325317382812,59.68797302246094,122.05658721923828,29.159616470336914,-29.319120407104492,28.571102142333984,50.31650161743164,14.444300651550293,-11.940644264221191,14.532161712646484,28.410152435302734,12.96808910369873,-7.047781467437744,11.34462833404541,11.851945877075195,10.687644958496094,-8.612014770507812,9.41722297668457,11.568434715270996,8.123916625976562,-18.395963668823242,7.707906723022461,6.862091541290283,9.736382484436035,-11.662833213806152,7.396171569824219,0.39503607153892517,0.28886035084724426,1867.9206448682273,641.4888325716244,1875.245829191665,367.2479726843192,3804.7769930340555,1194.8653696015715,0.09448204394833591,0.04594367995953293,0.16525840759277344,0.053891077637672424,22.354179502741196,8.232281635904053,0.05096011356816329,0.1363996782358508,123.046875,disco
disco.00087.wav,-100.29301452636719,38.493961334228516,110.01216888427734,22.84656524658203,-26.64455223083496,15.785412788391113,36.823760986328125,13.414931297302246,-10.413421630859375,10.577079772949219,28.777048110961914,11.96457576751709,-14.843354225158691,9.930246353149414,21.28986930847168,7.869548797607422,-19.67566680908203,7.568179607391357,18.52243423461914,7.652755260467529,-16.387474060058594,7.487040996551514,9.157715797424316,7.657772064208984,-13.791584014892578,6.274681568145752,0.38453999161720276,0.2991918921470642,2139.4226685316103,576.8497997880473,2190.2745079974266,313.6827117816588,4526.789293791118,1266.976599279319,0.10026696739551083,0.049968834840495475,0.11922803521156311,0.029255570843815804,21.99966280904985,9.299162740645068,0.016210403747770746,0.095047815667719,107.666015625,disco
disco.00088.wav,-97.8856201171875,37.79079818725586,101.00360107421875,19.497758865356445,-40.547611236572266,12.000166893005371,51.050193786621094,11.151250839233398,-11.709620475769043,8.126047134399414,25.06474494934082,9.402411460876465,-14.04820728302002,6.907303333282471,17.19739532470703,7.325398921966553,-9.62366771697998,6.5890793800354,16.973529815673828,7.042115688323975,-7.17352294921875,7.178484916687012,11.723432540893555,6.449899673461914,-5.7162299156188965,7.142876148223877,0.39795371890068054,0.2855731248855591,2238.799259178444,401.35755551371716,2023.5212361031784,217.4878531590892,4384.973484665247,753.0388737328682,0.13146859278250775,0.037883359985738115,0.11904259771108627,0.054267413914203644,22.05175055101627,8.603930896695836,0.04561401246157121,0.1009483516039133,123.046875,disco
disco.00089.wav,-114.93204498291016,54.5577392578125,113.4638671875,24.862428665161133,-29.804311752319336,21.09614372253418,42.61210632324219,11.579896926879883,-10.326011657714844,10.517975807189941,26.973411560058594,9.164789199829102,-14.493735313415527,8.877510070800781,21.24053382873535,7.745548248291016,-17.65053939819336,8.565387725830078,17.097871780395508,6.8296051025390625,-13.478902816772461,8.098745346069336,8.591484069824219,6.290735244750977,-11.427424430847168,6.847901344299316,0.4298837184906006,0.2793576717376709,2129.3458917106645,571.3685955583056,2109.2513464164167,396.8477706940307,4424.306580156734,1302.377931593235,0.1118704497629644,0.04070195939827017,0.10027614235877991,0.0316963791847229,21.366605505614746,8.802874882987611,0.04972725661730232,0.1196545274324643,129.19921875,disco
disco.00090.wav,-125.71577453613281,43.14822769165039,88.52808380126953,24.155563354492188,-16.73884391784668,18.788101196289062,42.79813766479492,14.374673843383789,-9.901167869567871,10.969776153564453,29.185855865478516,10.093544006347656,-19.34282112121582,9.617681503295898,20.458702087402344,8.298104286193848,-16.505529403686523,8.055087089538574,15.012511253356934,7.473812103271484,-8.765585899353027,7.3230695724487305,12.784119606018066,6.736051082611084,-7.7588887214660645,6.410520553588867,0.48551395535469055,0.27689316868782043,2574.7458410439813,657.9794567712312,2396.769294967866,309.6257430545953,5459.508653764754,1211.6544590161768,0.14616918416215172,0.06482923514345923,0.09060020744800568,0.05367054045200348,20.415353054597198,9.410303721198774,0.00952754600644204,0.11062723319822744,129.19921875,disco
disco.00091.wav,-116.98033905029297,91.93653106689453,98.51445007324219,30.71992301940918,-19.01401138305664,28.675830841064453,44.84703826904297,13.51948356628418,3.80320143699646,12.899582862854004,28.483186721801758,11.460390090942383,-1.102687120437622,11.415149688720703,14.693483352661133,10.791740417480469,-7.75382137298584,10.155200958251953,9.75631332397461,11.04519271850586,-10.111344337463379,9.885613441467285,6.367255687713623,9.608960151672363,-3.9202325344085693,8.708837509155273,0.41647133231163025,0.30881616473197937,2036.7728048043857,785.6432813977411,2079.237240380343,500.11588106569076,4203.124584280669,1642.214113291605,0.09159921935468267,0.05523465504563372,0.17351265251636505,0.10128526389598846,21.781286689429745,8.412210398983005,0.04388316666635368,0.11859579276361217,99.38401442307692,disco
disco.00092.wav,-123.78829193115234,51.45374298095703,89.82484436035156,25.245052337646484,-1.8406462669372559,24.4074764251709,51.169795989990234,14.302288055419922,-16.26130485534668,11.357686996459961,28.283544540405273,11.067760467529297,-12.495138168334961,9.08722972869873,19.032148361206055,8.52609634399414,-13.280037879943848,8.252340316772461,18.500019073486328,8.285219192504883,-13.776394844055176,7.453208923339844,12.866394996643066,6.644681453704834,-8.755499839782715,8.34793758392334,0.37072908878326416,0.2916933000087738,2457.998545443571,659.3452374762638,2400.7893666639106,353.2997414778129,5268.943139421682,1351.9446430986418,0.11753292497097523,0.04933509961605914,0.10670019686222076,0.03712289780378342,21.319086478782907,9.25044171892112,-0.002509807041812276,0.1452290862387175,117.45383522727273,disco
disco.00093.wav,-86.0438003540039,58.69718933105469,87.53872680664062,26.847003936767578,-20.17231559753418,17.168336868286133,54.01907730102539,13.825421333312988,-1.0642164945602417,13.744500160217285,19.562545776367188,10.334857940673828,-4.089779853820801,12.58456802368164,21.037769317626953,8.497527122497559,-19.567508697509766,11.21366024017334,12.389660835266113,11.338726043701172,-22.01080894470215,9.717784881591797,9.599066734313965,10.27491283416748,-15.931527137756348,11.463783264160156,0.4083023965358734,0.28685927391052246,2461.186456192989,700.506155930448,2302.618911991051,341.6833564623123,5019.294649011948,1374.4480394818665,0.13708722849748453,0.06135603302080036,0.15334106981754303,0.06024014577269554,21.46176728216149,9.483974295198859,0.021884209880460387,0.07472780546548703,107.666015625,disco
disco.00094.wav,-130.00576782226562,45.20697784423828,102.49774932861328,23.61241912841797,-4.443132400512695,11.048099517822266,50.061092376708984,10.6854829788208,-15.532888412475586,7.3932952880859375,32.128150939941406,7.978372097015381,-18.18231964111328,8.36241626739502,24.2878475189209,7.060306549072266,-11.902588844299316,6.813583850860596,13.763346672058105,7.178109645843506,-12.89806842803955,5.965174198150635,7.2710957527160645,6.1891703605651855,-9.379469871520996,9.149972915649414,0.41693320870399475,0.28005877137184143,2208.1328125649534,546.8557821862049,2353.7923807626216,296.1571063074366,5075.635974990325,1088.7152427042565,0.09361054506095201,0.03475261045401621,0.0993054062128067,0.03042476624250412,21.302330330560626,9.22244859256151,0.043824340830257,0.10911296836609467,135.99917763157896,disco
disco.00095.wav,-159.86688232421875,72.54374694824219,81.97526550292969,28.844820022583008,-16.76537322998047,25.685367584228516,52.50609588623047,16.041505813598633,-4.448030948638916,15.578526496887207,22.865053176879883,15.589584350585938,-8.226280212402344,11.378649711608887,23.3674259185791,10.719979286193848,-5.528469085693359,10.24868106842041,17.6933536529541,10.978151321411133,-15.369107246398926,10.342543601989746,10.806197166442871,7.999410152435303,-13.526739120483398,8.37249755859375,0.4682580530643463,0.29687079787254333,2487.5432668509993,756.393747233897,2277.16219463796,416.43106380110487,5009.186376801954,1418.4981427446844,0.11808431997387771,0.06673320000596478,0.09841010719537735,0.05286628007888794,22.063299291225675,8.783585888257146,0.030325324110797726,0.09643567343226446,123.046875,disco
disco.00096.wav,-133.86680603027344,52.799983978271484,93.47174072265625,24.31311798095703,-24.215986251831055,19.780513763427734,61.44255065917969,12.839125633239746,-22.856273651123047,11.106016159057617,30.976551055908203,12.854605674743652,-14.959397315979004,8.723945617675781,20.244457244873047,8.98210334777832,-9.29284381866455,8.986279487609863,15.786767959594727,7.913145065307617,-8.740782737731934,9.851105690002441,11.968790054321289,7.724898338317871,-5.320814609527588,8.464197158813477,0.4165411591529846,0.2864517271518707,2481.887352406179,608.4665721108405,2178.616422901751,263.86429409587555,4956.828360070385,907.7812831447844,0.13440697259578174,0.05812151085688778,0.09199634939432144,0.04092957451939583,21.987404917387895,9.151557931720273,0.026549270544843597,0.08099029168471528,103.359375,disco
disco.00097.wav,-116.9259262084961,52.75643539428711,75.75965881347656,17.176298141479492,-4.205480098724365,11.792342185974121,37.28703689575195,12.218179702758789,-5.338407516479492,9.402749061584473,31.376094818115234,8.799665451049805,-12.16835880279541,7.811317443847656,22.909481048583984,8.813690185546875,-11.437959671020508,7.118458271026611,14.624770164489746,7.502161502838135,-13.049894332885742,7.426323413848877,13.411262512207031,7.954532623291016,-13.2288179397583,8.03467845916748,0.41508641839027405,0.28991150856018066,2826.0632063160606,561.728605043581,2680.669868418445,260.9693686466619,6233.628972765093,1003.2936117814885,0.12049624794407894,0.04778232938281726,0.10807371884584427,0.047261983156204224,22.18792537837405,9.429995417050716,-0.05399373627189821,0.11529062561348297,129.19921875,disco
disco.00098.wav,-91.59772491455078,42.94710159301758,99.46397399902344,20.604169845581055,-8.991621017456055,16.36569595336914,40.18504333496094,14.315861701965332,-18.037635803222656,12.018470764160156,22.567216873168945,11.045530319213867,-21.95627212524414,10.807798385620117,15.782541275024414,9.714177131652832,-25.665386199951172,7.979228496551514,17.66422462463379,7.612864017486572,-13.675539016723633,7.304270267486572,15.63508415222168,8.48879623413086,-15.46916389465332,6.9999308586120605,0.4408685266971588,0.28723466396331787,2417.457577864453,594.2396533949038,2431.7042963817007,287.34536387874266,5384.717439350329,1188.8973086304593,0.11262743687113003,0.05184927464232827,0.12268789112567902,0.03947119042277336,21.16521684877316,9.887912998162426,0.0006941146452135563,0.09765898268213549,123.046875,disco
disco.00099.wav,-91.59772491455078,42.94710159301758,99.46397399902344,20.604169845581055,-8.991621017456055,16.36569595336914,40.18504333496094,14.315861701965332,-18.037635803222656,12.018470764160156,22.567216873168945,11.045530319213867,-21.95627212524414,10.807798385620117,15.782541275024414,9.714177131652832,-25.665386199951172,7.979228496551514,17.66422462463379,7.612864017486572,-13.675539016723633,7.304270267486572,15.63508415222168,8.48879623413086,-15.46916389465332,6.9999308586120605,0.4408685266971588,0.28723466396331787,2417.457577864453,594.2396533949038,2431.7042963817007,287.34536387874266,5384.717439350329,1188.8973086304593,0.11262743687113003,0.05184927464232827,0.12268789112567902,0.03947119042277336,21.16521684877316,9.887912998162426,0.0006941146452135563,0.09765898268213549,123.046875,disco
hiphop.00000.wav,-80.92658233642578,69.87043762207031,84.79292297363281,27.404539108276367,-31.540653228759766,23.43515968322754,33.899261474609375,20.18826675415039,-19.84876823425293,12.597744941711426,23.558195114135742,11.65162467956543,-22.125015258789062,9.669611930847168,20.021148681640625,9.840577125549316,-16.759601593017578,9.671109199523926,19.211896896362305,7.470090866088867,-13.1061372756958,8.664602279663086,11.505602836608887,7.2447285652160645,-10.726899147033691,8.610028266906738,0.4606642723083496,0.2918715178966522,2667.664494927173,647.1137589594497,2351.0688564768757,328.4389720428945,5474.700228570046,1250.879731184373,0.14734075682082043,0.053777235991616865,0.12524041533470154,0.04968240484595299,19.516265522007565,10.112341848806786,0.025721483819982106,0.09514573212090037,117.45383522727273,hiphop
hiphop.00001.wav,-81.1395034790039,60.40978240966797,49.60653305053711,30.257692337036133,-14.548335075378418,31.47852897644043,57.9869270324707,17.99322509765625,6.843469619750977,19.6658992767334,27.14821434020996,15.959651947021484,-6.8552327156066895,13.558889389038086,31.3040771484375,12.133424758911133,-10.086363792419434,11.78959846496582,20.312963485717773,9.429633140563965,-2.5413644313812256,10.625314712524414,12.746545791625977,8.85579776763916,3.9735262393951416,10.158536911010742,0.45726278424263,0.3001363277435303,2808.1424053109326,969.1416301322248,2441.321442097269,397.91205226825,5527.508242580544,1441.280937858898,0.09764869146671827,0.07165696918197695,0.2855836749076843,0.0826880931854248,22.363102341238882,9.929185669149149,-0.03241635440069045,0.16061828231796654,92.28515625,hiphop
hiphop.00002.wav,-202.88755798339844,68.27363586425781,132.38377380371094,32.20267868041992,12.00124454498291,28.384029388427734,43.77104187011719,17.799833297729492,-10.231294631958008,18.55388069152832,17.122339248657227,14.453912734985352,-13.562600135803223,13.36868953704834,15.044012069702148,11.314263343811035,-16.261728286743164,11.705183982849121,9.421977043151855,10.631558418273926,-11.645681381225586,11.49222469329834,7.047659397125244,8.885139465332031,-4.317206859588623,9.965970993041992,0.40406596660614014,0.303646981716156,1490.5209977308093,796.2613035342499,1909.9326034575947,483.07708537700785,3094.047957381966,1846.199498544736,0.05873774005901703,0.04982144062839028,0.09350615739822388,0.033535681664943695,20.501384628172758,8.073105675540834,-0.03270267068675075,0.12701912294511797,99.38401442307692,hiphop
hiphop.00003.wav,-40.25515365600586,70.38471984863281,80.83008575439453,27.393543243408203,-25.643091201782227,35.47773742675781,38.426090240478516,17.080358505249023,-11.072868347167969,16.699411392211914,24.91219711303711,17.608800888061523,-7.368901252746582,16.455650329589844,26.772397994995117,13.695962905883789,-5.2867112159729,13.183720588684082,16.798524856567383,10.383576393127441,-3.498629570007324,9.460616111755371,8.45158576965332,8.673192024230957,-5.596709728240967,8.475030899047852,0.4672629237174988,0.30306822061538696,2493.1638737463427,703.9608853593871,2330.67697810765,441.2062352544443,5126.677333016883,1345.659115558439,0.10351449122000773,0.04780037424971358,0.2664608359336853,0.11605782061815262,19.66836292208539,9.166170170152217,-0.00829664801128717,0.10617694578863306,92.28515625,hiphop
hiphop.00004.wav,-140.21090698242188,111.38386535644531,71.62181091308594,32.670013427734375,-3.7753899097442627,38.82272720336914,39.00546646118164,21.417373657226562,4.194393634796143,20.418415069580078,31.50735855102539,17.501375198364258,-3.965308666229248,16.67983627319336,19.7635440826416,12.455266952514648,-3.7660908699035645,13.652693748474121,16.000133514404297,13.78669548034668,-3.170910120010376,10.587955474853516,11.850970268249512,9.479747772216797,-1.2552045583724976,10.507450103759766,0.44940170645713806,0.3058129847049713,2372.727829534901,1035.5045349292718,2359.4560808520264,606.1955533110543,5060.511066448577,2084.897478817831,0.09989130829140867,0.07827294488414882,0.20048166811466217,0.12407584488391876,21.29174088242329,8.953413315160596,0.0028079662821088643,0.08549682924702122,95.703125,hiphop
hiphop.00005.wav,-11.675506591796875,36.73027038574219,81.99324798583984,19.631513595581055,-8.505697250366211,15.451109886169434,52.767826080322266,15.243321418762207,-14.704219818115234,12.401915550231934,31.96473503112793,10.29372787475586,-19.689998626708984,10.735982894897461,22.869426727294922,9.391666412353516,-14.710647583007812,7.850193977355957,14.518811225891113,9.007070541381836,-10.083078384399414,8.758867263793945,14.005071640014648,8.15749454498291,-8.073013305664062,7.215063571929932,0.49066731333732605,0.28534606099128723,2708.9613684451087,498.18817650828623,2510.9024054161537,220.29599133722039,5795.106624449739,702.3417070336865,0.1246141368759675,0.05112069674000779,0.2616737186908722,0.07340357452630997,19.47698713704296,10.352392099582286,0.01102790291004556,0.05683563972198691,71.77734375,hiphop
hiphop.00006.wav,-59.61098861694336,82.93649291992188,63.90055847167969,31.964374542236328,3.4885828495025635,27.479337692260742,45.23571014404297,20.812074661254883,-1.176321268081665,19.784259796142578,28.23943328857422,15.008443832397461,-13.166777610778809,14.556534767150879,23.60512924194336,12.450660705566406,-6.623220920562744,12.174365997314453,16.478992462158203,10.900052070617676,-7.2890753746032715,10.129892349243164,14.477249145507812,10.412416458129883,-5.793442726135254,9.888996124267578,0.4642208516597748,0.298594206571579,2859.0217012683083,982.6445973933564,2640.209195501633,404.3082887403305,6049.530085985874,1500.6281707316157,0.12823807565789475,0.09666151537551325,0.27048802375793457,0.12675544619560242,19.52059948142174,9.905781075578533,-0.00113964088938917,0.06389023873225544,99.38401442307692,hiphop
hiphop.00007.wav,-58.45187759399414,60.6910285949707,103.05015563964844,25.19752311706543,-7.215404510498047,26.982412338256836,44.881866455078125,20.457521438598633,-8.616436958312988,16.926959991455078,12.345843315124512,13.440770149230957,-13.746114730834961,14.394538879394531,19.974220275878906,11.273645401000977,-13.128944396972656,12.396974563598633,17.136245727539062,9.796746253967285,-3.9520184993743896,10.296579360961914,15.581610679626465,9.269513130187988,-0.46276769042015076,8.414104461669922,0.4323458969593048,0.29749366641044617,2047.1206937169864,705.6991119972939,2269.2156258041023,457.88537396947606,4552.4308054070725,1564.107616100344,0.07867374951625387,0.05050207819426177,0.2640167772769928,0.09710807353258133,20.7478585443231,9.245224146984445,0.025430099586421697,0.09632033347874382,123.046875,hiphop
hiphop.00008.wav,-111.16548919677734,83.67649841308594,55.194400787353516,36.59151840209961,-18.444692611694336,35.190914154052734,47.21847915649414,25.571308135986328,-24.78782081604004,23.60658073425293,22.52642059326172,18.25605010986328,-21.138931274414062,18.356769561767578,12.542854309082031,13.277225494384766,-15.849727630615234,12.588711738586426,16.296558380126953,10.634448051452637,-12.565082550048828,10.59286880493164,9.609180450439453,9.433882713317871,-12.127598762512207,9.15695858001709,0.4534411132335663,0.29672151803970337,3069.3957462220505,944.5132174346919,2349.3382041024006,322.59238511770207,5752.87354649405,1255.3137099877326,0.17691578584558823,0.1007162714833205,0.14187486469745636,0.08862002193927765,21.345405670946857,9.933490846717582,0.010466293384089864,0.11306723097673015,172.265625,hiphop
hiphop.00009.wav,-95.08694458007812,70.88591003417969,94.19347381591797,40.29445266723633,-2.517667770385742,25.688072204589844,49.53371810913086,17.11460304260254,-6.613985538482666,15.13952350616455,33.199676513671875,13.009583473205566,-7.596035480499268,13.760257720947266,20.96307945251465,9.749040603637695,-8.853171348571777,10.722429275512695,16.792491912841797,9.936623573303223,-5.245886325836182,10.073759078979492,10.775888442993164,8.428959846496582,-3.460482358932495,7.633249282836914,0.5606473684310913,0.2748105525970459,2199.9161931162494,991.3426806117274,2285.598583577631,506.50202331574326,4791.046029200126,1843.6737549464726,0.09832480226876934,0.08606076695826416,0.21563886106014252,0.09999057650566101,18.636878331463905,9.40821986412741,0.023235195280238378,0.09015212309935577,103.359375,hiphop
hiphop.00010.wav,-67.45474243164062,36.176239013671875,94.84136962890625,21.406463623046875,-38.85322952270508,16.884729385375977,37.641746520996094,13.951714515686035,-12.254446983337402,12.463337898254395,36.9015007019043,9.891928672790527,-12.65212631225586,10.3428373336792,18.297035217285156,8.696941375732422,-8.852412223815918,8.72658920288086,17.983484268188477,8.030738830566406,-7.276881217956543,7.794134616851807,9.71690845489502,7.379237651824951,-8.743619918823242,7.009227275848389,0.427369624376297,0.29506030678749084,2284.553702393839,491.20089749482685,2116.597718550079,206.2550409462469,4663.513467038748,810.8030633433193,0.12547203040344426,0.04901151639581305,0.17163939774036407,0.07667132467031479,20.240092040666998,9.901698818238893,7.366458172016751e-05,0.06853637480136252,95.703125,hiphop
hiphop.00011.wav,-74.19891357421875,51.347145080566406,104.60867309570312,25.945648193359375,-8.396772384643555,23.33743667602539,49.6582145690918,16.759946823120117,-9.376969337463379,12.831478118896484,21.43830680847168,11.73681640625,-16.337013244628906,12.019593238830566,18.781410217285156,10.213793754577637,-13.079522132873535,8.990009307861328,18.464000701904297,8.191526412963867,-14.953655242919922,8.000515937805176,6.876265525817871,7.8160481452941895,-15.326539039611816,7.114466667175293,0.44405892491340637,0.29195305705070496,2095.2999106477832,656.2290566213128,2240.690855056364,332.8155602458101,4581.122298580205,1310.8063684667577,0.0941872611503483,0.05850673531987969,0.20375178754329681,0.08129372447729111,20.4814864909806,9.683865713620142,-0.0012709243907046272,0.08095838277734854,135.99917763157896,hiphop
hiphop.00012.wav,-67.10565948486328,44.2481689453125,112.4154281616211,17.865297317504883,-23.642478942871094,17.237342834472656,44.28124237060547,12.902705192565918,-18.86181640625,11.466167449951172,23.874338150024414,9.90433120727539,-13.40441608428955,12.510539054870605,20.146224975585938,9.13689136505127,-10.650068283081055,8.413310050964355,20.62359619140625,8.150958061218262,-7.508759498596191,9.454442024230957,14.423368453979492,8.620718002319336,-9.391209602355957,9.206721305847168,0.3587634265422821,0.3009866774082184,1976.5494346772984,464.5528797884394,2109.950611023081,294.16201373245667,4276.707472668344,1030.8311151210612,0.08725570820433437,0.0335220239161531,0.1988905370235443,0.06462422013282776,20.92359267303318,9.323945301982004,0.013409256112491691,0.07237432032635209,99.38401442307692,hiphop
hiphop.00013.wav,-129.403564453125,69.5849380493164,141.7486572265625,52.43935775756836,-42.52815628051758,32.48106384277344,34.00181198120117,24.79603385925293,-6.97137451171875,20.891464233398438,8.68778133392334,22.605987548828125,-11.363059997558594,13.224811553955078,15.943840026855469,14.7507963180542,-9.015018463134766,9.519454002380371,6.639111042022705,9.170249938964844,-8.326205253601074,11.80585765838623,7.559482574462891,10.011533737182617,-5.4699249267578125,10.661336898803711,0.34012970328330994,0.3098704516887665,1798.234427846617,696.365013690312,1687.3198366500444,674.6648824639918,3625.136412629402,1697.8233548378073,0.0966369817869582,0.037553838137230594,0.13660018146038055,0.03243330866098404,20.37474260063966,8.511499939604343,0.01855873431292065,0.09459534444905196,103.359375,hiphop
hiphop.00014.wav,-51.27444839477539,57.008853912353516,91.09927368164062,26.3394775390625,-33.76968765258789,23.375959396362305,69.93060302734375,15.878179550170898,-12.95017147064209,14.108667373657227,23.18763542175293,11.287178039550781,-13.769309043884277,12.595901489257812,23.784006118774414,8.470381736755371,-14.735113143920898,8.423311233520508,10.69933032989502,8.646876335144043,-13.481395721435547,7.259885311126709,6.073526382446289,7.203276634216309,-14.720098495483398,6.648974418640137,0.4896502196788788,0.270746648311615,2437.144490615668,515.4614136559201,2117.4846851938332,310.17437432660483,4775.921120658379,942.3077163279087,0.13386653746613777,0.04515318364729884,0.18516474962234497,0.06127714365720749,20.916555009099024,9.799873371256774,0.015587676382245723,0.11079768500783733,135.99917763157896,hiphop
hiphop.00015.wav,-81.9178695678711,45.91816329956055,94.7723159790039,20.605175018310547,-16.236648559570312,16.241947174072266,40.53056716918945,13.118627548217773,-12.247199058532715,11.022476196289062,28.186155319213867,11.466370582580566,-20.102428436279297,8.644841194152832,18.10137176513672,7.75239896774292,-14.641278266906738,6.772577285766602,14.184541702270508,8.958308219909668,-7.254330158233643,9.253152847290039,13.658236503601074,6.897670745849609,-8.48799991607666,7.196290493011475,0.4236210882663727,0.2872017025947571,2395.49619173608,532.6548976570265,2345.8719745589387,251.87727429734124,5281.90139439822,974.8750693073843,0.11596868650832043,0.05024394828355757,0.14017271995544434,0.06379285454750061,20.37208255787562,9.732324277399641,0.03359733979167739,0.0744317579666001,198.76802884615384,hiphop
hiphop.00016.wav,-88.06499481201172,66.35222625732422,77.37210083007812,25.984006881713867,-19.096099853515625,24.018878936767578,51.57594680786133,18.197900772094727,-11.776865005493164,14.73536205291748,22.21097755432129,14.45828914642334,-4.7277069091796875,14.619315147399902,20.10921859741211,11.49577808380127,-8.32936954498291,11.003399848937988,14.603727340698242,9.824748039245605,-3.811248302459717,9.983132362365723,8.579865455627441,9.532535552978516,-11.464594841003418,9.482183456420898,0.4673202335834503,0.30165615677833557,2433.764468111271,775.9287218414906,2247.5852524839515,331.59379545120566,4920.920243868518,1221.1960604025708,0.11047967963912539,0.07456631253571229,0.20763418078422546,0.1058596670627594,20.765572669703616,9.522391744566328,0.030607431456375483,0.10829550291689993,99.38401442307692,hiphop
hiphop.00017.wav,-76.8237075805664,49.223384857177734,98.3895492553711,18.722858428955078,-5.02606201171875,21.350196838378906,49.33168029785156,12.880725860595703,-10.28821849822998,12.192540168762207,33.28682327270508,10.999800682067871,-9.961770057678223,9.82444953918457,17.616519927978516,7.21814489364624,-12.231269836425781,7.1921610832214355,18.665477752685547,7.9078192710876465,-10.976790428161621,7.495814800262451,11.51085090637207,7.082973957061768,-10.49024772644043,7.0748610496521,0.48115479946136475,0.2912231683731079,2144.794528258056,483.74651095113546,2358.912870448306,285.74251239401985,4956.12003102022,991.0755023776561,0.08034305159152477,0.042375158747532976,0.19142626225948334,0.07137046009302139,19.885230078736605,9.942517609921925,0.00829815782466395,0.05930266844124589,99.38401442307692,hiphop
hiphop.00018.wav,-113.4963150024414,69.83255004882812,68.4594497680664,40.43916702270508,-15.764092445373535,27.005815505981445,56.38856887817383,24.14948081970215,-8.150662422180176,19.391944885253906,27.04155921936035,17.0545711517334,-12.364465713500977,14.927306175231934,20.665414810180664,11.515971183776855,-12.666251182556152,11.705791473388672,15.433280944824219,10.590008735656738,-10.998274803161621,10.600341796875,14.049127578735352,9.943718910217285,-12.50255298614502,10.139705657958984,0.46188968420028687,0.31108325719833374,2677.639716066268,1001.7041886874554,2337.276817199031,320.74443577812343,5366.575882383176,1333.4151632354506,0.1457859665247678,0.10309311668039683,0.16556409001350403,0.08453144133090973,20.58510388767033,10.148112035296892,-0.0006247160348146131,0.06026631564435612,143.5546875,hiphop
hiphop.00019.wav,-64.6525650024414,76.24262237548828,88.2173080444336,27.40585708618164,-10.360636711120605,31.4915771484375,41.79439163208008,21.553123474121094,-2.5611300468444824,16.32439422607422,22.90143585205078,13.99966049194336,-6.498876094818115,14.995195388793945,16.630945205688477,10.825799942016602,-5.801912307739258,12.210014343261719,13.093462944030762,9.483185768127441,-6.912008285522461,9.441435813903809,3.027008056640625,8.082056045532227,-9.772856712341309,8.09965705871582,0.43223491311073303,0.3034301698207855,2470.7222619019626,911.5170347293264,2410.2596334667655,627.2177992746493,5256.126550255176,1904.5549376372546,0.10016379341621517,0.05667135463926171,0.22598087787628174,0.10856281965970993,18.901790711789836,8.711985209080487,-0.002356884093600623,0.07159811040977654,99.38401442307692,hiphop
hiphop.00020.wav,-122.2708969116211,68.78348541259766,50.5846061706543,32.296146392822266,-27.789642333984375,28.16377067565918,66.59070587158203,22.020566940307617,-6.60440731048584,17.187406539916992,32.06758499145508,12.752777099609375,-8.222271919250488,15.62779712677002,22.451204299926758,11.356201171875,-6.94165563583374,12.40293025970459,21.064743041992188,10.949535369873047,-6.183084964752197,11.094635963439941,13.653635025024414,9.741328239440918,-3.09196138381958,11.738750457763672,0.4901953339576721,0.2870975136756897,2677.5983922065384,683.7054743497307,2262.418722593127,305.50252672185405,5266.376488275203,1022.3377204041592,0.10805943728231424,0.07586115513924226,0.17591579258441925,0.075271837413311,23.342200695479264,9.559374524868975,0.0053641785479429755,0.14007214725475564,117.45383522727273,hiphop
hiphop.00021.wav,-27.619718551635742,38.01386642456055,94.39550018310547,25.508350372314453,-20.580795288085938,21.940786361694336,49.87200164794922,17.153038024902344,-14.710575103759766,15.837078094482422,23.87030029296875,12.250900268554688,-17.60820198059082,11.031384468078613,24.036556243896484,8.253142356872559,-15.88477611541748,8.25390338897705,16.427289962768555,7.995327472686768,-10.625279426574707,7.941744327545166,13.890170097351074,6.938961982727051,-10.467002868652344,7.379630088806152,0.4302408993244171,0.2904064357280731,2405.583528376153,722.5854381060033,2268.5435114732063,301.1402867656085,4987.044844022107,1152.0554732415685,0.11973245815595976,0.06390647200675532,0.24188345670700073,0.07327308505773544,20.717779538598737,10.23505588417567,0.012277891807441392,0.053071978077411396,99.38401442307692,hiphop
hiphop.00022.wav,-100.66327667236328,73.55097961425781,110.21073150634766,29.239843368530273,1.035768985748291,20.766555786132812,38.76592254638672,16.480449676513672,-14.493544578552246,12.701582908630371,20.65262794494629,12.390545845031738,-18.038022994995117,13.83056640625,12.568845748901367,10.657744407653809,-14.126208305358887,10.35572338104248,15.102986335754395,11.037074089050293,-9.2415771484375,9.068445205688477,11.399988174438477,7.560133457183838,-9.509011268615723,7.788121223449707,0.43965497612953186,0.2943305969238281,2025.7166368995138,712.5976695361612,2272.773800297794,381.49831851530706,4603.805494751355,1466.7872888366956,0.0753997708252709,0.05047038128793575,0.17352689802646637,0.07911714166402817,20.601996696450843,9.358468447804283,-0.01895932289843228,0.08424927025038773,99.38401442307692,hiphop
hiphop.00023.wav,-44.67913055419922,35.46170425415039,101.1993179321289,18.271503448486328,-26.271495819091797,14.076632499694824,52.9307746887207,9.90190315246582,-11.720015525817871,11.9064302444458,26.934398651123047,8.425280570983887,-13.28641128540039,9.349390983581543,20.705005645751953,7.813431262969971,-17.487642288208008,7.112679481506348,11.862388610839844,6.698790550231934,-10.670160293579102,6.873960018157959,8.376947402954102,6.393509387969971,-15.428060531616211,6.089742660522461,0.38105836510658264,0.28732746839523315,2240.3031802876058,500.9395568396748,2193.8028365929968,253.83258294937144,4728.03807686726,957.1910729167727,0.10668265044504643,0.036043559450827836,0.1905287206172943,0.055666666477918625,21.21138271890958,9.595715147011854,0.017267621981419182,0.1066535563129215,92.28515625,hiphop
hiphop.00024.wav,-62.99481201171875,62.715301513671875,86.32369995117188,24.887147903442383,-37.947296142578125,28.428604125976562,39.57345199584961,19.54511070251465,-16.532899856567383,18.072832107543945,21.116252899169922,13.444743156433105,-12.255192756652832,14.617663383483887,13.09414291381836,9.794256210327148,-12.382427215576172,10.428323745727539,16.648332595825195,9.59097957611084,-3.980501890182495,9.510406494140625,8.853623390197754,8.391783714294434,-6.325511455535889,8.539814949035645,0.4308689534664154,0.2920368015766144,2517.747734885853,625.4602322774176,2163.4043932433733,419.6578286499188,4926.71187551398,1245.8953283759251,0.13887293198529413,0.05589528601575795,0.1786591112613678,0.0873575434088707,19.574004409738624,9.282187642037131,-0.012158077811797634,0.061395124570020554,103.359375,hiphop
hiphop.00025.wav,-44.37471389770508,48.097042083740234,93.3746566772461,24.580204010009766,-22.270526885986328,27.3536319732666,48.86194610595703,16.1522274017334,-13.884773254394531,14.493319511413574,34.41938400268555,11.458511352539062,-6.297982692718506,11.824427604675293,25.889358520507812,9.69839859008789,-12.322336196899414,8.61230182647705,20.435733795166016,7.835302829742432,-5.749464988708496,8.353330612182617,11.854347229003906,7.441669940948486,-11.54943561553955,8.222566604614258,0.507358968257904,0.2809064984321594,2305.1590945533026,708.7343213944195,2227.25945920748,302.8659600946859,4815.479214789329,1154.2403905388405,0.10742111914667182,0.0677256291383987,0.25156936049461365,0.08563645929098129,20.7545350415581,10.153640750017265,0.004434953563047195,0.08562462457958693,107.666015625,hiphop
hiphop.00026.wav,-103.22315216064453,68.98274230957031,30.572120666503906,33.798580169677734,20.80903434753418,29.541006088256836,45.81602096557617,18.74283790588379,9.800678253173828,16.754987716674805,8.627314567565918,15.724352836608887,1.6164557933807373,17.7831974029541,12.33467960357666,13.559560775756836,0.5186648368835449,12.605888366699219,4.992222309112549,10.12689208984375,-2.8359498977661133,9.347482681274414,8.032366752624512,9.752363204956055,-1.3974609375,9.182892799377441,0.47551488876342773,0.3004946708679199,3459.980501661103,1023.5769007294937,2916.898258706314,334.5497248429272,7022.724201214202,1321.4287606254743,0.17347174015576625,0.10847894405451698,0.1641433984041214,0.07931353151798248,17.470393484832474,4.465716002756395,0.002452131375330386,0.06629234746134316,103.359375,hiphop
hiphop.00027.wav,-109.07124328613281,65.3908920288086,76.9149169921875,36.66938781738281,2.592334032058716,25.831912994384766,19.05963706970215,17.55862808227539,0.5502821803092957,17.489301681518555,8.174562454223633,12.077027320861816,-8.068408012390137,14.407408714294434,5.9523515701293945,10.886565208435059,-4.330567359924316,9.662342071533203,3.6560754776000977,10.072029113769531,-1.5556679964065552,10.813063621520996,2.6334877014160156,9.85500717163086,2.252040147781372,10.00658130645752,0.4277326464653015,0.31045031547546387,2637.4232219262044,1041.274383016124,2630.9986673861804,464.9566821411257,5629.507625804228,1808.479820862616,0.1028002098248839,0.08614413146612777,0.13497085869312286,0.04241049289703369,17.502303728187037,4.606596183523025,0.01316444188016284,0.12921630250537283,92.28515625,hiphop
hiphop.00028.wav,-83.20265197753906,49.9841194152832,67.71298217773438,33.095706939697266,1.230516791343689,27.901906967163086,29.658491134643555,19.45587158203125,12.577920913696289,20.2395076751709,5.61306619644165,16.794523239135742,6.2118377685546875,11.559139251708984,8.097905158996582,9.600042343139648,-4.784865856170654,13.576297760009766,7.664915084838867,10.16441535949707,-1.1791574954986572,9.630682945251465,4.24271821975708,7.446639060974121,1.930667519569397,7.597917556762695,0.37462812662124634,0.3043554425239563,2774.871060337549,928.1815504203311,2700.5093969910645,408.9857630063656,5746.540251457285,1753.237433469908,0.11459341137770898,0.06609017868168536,0.15452560782432556,0.035400256514549255,17.949720601756912,4.05682344549819,0.028024742866618907,0.10999447854802714,92.28515625,hiphop
hiphop.00029.wav,-72.51429748535156,51.718605041503906,57.03794860839844,32.71387481689453,5.948389530181885,23.72991371154785,25.90442657470703,15.600057601928711,6.662389278411865,11.082731246948242,11.494861602783203,11.545167922973633,5.109200954437256,10.64694881439209,10.105276107788086,10.751651763916016,0.9503963589668274,8.704623222351074,8.685616493225098,8.881430625915527,-1.687050700187683,7.075629711151123,5.997684478759766,7.3652143478393555,0.14304198324680328,7.482825756072998,0.4405220150947571,0.305178701877594,3131.3432607004365,967.4319987942074,2854.60084444079,326.271364091897,6395.536327066805,1509.3230794864683,0.11568637529024768,0.07801600889525717,0.16638106107711792,0.055529627948999405,17.05859031012084,4.396601259698581,-0.011537064159303613,0.12354441924759178,123.046875,hiphop
hiphop.00030.wav,-23.794031143188477,37.74480056762695,43.71694564819336,17.078474044799805,30.550689697265625,16.22032356262207,26.501972198486328,11.596156120300293,4.336692810058594,11.013557434082031,21.91374969482422,8.774526596069336,2.576287031173706,8.259902000427246,6.990405082702637,6.045492172241211,-1.4965211153030396,7.240524768829346,4.582283020019531,5.959510803222656,0.41704249382019043,5.6807756423950195,2.464586019515991,4.894308090209961,-4.074756145477295,5.219180107116699,0.5392277836799622,0.2576548755168915,3724.7745542619245,525.3961254291329,3204.9677357968894,196.76767473816818,7641.487126306115,632.7336875415314,0.1727574587606424,0.047966378113796934,0.19396807253360748,0.02940864861011505,14.981846859252862,3.8477306155944886,0.0063827609592372525,0.04038026078979288,89.10290948275862,hiphop
hiphop.00031.wav,-25.108787536621094,37.16967010498047,60.825592041015625,23.067520141601562,-4.187173366546631,19.1678524017334,14.848389625549316,19.551698684692383,6.795022964477539,11.157301902770996,6.098333835601807,11.586029052734375,15.451295852661133,11.313521385192871,3.7847349643707275,12.164929389953613,5.65980863571167,9.625909805297852,10.247506141662598,8.617061614990234,0.8633309602737427,8.50638198852539,4.183889389038086,8.246319770812988,0.9262049198150635,7.970729827880859,0.47984579205513,0.28648877143859863,3084.823804546642,744.9798253617553,2970.61795564429,321.4135097670433,6779.025674825852,1469.9677101374848,0.13644361938854488,0.0803616944853105,0.21307457983493805,0.05987829715013504,17.242478886807387,4.111650223527772,-0.014547489346668371,0.06724492294579354,99.38401442307692,hiphop
hiphop.00032.wav,-148.12135314941406,68.42576599121094,90.5676498413086,36.94110107421875,-0.2753233313560486,24.7635440826416,28.85523796081543,19.425905227661133,19.306163787841797,15.973498344421387,15.245031356811523,13.213865280151367,4.281466007232666,9.879152297973633,15.5199556350708,8.779976844787598,1.2726043462753296,9.298399925231934,11.129076957702637,8.812636375427246,8.849079132080078,9.3626708984375,6.316172122955322,8.581511497497559,1.6312520503997803,6.393073081970215,0.4753303527832031,0.29700881242752075,2145.890945678912,975.1660857035462,2441.669949507938,487.38441823122196,4529.893202670785,2002.021185381441,0.07872191436531008,0.06621472635301993,0.1344866305589676,0.07220633327960968,16.426227462644576,4.142939504136408,-0.0023973327654999974,0.060827015996065055,99.38401442307692,hiphop
hiphop.00033.wav,-31.93762969970703,48.842552185058594,59.89347839355469,34.05498123168945,-2.707521438598633,24.53478240966797,33.514892578125,22.874269485473633,13.086963653564453,16.43963623046875,9.461901664733887,12.553874969482422,-1.6719098091125488,13.796270370483398,14.184528350830078,9.110175132751465,3.13834810256958,9.75184154510498,6.803654193878174,8.646197319030762,1.1695599555969238,8.799847602844238,3.89937162399292,7.784494876861572,1.6967893838882446,6.930205345153809,0.5003265738487244,0.2801465094089508,2982.0828218625525,913.5862642526649,2730.392872962765,435.60869082094234,6160.654414032266,1622.83682176678,0.15224662284732973,0.08798248443422266,0.21436136960983276,0.05554557219147682,17.28600048486067,4.0870194077827415,0.003023130928457557,0.1241929623930053,198.76802884615384,hiphop
hiphop.00034.wav,5.841989040374756,31.482646942138672,53.23731231689453,17.306699752807617,-8.97913646697998,15.363962173461914,26.945999145507812,12.108129501342773,0.44115087389945984,12.774593353271484,15.555137634277344,8.646639823913574,1.6571179628372192,10.201859474182129,7.66583251953125,7.92538595199585,4.98477840423584,8.290641784667969,8.606435775756836,8.147734642028809,3.4144680500030518,6.436019420623779,8.5259428024292,6.880337238311768,1.1329907178878784,6.143913269042969,0.46989795565605164,0.2857230007648468,3191.1765117370255,509.2171792700731,2735.9610117251223,229.77640691859006,6354.219910234859,872.0944024345854,0.16916602167182662,0.05688144857263324,0.22781994938850403,0.05278565362095833,15.906115652627792,3.6568776720121385,-0.003119322747250432,0.0795091916261572,198.76802884615384,hiphop
hiphop.00035.wav,-100.91944122314453,55.596920013427734,64.29093933105469,32.155757904052734,12.551603317260742,27.244964599609375,26.48169708251953,15.415122032165527,12.407429695129395,18.120529174804688,12.135958671569824,11.3351411819458,2.4698939323425293,11.981147766113281,18.496997833251953,9.846590042114258,1.5057791471481323,9.387499809265137,12.057713508605957,9.9488525390625,-1.4862083196640015,8.665969848632812,6.731626510620117,8.191795349121094,3.8606362342834473,8.077935218811035,0.5288315415382385,0.2921839654445648,2825.5302060644444,1049.2097386529208,2830.7288636632816,406.54301246470493,6190.9792306622485,1710.5154580562305,0.10329945094814241,0.09464071940812725,0.19127106666564941,0.09198521077632904,16.917865961263036,4.004944672009733,0.004613353194941215,0.0871742409563436,143.5546875,hiphop
hiphop.00036.wav,-220.95443725585938,161.82424926757812,41.13650894165039,42.507179260253906,-13.999250411987305,29.571659088134766,33.61878967285156,21.47943687438965,12.183348655700684,15.659430503845215,13.665728569030762,11.431931495666504,5.954324245452881,10.346770286560059,7.631933212280273,9.845220565795898,5.290375232696533,8.900036811828613,10.472712516784668,9.969019889831543,4.765573024749756,9.2665376663208,6.500653266906738,9.170570373535156,6.490899562835693,9.571380615234375,0.5187866687774658,0.28203079104423523,2960.013105340155,1213.5007504894984,2558.1335074460126,560.5404160971857,5801.173254432324,1916.4354923858516,0.12089987362132353,0.10113699469978117,0.08916086703538895,0.06418155878782272,17.559855258079033,5.2507388246092015,0.0004989496302175391,0.12395301742903472,117.45383522727273,hiphop
hiphop.00037.wav,-96.66390228271484,82.45640563964844,30.600751876831055,43.82039260864258,2.5303547382354736,36.61732482910156,12.692529678344727,22.321945190429688,-10.973727226257324,21.059551239013672,-2.1038084030151367,20.72475814819336,-3.6324102878570557,16.204545974731445,-7.5899434089660645,12.634671211242676,-5.321712493896484,12.221342086791992,-0.6840313076972961,10.056899070739746,-4.148995876312256,9.759944915771484,-3.1092333793640137,9.146882057189941,-4.859254837036133,9.255910873413086,0.40901175141334534,0.3130427598953247,3770.0765106624654,1320.648512041558,2830.835515869796,550.0991150011529,7050.38236730239,2019.9946428069186,0.21284149453366874,0.1213583212169293,0.15945258736610413,0.13130630552768707,17.534050268428707,4.684601410000203,0.014185076422491819,0.11787326197439782,143.5546875,hiphop
hiphop.00038.wav,-62.80690002441406,142.3813018798828,72.10189819335938,32.56470489501953,-16.1141357421875,27.330650329589844,27.41850471496582,24.232086181640625,5.560953617095947,16.41535186767578,1.8214277029037476,16.678560256958008,3.9023923873901367,11.594932556152344,8.463777542114258,12.58056354522705,-2.00744891166687,11.717567443847656,5.825008869171143,9.681900024414062,0.1558639407157898,10.209534645080566,-0.3015003502368927,9.220074653625488,-0.6675374507904053,8.627395629882812,0.3984205424785614,0.30823686718940735,2202.2948946843676,866.3593142520537,2213.2035124053305,775.7065040221052,4411.289992199594,1834.9727161644144,0.09668724603328173,0.05123288030193029,0.2692117989063263,0.13875257968902588,17.39939696342182,4.251057343515444,0.013568293788632066,0.10966718730051805,184.5703125,hiphop
hiphop.00039.wav,-121.61006164550781,94.12765502929688,76.9194107055664,38.564510345458984,29.01348114013672,34.490299224853516,9.935918807983398,22.391462326049805,3.173764705657959,17.69676399230957,5.175321578979492,18.897151947021484,4.968313217163086,16.55548667907715,-1.0265125036239624,15.068524360656738,1.1707606315612793,13.8966646194458,2.1393537521362305,12.845071792602539,3.117648124694824,10.924738883972168,1.136677622795105,11.051312446594238,-0.7820610404014587,8.370019912719727,0.39005401730537415,0.3193528354167938,2706.6714628489012,1254.5204610595217,2941.23259807602,518.9669290946152,5996.322074394108,2336.6881105113707,0.1125715037248452,0.10571356898252686,0.1829698085784912,0.09422899782657623,18.55834504177605,5.207850679927304,0.020410207566907257,0.09956177362100162,184.5703125,hiphop
hiphop.00040.wav,-185.25148010253906,99.84674835205078,96.74281311035156,46.10878372192383,44.60040283203125,27.204322814941406,13.892824172973633,17.566125869750977,6.014659404754639,15.725666046142578,-2.906555652618408,15.444995880126953,3.2618510723114014,14.329401016235352,-9.664786338806152,11.929173469543457,-3.648591995239258,11.871567726135254,5.251206874847412,11.988898277282715,-0.9549689292907715,11.212323188781738,7.6877121925354,11.409918785095215,6.088024616241455,10.157898902893066,0.34758487343788147,0.30704060196876526,2431.6745536158296,1439.2687543374525,2783.1825288783557,712.9316141807099,5276.543093465799,2879.685159964617,0.10152508526025542,0.11565550089439311,0.13060717284679413,0.10441369563341141,20.130813693062443,5.4284779199186435,-0.039286255533770076,0.1629036621993137,80.74951171875,hiphop
hiphop.00041.wav,-76.58263397216797,66.9844970703125,68.3375244140625,33.588375091552734,-0.9878047704696655,21.261009216308594,30.34624671936035,21.59184455871582,3.6340487003326416,20.357887268066406,5.201216697692871,13.145745277404785,3.2781922817230225,12.375166893005371,2.940854549407959,12.83270263671875,5.555165767669678,11.322875022888184,4.673672199249268,8.873826026916504,4.329291343688965,8.615428924560547,3.4459428787231445,8.95344066619873,2.855705499649048,8.662198066711426,0.4249842166900635,0.3025553822517395,2708.8083141428915,841.0745355555416,2664.597965097762,394.13045429313576,5556.016403528928,1580.1384370454043,0.12015460223974458,0.06731346206888379,0.18603956699371338,0.10656504333019257,17.82894229857185,4.65959259420345,-0.007272347829177983,0.08658400887567119,92.28515625,hiphop
hiphop.00042.wav,-74.3597412109375,65.94279479980469,48.817752838134766,33.81037902832031,4.047643184661865,27.423513412475586,35.846370697021484,18.16689682006836,12.497231483459473,16.19109535217285,13.474960327148438,12.732346534729004,9.024468421936035,12.856593132019043,12.567508697509766,11.586714744567871,2.486557960510254,10.960347175598145,12.132177352905273,10.080533981323242,9.134346008300781,9.767495155334473,3.928713321685791,9.001749038696289,4.571033000946045,11.080638885498047,0.44883352518081665,0.3004988729953766,2908.796471318714,996.9112028804341,2763.7327112504013,386.7430454133019,6030.596867139126,1580.5990708899728,0.10257420967976007,0.07562321148987147,0.2480836808681488,0.09105389565229416,18.984836077000512,4.986752927466959,-0.004032607535532039,0.16623310175374614,92.28515625,hiphop
hiphop.00043.wav,-155.6377410888672,70.70563507080078,113.65833282470703,40.3280029296875,-4.024229049682617,23.97660255432129,18.278228759765625,18.103622436523438,13.483907699584961,12.783438682556152,8.251856803894043,12.088475227355957,8.810650825500488,11.32148551940918,11.110942840576172,10.599215507507324,8.910264015197754,10.968831062316895,10.224346160888672,8.611612319946289,6.1002116203308105,8.039098739624023,9.73854923248291,8.740469932556152,9.320226669311523,6.418397903442383,0.44521865248680115,0.2989814281463623,1834.8226201664872,950.3819455444237,2225.1515450948054,680.9378381478682,3847.810066152283,2207.5467703675185,0.06156538735971362,0.039680252917284414,0.13564474880695343,0.08892860263586044,18.328601888503854,4.296628012248419,0.012402779288896722,0.13503539022864977,89.10290948275862,hiphop
hiphop.00044.wav,-267.5225524902344,88.57856750488281,77.79210662841797,44.95280456542969,-18.18976593017578,40.02317810058594,18.888137817382812,18.9807186126709,1.9943968057632446,15.922311782836914,-7.58877420425415,18.597517013549805,4.7138776779174805,14.51777458190918,-7.698332786560059,12.047396659851074,-10.356959342956543,11.214597702026367,10.97526741027832,13.258367538452148,-2.8659422397613525,10.719503402709961,-5.7574381828308105,12.096487998962402,2.3471529483795166,10.129297256469727,0.3555413484573364,0.29924723505973816,2548.7636099360616,1061.7042924112307,2344.8395970517513,508.8219899285416,4537.730894295424,1957.8678499696425,0.14338613220781735,0.09255537616275325,0.03803963214159012,0.03186978027224541,19.34525249343042,4.8702892681160135,0.02855888416564263,0.17930087591095614,117.45383522727273,hiphop
hiphop.00045.wav,-121.61006164550781,94.12765502929688,76.9194107055664,38.564510345458984,29.01348114013672,34.490299224853516,9.935918807983398,22.391462326049805,3.173764705657959,17.69676399230957,5.175321578979492,18.897151947021484,4.968313217163086,16.55548667907715,-1.0265125036239624,15.068524360656738,1.1707606315612793,13.8966646194458,2.1393537521362305,12.845071792602539,3.117648124694824,10.924738883972168,1.136677622795105,11.051312446594238,-0.7820610404014587,8.370019912719727,0.39005401730537415,0.3193528354167938,2706.6714628489012,1254.5204610595217,2941.23259807602,518.9669290946152,5996.322074394108,2336.6881105113707,0.1125715037248452,0.10571356898252686,0.1829698085784912,0.09422899782657623,18.55834504177605,5.207850679927304,0.020410207566907257,0.09956177362100162,184.5703125,hiphop
hiphop.00046.wav,-75.66786193847656,68.09414672851562,91.02239990234375,32.85782241821289,9.864940643310547,26.29071044921875,25.094079971313477,16.031164169311523,11.801715850830078,14.846216201782227,10.166982650756836,10.477046012878418,0.12458102405071259,10.596505165100098,8.227128982543945,10.059564590454102,1.6348944902420044,9.832693099975586,0.4970396161079407,9.561610221862793,1.8070878982543945,7.902062892913818,5.492985725402832,8.635907173156738,1.2929039001464844,7.783912658691406,0.4921763837337494,0.28814348578453064,2306.786333638483,950.7111313771452,2601.5436234092385,453.69289481060736,5000.353096882256,1928.6770107346856,0.09149226610874613,0.06355147160209093,0.2280168980360031,0.13402128219604492,17.367888030976296,4.860258908596529,-0.005497079834833136,0.07855696843545207,95.703125,hiphop
hiphop.00047.wav,-76.64228057861328,60.195560455322266,52.77649688720703,27.307048797607422,34.64007568359375,22.929039001464844,26.187644958496094,17.255977630615234,16.660327911376953,15.967690467834473,11.346407890319824,13.545153617858887,5.853891849517822,11.416583061218262,6.904237747192383,11.974950790405273,3.664475917816162,10.63072681427002,-0.9604269862174988,10.127742767333984,3.87589693069458,9.545592308044434,4.48794412612915,8.758479118347168,0.6365995407104492,8.57231330871582,0.44940632581710815,0.30813243985176086,3236.2092131808367,1133.6684811878556,3272.1557177055006,388.57281992542596,7338.638957587558,1633.5342934125867,0.10935685952012383,0.09608074842083754,0.24710078537464142,0.12088319659233093,17.665606583835846,5.86138873949215,0.011363534676141209,0.08246180192658316,95.703125,hiphop
hiphop.00048.wav,-87.6807861328125,94.3709487915039,79.37557983398438,31.304096221923828,25.071247100830078,19.39299964904785,45.16530990600586,16.686323165893555,11.19914436340332,11.886374473571777,18.17017364501953,8.820120811462402,3.520857810974121,8.264764785766602,6.995575428009033,6.530299663543701,1.2674152851104736,7.627760887145996,2.360787868499756,7.510783672332764,-1.7764662504196167,6.480416297912598,-0.01260184682905674,5.183342456817627,-2.7059743404388428,5.486117839813232,0.41634824872016907,0.29829108715057373,2344.385703637443,925.8832945426167,2682.0326323793884,529.2829159523576,5394.20071533959,1910.7703657693382,0.07745040090460527,0.048858479858739,0.23021632432937622,0.1114518940448761,16.69593452401794,4.8397546063759425,0.018905648082544448,0.09488825004054655,95.703125,hiphop
hiphop.00049.wav,-44.555233001708984,51.4986686706543,41.62350082397461,23.797460556030273,29.912630081176758,23.860807418823242,51.863685607910156,17.284801483154297,12.875630378723145,17.225433349609375,13.724888801574707,10.675780296325684,7.962604999542236,13.80795955657959,9.290233612060547,9.303301811218262,8.38836669921875,10.852764129638672,1.8994230031967163,8.303098678588867,1.141311526298523,8.933683395385742,4.5649919509887695,8.10792064666748,5.524622440338135,7.304853439331055,0.4840633273124695,0.29180118441581726,3084.4973664314452,791.9376028550727,3055.5704751391245,311.94590721628646,6682.326259553986,1186.515372263871,0.10872005309113777,0.05845284458069472,0.28883296251296997,0.07705596089363098,18.2140510284612,5.784344708726996,0.01046974759093526,0.07379904848324187,129.19921875,hiphop
hiphop.00050.wav,-114.06301879882812,66.24876403808594,110.11894989013672,34.96847152709961,17.93018341064453,28.09836769104004,37.93009567260742,17.63234519958496,27.968828201293945,17.879060745239258,1.4038033485412598,14.118749618530273,15.553620338439941,12.91423225402832,1.425545334815979,10.66019344329834,7.3542890548706055,9.562906265258789,-3.325509786605835,10.249956130981445,8.241861343383789,9.155342102050781,-0.1847570538520813,8.048258781433105,0.682867169380188,8.844850540161133,0.4270387887954712,0.3097423315048218,1683.7287656142807,805.7876609404717,2428.093966088148,591.1889655014293,3619.3447809839395,2193.1093590186256,0.04244418779024768,0.031010006967336638,0.27364036440849304,0.10287430137395859,18.411775778232034,5.498975523776932,-0.018753296314269405,0.1158330261725387,99.38401442307692,hiphop
hiphop.00051.wav,-78.71351623535156,70.46620178222656,73.09977722167969,39.064483642578125,21.83403968811035,31.26900863647461,49.21601104736328,18.609392166137695,3.114288806915283,16.180328369140625,18.307453155517578,10.32146167755127,1.8565903902053833,10.3755521774292,8.398898124694824,8.414216995239258,1.4257842302322388,8.36409854888916,4.219164848327637,8.959476470947266,-1.323271632194519,7.128609657287598,1.2506556510925293,7.502864360809326,-3.0139784812927246,7.210121154785156,0.3936004042625427,0.30580002069473267,2500.521404911738,1116.1502094814075,2578.083186286891,472.92159455433296,5294.309652700513,1916.6798749204806,0.09951791674729102,0.08669220888120782,0.24401791393756866,0.0870915874838829,18.541710474035636,5.2418839871024225,0.021082339373388576,0.09592411080906586,103.359375,hiphop
hiphop.00052.wav,-146.51693725585938,69.7521743774414,81.55852508544922,34.43175506591797,31.962297439575195,22.142778396606445,22.430374145507812,14.582527160644531,5.098354816436768,13.307815551757812,13.628087043762207,10.717812538146973,6.495129108428955,10.252350807189941,8.408916473388672,9.907332420349121,4.4383158683776855,9.103992462158203,5.010662078857422,8.220083236694336,1.8354231119155884,7.205780982971191,2.864581346511841,6.194383144378662,4.526801586151123,6.84543514251709,0.461398184299469,0.29934829473495483,2595.782821610755,1172.142342201159,2881.612646336387,488.31001556390345,5858.622907042134,2127.9952237901703,0.08231280536474458,0.06507038333973547,0.1099666878581047,0.04023701325058937,17.71316140725703,5.791914967888949,0.006926889231027663,0.07989282474708355,103.359375,hiphop
hiphop.00053.wav,-144.97781372070312,81.03345489501953,66.6715316772461,33.43531799316406,44.280052185058594,25.337909698486328,22.528505325317383,21.36212730407715,6.521359443664551,15.051015853881836,8.850330352783203,11.236084938049316,11.895541191101074,11.664546966552734,5.837181091308594,9.46142578125,3.0436742305755615,8.862309455871582,6.451862812042236,9.821227073669434,3.5622899532318115,8.828680992126465,2.5228521823883057,7.9310784339904785,3.830937623977661,7.534891128540039,0.5068888664245605,0.28990375995635986,3079.1103340087907,1147.6506742484228,3220.8563159505225,490.70203252135474,7003.240985693208,2137.051933766724,0.10707796173568111,0.07020433641296625,0.10891584306955338,0.03740721568465233,17.75528465457741,5.9516204738493315,-0.003655125571580739,0.05259399038750914,107.666015625,hiphop
hiphop.00054.wav,-104.71599578857422,55.469825744628906,64.03459930419922,25.641307830810547,28.791667938232422,24.781963348388672,10.546079635620117,15.820549011230469,15.168903350830078,14.228208541870117,13.066783905029297,9.50841999053955,8.023292541503906,10.825870513916016,5.234204292297363,10.641251564025879,6.736820220947266,9.402883529663086,5.124849796295166,8.06581974029541,4.446024417877197,8.170530319213867,4.464317798614502,7.427835464477539,3.354733943939209,8.28896427154541,0.4469766914844513,0.3028911054134369,3258.7937668169607,915.2901063183955,3321.233022757826,337.2129148074791,7619.562258882788,1314.9903252330812,0.12631934198432662,0.07736549532802195,0.12415162473917007,0.04310353100299835,17.496875397460236,5.734784275605965,0.012831450165543785,0.061903648645239326,112.34714673913044,hiphop
hiphop.00055.wav,-161.47679138183594,53.415870666503906,104.0411148071289,27.449621200561523,-10.936408996582031,19.85928726196289,43.69308090209961,14.908565521240234,13.973774909973145,13.810038566589355,14.4622163772583,11.107328414916992,7.506260871887207,12.492292404174805,9.48156452178955,7.572113990783691,6.43916654586792,7.416759014129639,6.995227336883545,7.930906295776367,1.360863208770752,7.444611072540283,4.438622951507568,8.498783111572266,-2.926755666732788,6.018054008483887,0.39065876603126526,0.3120007812976837,1735.5854903743884,724.7276209750005,2055.9870271957616,380.78001187643696,3552.961849059114,1382.9946221737207,0.07250031745839783,0.05482965274746658,0.13375939428806305,0.07005619257688522,19.837670256774107,5.0361210391198235,-0.008227768196455022,0.11554923219540593,107.666015625,hiphop
hiphop.00056.wav,-101.08124542236328,53.63343048095703,72.40870666503906,21.017982482910156,-2.374790668487549,22.240034103393555,46.05116653442383,14.864914894104004,5.545093536376953,12.355088233947754,24.215150833129883,9.200352668762207,3.5403549671173096,9.165764808654785,14.531002044677734,8.280829429626465,5.654685974121094,9.175774574279785,13.535109519958496,9.760335922241211,4.972192764282227,7.336361408233643,9.905891418457031,7.351038455963135,2.9368953704833984,7.122735500335693,0.49168044328689575,0.29466208815574646,2355.621296823601,596.0906387649645,2496.919774597185,335.8460422954343,5176.777030070869,1122.0846524015622,0.07013033934791021,0.03323799871690147,0.16661067306995392,0.04179065674543381,17.950812026189677,5.124668536131058,-0.013870795337608374,0.0920647824138332,99.38401442307692,hiphop
hiphop.00057.wav,-113.62826538085938,62.04764938354492,87.07086944580078,22.690345764160156,-0.638083279132843,22.490751266479492,52.25518035888672,13.24567699432373,19.37762451171875,11.710489273071289,19.676193237304688,9.653486251831055,15.387044906616211,9.199823379516602,13.710749626159668,8.307735443115234,6.9510931968688965,6.206437110900879,9.077070236206055,7.243030548095703,7.965795993804932,6.495555877685547,4.412704944610596,7.5969109535217285,-0.15473131835460663,8.029610633850098,0.400672048330307,0.31122997403144836,1811.0907893923022,642.8018077248835,2279.385519549546,328.394254046583,3889.9348114297118,1325.280894202065,0.05145433738873839,0.03853808811820523,0.2247585654258728,0.06414905935525894,17.393306480533234,5.308259144013199,0.0313626032382778,0.0791181434597307,89.10290948275862,hiphop
hiphop.00058.wav,-109.83064270019531,68.57035827636719,63.10463333129883,29.455760955810547,-13.84090518951416,24.883852005004883,43.019493103027344,18.011917114257812,6.1420440673828125,14.847525596618652,23.18745994567871,11.900575637817383,8.019648551940918,12.967461585998535,10.65602970123291,11.127408981323242,0.9803226590156555,9.54105281829834,5.321308135986328,9.58841323852539,-1.832165002822876,8.870634078979492,-1.4251207113265991,8.29968547821045,-1.863974928855896,7.314713954925537,0.5061397552490234,0.28480690717697144,2676.5339159173477,981.7114337126721,2413.9218973506577,357.8754630091533,5209.5184987543535,1412.8922358590285,0.13613863257062694,0.09681372924227465,0.13039982318878174,0.06643223017454147,16.736959631319287,4.797489853215071,0.008983232699906396,0.061684110013215894,172.265625,hiphop
hiphop.00059.wav,-133.2266845703125,57.827537536621094,93.95074462890625,29.777545928955078,-2.2413456439971924,25.97876739501953,50.19545364379883,16.915180206298828,12.518454551696777,14.374124526977539,15.036698341369629,10.840812683105469,11.511906623840332,12.258593559265137,10.248600959777832,8.885241508483887,7.951723575592041,7.94366979598999,10.803760528564453,10.379897117614746,1.9746123552322388,7.181796073913574,5.198634624481201,6.264848232269287,1.066261887550354,6.307882785797119,0.4995693266391754,0.27963119745254517,1949.3068336318568,808.7427180036368,2286.5903217127266,528.8296650519039,4219.474485415054,1737.6104207536512,0.06300302038989938,0.04414998668624636,0.15126341581344604,0.051931437104940414,17.55673805393358,4.963973450702964,-0.0022294230898630813,0.0650224402703365,92.28515625,hiphop
hiphop.00060.wav,-153.50096130371094,71.58772277832031,92.77770233154297,22.26319122314453,-15.882088661193848,26.255538940429688,57.952423095703125,18.80473518371582,8.575668334960938,16.31804656982422,18.462398529052734,11.101631164550781,13.276261329650879,11.207008361816406,11.162718772888184,9.384257316589355,7.613731861114502,8.375399589538574,12.974225044250488,9.995227813720703,5.661204814910889,8.132004737854004,7.017446041107178,7.4449052810668945,2.8843374252319336,7.6941657066345215,0.4396848976612091,0.32147520780563354,1717.834483382323,588.0409695805699,2052.410769263657,361.0503758530778,3686.911039086687,1184.9369308106404,0.05390783729198916,0.0467870986579001,0.18021106719970703,0.06272853910923004,18.08437304970175,5.517634238740444,-0.040377738329532294,0.14155523520418212,184.5703125,hiphop
hiphop.00061.wav,-127.29856872558594,56.2459716796875,95.7888412475586,22.457822799682617,-12.756138801574707,23.457773208618164,37.96443557739258,18.49763298034668,20.579317092895508,18.942317962646484,23.185546875,12.51590633392334,8.276987075805664,11.26667594909668,9.6158447265625,9.041218757629395,8.685040473937988,9.86530590057373,5.521230220794678,9.546409606933594,6.679731369018555,8.971294403076172,4.026427745819092,8.151520729064941,1.7274876832962036,7.414636135101318,0.4736352264881134,0.2807939946651459,1811.4872110056333,570.7011664731017,2201.2950311516684,343.9557972027021,3806.3103170955883,1235.0364883860216,0.06727699303405572,0.0384630085615179,0.15561001002788544,0.0566440150141716,19.014329629895876,4.902155919143049,0.011662331629230274,0.06463134411797637,184.5703125,hiphop
hiphop.00062.wav,-144.1154022216797,91.67393493652344,73.38273620605469,48.072505950927734,4.68950080871582,43.09159851074219,24.034183502197266,24.839109420776367,12.896576881408691,21.39071273803711,14.024166107177734,16.98526382446289,8.642745018005371,13.393664360046387,6.908734321594238,13.206243515014648,-1.2130749225616455,12.52082633972168,-0.8405232429504395,11.576085090637207,1.1626185178756714,10.60959243774414,2.5793063640594482,10.133544921875,-1.1129530668258667,11.307823181152344,0.47191789746284485,0.30778613686561584,2449.072471257414,1319.661163991461,2508.117491409197,574.8710302048282,4930.6618516290155,2408.9007670021124,0.10955073589880031,0.0989761484429806,0.1909227818250656,0.14563152194023132,17.960086482912974,5.426777252813799,-0.0024409252392525124,0.10582599245375013,92.28515625,hiphop
hiphop.00063.wav,-98.84099578857422,71.02923583984375,71.1085205078125,37.38652038574219,-10.04574203491211,31.27153968811035,31.723388671875,23.020050048828125,5.144659519195557,16.920785903930664,1.875218391418457,16.30084228515625,-8.893279075622559,14.84744930267334,-4.2644500732421875,13.336261749267578,-5.9622368812561035,13.275771141052246,-4.269474506378174,12.500038146972656,-0.6587040424346924,12.124822616577148,-1.8606144189834595,11.25126838684082,-0.5169800519943237,9.511695861816406,0.44546937942504883,0.3031304180622101,2671.0740466843918,1116.0447371962234,2494.7368600221876,507.97812442809806,5320.276162351248,1887.5433341835906,0.12218709183920279,0.08564761922394243,0.18616363406181335,0.1319076269865036,18.28533468470071,5.022015372368301,-0.01402771299490178,0.08100366865288738,92.28515625,hiphop
hiphop.00064.wav,-82.42477416992188,62.51456832885742,69.95745086669922,26.32416534423828,10.693317413330078,24.507211685180664,48.8040771484375,18.65378761291504,4.639569282531738,17.628068923950195,13.286026954650879,14.869348526000977,-1.7903581857681274,12.597612380981445,5.122208118438721,12.018943786621094,-1.084924340248108,11.571341514587402,-2.7959132194519043,10.017521858215332,-2.5498504638671875,8.814234733581543,0.21808503568172455,9.518976211547852,-3.1269516944885254,8.677658081054688,0.408005952835083,0.32008567452430725,2429.9366980056257,815.1815497079303,2575.1768021201756,368.4684435710478,5273.709777265141,1322.6590745528567,0.07981168670181889,0.06010688796406778,0.235963374376297,0.11903663724660873,18.404396481276883,5.707928654622416,-0.002773215338676887,0.09619803275975394,86.1328125,hiphop
hiphop.00065.wav,-140.1487579345703,93.16780853271484,77.06105041503906,46.248695373535156,42.02964782714844,26.12881851196289,31.239225387573242,19.8027400970459,12.191808700561523,17.328474044799805,10.215243339538574,14.574581146240234,3.7374846935272217,11.586734771728516,8.286639213562012,10.239041328430176,-1.553202509880066,10.468052864074707,-1.7558186054229736,11.07991886138916,3.626760482788086,8.858566284179688,4.589858531951904,8.163487434387207,-2.549266815185547,9.81753921508789,0.41778483986854553,0.3179932236671448,2447.981517210075,1384.6841054136642,2779.9431286937574,530.1028652813956,5316.867849627515,2565.466545748314,0.0886033946884675,0.09532570834495797,0.2067456841468811,0.13688641786575317,17.54598595239055,5.335112539982457,-0.008091938099507638,0.11187804528705977,95.703125,hiphop
hiphop.00066.wav,-111.8478775024414,86.14811706542969,89.10122680664062,32.95334243774414,13.179903984069824,24.608882904052734,36.34461212158203,20.066389083862305,-3.2759246826171875,16.161413192749023,3.8778231143951416,13.18810749053955,0.5638423562049866,9.972233772277832,6.3377275466918945,10.38231086730957,-2.179609537124634,11.46065616607666,2.9791018962860107,10.041057586669922,-1.63655686378479,9.710210800170898,-0.3662911057472229,8.298806190490723,-3.4718985557556152,9.3694486618042,0.4097598195075989,0.3071190416812897,2245.1543617872862,868.4423808926737,2484.137881682173,410.13351399112577,4816.095877727119,1654.2677634782642,0.0793853854247291,0.05929538458514303,0.1898607462644577,0.12274704873561859,17.987754980577545,5.211954661711304,-0.00934834312973042,0.11581851181511782,92.28515625,hiphop
hiphop.00067.wav,-74.77094268798828,58.97711181640625,58.740543365478516,28.178178787231445,9.939784049987793,25.924924850463867,21.57010841369629,17.13168716430664,15.071627616882324,16.48518943786621,4.9377288818359375,13.237715721130371,2.282747983932495,13.898900032043457,5.468897819519043,12.653848648071289,3.120033025741577,11.852775573730469,0.6039441823959351,10.333069801330566,2.4664061069488525,10.233441352844238,4.211440563201904,10.575470924377441,3.4745802879333496,9.49133586883545,0.4983868896961212,0.29238346219062805,3053.2752032918966,1070.9297927130442,3025.0571235297643,439.9091917230547,6667.5096824811335,1866.8449264483847,0.1268197168875774,0.0986723826081829,0.2179241180419922,0.1391124129295349,17.433417729463994,5.030081168217372,0.008355711463989734,0.07464600502606504,95.703125,hiphop
hiphop.00068.wav,-66.0644302368164,74.1902847290039,74.915771484375,28.477474212646484,20.63437843322754,21.1689453125,39.274261474609375,19.055700302124023,8.157337188720703,14.238081932067871,15.135332107543945,9.919249534606934,-0.3828369081020355,10.010381698608398,5.572951316833496,9.150185585021973,1.461735725402832,8.905496597290039,-0.6336607336997986,9.143781661987305,-1.5710731744766235,7.190793991088867,1.455990195274353,6.52252721786499,-2.4145190715789795,6.1678619384765625,0.42210811376571655,0.29773232340812683,2545.058137328884,849.398647151204,2748.0036712223564,391.509289898721,5683.715631349168,1569.2685110584353,0.09572391096652477,0.05484551611564479,0.2287963479757309,0.10945791006088257,16.96740385821555,4.739931625504995,0.012791522478961573,0.09109554917521595,95.703125,hiphop
hiphop.00069.wav,-59.20925521850586,62.18723678588867,36.20804214477539,30.51056671142578,39.83428192138672,24.06180191040039,49.976192474365234,19.819822311401367,10.150851249694824,16.63787841796875,16.89043426513672,11.313633918762207,9.769880294799805,12.490448951721191,4.446043968200684,11.16688346862793,2.411560535430908,10.530716896057129,1.7071003913879395,9.74457836151123,2.367370843887329,10.203914642333984,3.909562110900879,8.453499794006348,3.2013638019561768,7.663270473480225,0.48957696557044983,0.2984146773815155,3299.440188118393,997.6553343027208,3139.542709498119,293.23741617183293,7082.1738417303595,1201.3846402945285,0.1209660107875387,0.08406286091375782,0.2717660367488861,0.08286678791046143,18.176801559066597,5.843309378538719,0.015079623487163931,0.06458598989907145,129.19921875,hiphop
hiphop.00070.wav,-81.68595123291016,70.41348266601562,82.33597564697266,32.433494567871094,53.542030334472656,27.377565383911133,25.494243621826172,16.597015380859375,15.711484909057617,14.603503227233887,19.21200942993164,9.400111198425293,8.440927505493164,8.82123851776123,6.372036933898926,7.9445719718933105,0.20460082590579987,8.885416984558105,0.1544559746980667,7.697661876678467,1.1984615325927734,6.76373291015625,1.5259027481079102,6.106149673461914,-0.7252470850944519,6.18642520904541,0.43090683221817017,0.2985869348049164,2501.25903379901,1115.013292127112,3049.6607535011344,566.5631586748959,6028.555212818063,2499.2560957100873,0.06926450936048761,0.05538221686108912,0.2787714898586273,0.07466477155685425,18.07737837192355,5.699668691052433,-0.01648178787088124,0.11758456795963369,95.703125,hiphop
hiphop.00071.wav,-78.69876098632812,56.52740478515625,51.46027755737305,32.17770004272461,42.21704864501953,17.240270614624023,30.07628631591797,15.529725074768066,20.110864639282227,15.00467300415039,6.99334192276001,10.428092956542969,8.018717765808105,10.76331615447998,6.883306980133057,11.002093315124512,-4.620158672332764,10.588812828063965,3.649606466293335,9.905925750732422,3.640192747116089,9.51292896270752,4.324947834014893,8.396315574645996,2.607875108718872,8.541574478149414,0.40388017892837524,0.31552308797836304,3186.910019337875,1154.579514216882,3286.573770075949,338.3367440880906,7476.671456257256,1495.543340947755,0.10757606907894737,0.09980100434615782,0.2470289021730423,0.0906313881278038,18.659820169710922,6.010296843073749,-0.004479953308009505,0.1184025429886986,95.703125,hiphop
hiphop.00072.wav,-118.02058410644531,66.70081329345703,102.30680084228516,34.922725677490234,20.77259063720703,23.543596267700195,37.01067352294922,16.7749080657959,24.395523071289062,15.905177116394043,7.802753925323486,14.57066822052002,15.927474021911621,10.379999160766602,-1.5940946340560913,11.872777938842773,6.763178825378418,9.758237838745117,-0.7802005410194397,9.169295310974121,8.579757690429688,8.457244873046875,1.473605990409851,8.237645149230957,-4.222729682922363,8.684006690979004,0.4380706548690796,0.3078051209449768,1818.8189646845494,858.3799195899975,2521.696700963498,556.4974432121601,3999.725814205205,2187.3764401022245,0.05136250120936533,0.0429036224468246,0.25294384360313416,0.11673583090305328,18.195350145800134,5.4894409320008375,-0.013218341997927567,0.10615111942740163,99.38401442307692,hiphop
hiphop.00073.wav,-78.25045013427734,78.31841278076172,70.1887435913086,34.83953857421875,45.9089469909668,25.897127151489258,42.07598876953125,17.901140213012695,15.097312927246094,14.616724967956543,10.689845085144043,11.1336669921875,-0.6920254230499268,13.861881256103516,-0.6105204224586487,10.110738754272461,0.3715642988681793,10.796854972839355,-0.3509228527545929,10.12679386138916,1.102734923362732,8.844344139099121,-0.6717469692230225,7.076263904571533,-0.8145327568054199,6.734631538391113,0.4225151240825653,0.3024320900440216,2566.5587161240874,1201.2357318741795,2942.3925463630508,492.5265987453146,5931.505799662587,2152.637919719348,0.08562004160216719,0.09636948454785406,0.30033332109451294,0.11817359924316406,17.466878465455626,5.374821533747121,0.007631127353174813,0.09358295380240997,92.28515625,hiphop
hiphop.00074.wav,-68.78752899169922,57.36509704589844,62.37388610839844,26.57607078552246,24.279098510742188,26.26871109008789,53.78571319580078,19.72601890563965,-1.9191564321517944,15.506087303161621,12.823493003845215,10.340502738952637,-4.358759880065918,10.678340911865234,12.354515075683594,8.567975044250488,-0.2201935201883316,9.999631881713867,9.053526878356934,8.437111854553223,-0.9775518178939819,8.0389986038208,3.941970109939575,8.006044387817383,1.916253924369812,8.555869102478027,0.473944753408432,0.28984594345092773,2775.2916756205336,852.5090240662815,2712.623765856432,342.4601360955736,5969.305571092541,1246.0202029105353,0.11079033535700464,0.0685627744887422,0.2083497941493988,0.10167989879846573,17.55825588526995,5.545668689233506,0.014221307954514047,0.09963810087402312,99.38401442307692,hiphop
hiphop.00075.wav,-94.57141876220703,66.22491455078125,51.72364807128906,43.1121940612793,17.519943237304688,28.937915802001953,28.90424156188965,24.35455894470215,2.0637569427490234,18.964603424072266,3.727111339569092,16.70981216430664,-1.8516199588775635,15.342034339904785,4.3683600425720215,12.979555130004883,8.78132152557373,13.903641700744629,2.1316025257110596,13.923012733459473,-1.3799784183502197,10.613434791564941,4.691601276397705,10.243820190429688,4.077907085418701,9.933454513549805,0.45118245482444763,0.31108587980270386,3139.605595979825,1334.6313196853064,2849.9772069915975,370.0774351908445,6335.611689422891,1831.2173802979673,0.146737207938274,0.12990981339934424,0.19167505204677582,0.12251077592372894,17.93504076921435,5.269269002915921,0.02109076331666693,0.0801941291922498,92.28515625,hiphop
hiphop.00076.wav,-111.2291488647461,83.85087585449219,89.941162109375,38.03738784790039,4.453145503997803,32.65531921386719,14.53057861328125,19.92776870727539,9.934057235717773,17.654823303222656,-9.441967010498047,17.699108123779297,2.9049582481384277,12.41623592376709,-0.13894081115722656,13.241562843322754,-3.0650672912597656,12.782623291015625,3.2723684310913086,10.947417259216309,-1.4969656467437744,10.621975898742676,1.5704437494277954,9.44311809539795,2.396404504776001,10.742344856262207,0.4249902367591858,0.3128872811794281,2328.3253525938053,1137.4009677605445,2627.229475693976,609.0497034778957,4934.945159061775,2413.4154366262433,0.09669745005321208,0.09072237596777008,0.2372182309627533,0.16645750403404236,17.551806492849508,4.732007012767559,0.008501937196923765,0.09623204231579739,95.703125,hiphop
hiphop.00077.wav,-25.853546142578125,57.51153564453125,70.94636535644531,33.755393981933594,9.548489570617676,24.999961853027344,17.47974967956543,19.97618865966797,-1.6311874389648438,18.354015350341797,-0.5474362373352051,16.180015563964844,0.26069021224975586,13.044825553894043,-4.643626689910889,10.878168106079102,-0.5859256386756897,10.795125961303711,-3.0860729217529297,10.203506469726562,-2.4065418243408203,12.046710014343262,0.38653892278671265,9.073529243469238,-2.1581430435180664,8.84416389465332,0.46092817187309265,0.29550740122795105,2986.424482322364,972.5485708663354,2899.9735732795793,468.7235626581154,6403.169614242695,1892.3859476400528,0.13766243288022445,0.07940125650442796,0.23842552304267883,0.08487874269485474,17.09681458965169,4.575504072868909,0.036015078535741075,0.10276298832066047,117.45383522727273,hiphop
hiphop.00078.wav,-111.2291488647461,83.85087585449219,89.941162109375,38.03738784790039,4.453145503997803,32.65531921386719,14.53057861328125,19.92776870727539,9.934057235717773,17.654823303222656,-9.441967010498047,17.699108123779297,2.9049582481384277,12.41623592376709,-0.13894081115722656,13.241562843322754,-3.0650672912597656,12.782623291015625,3.2723684310913086,10.947417259216309,-1.4969656467437744,10.621975898742676,1.5704437494277954,9.44311809539795,2.396404504776001,10.742344856262207,0.4249902367591858,0.3128872811794281,2328.3253525938053,1137.4009677605445,2627.229475693976,609.0497034778957,4934.945159061775,2413.4154366262433,0.09669745005321208,0.09072237596777008,0.2372182309627533,0.16645750403404236,17.551806492849508,4.732007012767559,0.008501937196923765,0.09623204231579739,95.703125,hiphop
hiphop.00079.wav,-79.74996185302734,92.23021697998047,62.27511978149414,38.604103088378906,-5.1084465980529785,30.624521255493164,18.229969024658203,23.507394790649414,12.862356185913086,17.315185546875,-14.114572525024414,19.88479232788086,4.911667346954346,15.122671127319336,1.6750953197479248,14.721406936645508,-5.780055522918701,12.056768417358398,0.8144436478614807,11.736746788024902,-3.8078806400299072,9.99095344543457,2.012064218521118,9.163190841674805,3.414438247680664,9.110566139221191,0.4272741377353668,0.30251696705818176,3213.1475995725405,1188.1316910277942,2834.0488919453637,576.223708141719,6312.970159666457,2322.8472458219903,0.17240182976973684,0.0990537943228101,0.15468616783618927,0.06873540580272675,17.294466311768048,4.862689594857339,-0.01591087835671227,0.0920936518438441,103.359375,hiphop
hiphop.00080.wav,-64.00121307373047,42.4705696105957,50.8045654296875,25.731796264648438,6.60215950012207,22.13001251220703,27.830774307250977,15.973600387573242,6.633703708648682,13.783900260925293,0.2985534071922302,11.438693046569824,2.8219563961029053,10.89497184753418,3.21342134475708,9.866435050964355,0.16524189710617065,10.69967269897461,0.6103196144104004,8.685260772705078,0.09556545317173004,8.421452522277832,-5.067102909088135,8.205916404724121,2.6628100872039795,8.77295970916748,0.4035688638687134,0.3123247027397156,3377.342805929625,905.5306248219549,2996.5226327289342,369.1962600932496,6892.483322096314,1500.0483244954942,0.15500095237519348,0.08521252116440894,0.14134684205055237,0.02547849714756012,17.109184343613787,4.589187950738553,-0.007527720275976709,0.07704009106980836,95.703125,hiphop
hiphop.00081.wav,-216.06976318359375,70.84854125976562,122.55899047851562,23.079099655151367,0.9373159408569336,27.715181350708008,39.35661697387695,17.61355209350586,9.28821849822998,15.914775848388672,26.045793533325195,12.638853073120117,-4.027805805206299,13.137777328491211,18.25638198852539,10.476890563964844,-6.511410236358643,9.891801834106445,13.911773681640625,9.514298439025879,-3.0722880363464355,9.095380783081055,8.8768310546875,7.155268669128418,-4.358553409576416,7.630331993103027,0.5205853581428528,0.29350924491882324,1469.3760072038706,595.427806701437,1954.5243317193638,424.721358421507,3277.0468508126937,1626.1577132235054,0.05177973224651703,0.0340655774958351,0.08638297021389008,0.058228541165590286,19.462683251821804,8.095288093740905,-0.008507360813339639,0.08727434010143086,103.359375,hiphop
hiphop.00082.wav,-122.78052520751953,30.9614315032959,95.06128692626953,22.570796966552734,-29.363250732421875,16.99616241455078,46.78004455566406,10.978466033935547,-15.998560905456543,11.412782669067383,27.117586135864258,9.443744659423828,-13.113779067993164,11.114728927612305,20.25800323486328,9.740008354187012,-5.389464855194092,9.049091339111328,15.45925235748291,7.591432571411133,-6.909566879272461,8.25422191619873,15.645837783813477,7.614941120147705,-6.707096099853516,7.556241035461426,0.5036192536354065,0.28838232159614563,2290.107317796501,618.6366940039868,2181.5890272480765,242.8595318140598,4819.512523733794,940.7951666101752,0.11322947404702012,0.06968862347025029,0.1022820696234703,0.04614601284265518,19.58145460797314,9.008794678961864,-0.010943193267772872,0.06484226106597327,107.666015625,hiphop
hiphop.00083.wav,-122.01622772216797,43.06622314453125,89.59381866455078,19.95798110961914,-25.749513626098633,18.562440872192383,40.978492736816406,15.457910537719727,-4.280537128448486,13.535423278808594,27.573909759521484,11.872675895690918,-15.565974235534668,12.732246398925781,22.410400390625,10.52181339263916,-10.840677261352539,8.794215202331543,19.818462371826172,9.68681526184082,-8.638996124267578,8.833035469055176,19.100217819213867,8.70573902130127,-8.472635269165039,7.870273113250732,0.44792574644088745,0.29214948415756226,2368.0288949553296,559.9765796520634,2303.345664523038,260.2934405122717,5017.786324799245,1028.0078837397186,0.11085004776993033,0.05949677964130322,0.1106356829404831,0.05204169824719429,20.698745825381167,9.247149134069241,-0.009336292386529053,0.0968677135971574,103.359375,hiphop
hiphop.00084.wav,-214.3130340576172,64.96426391601562,100.31755065917969,40.49477767944336,-33.45656967163086,25.16500473022461,47.25948715209961,23.737991333007812,-8.953328132629395,19.42464256286621,12.991591453552246,18.58418846130371,-17.322505950927734,15.187782287597656,11.068474769592285,13.307435989379883,-11.724059104919434,13.013620376586914,8.812742233276367,11.111546516418457,-7.832299709320068,10.019124984741211,6.2648186683654785,9.320722579956055,-0.10495937615633011,9.946441650390625,0.5133563280105591,0.28872597217559814,2044.4018831699113,767.885329632279,1933.7322920186132,374.46997864131407,4075.008692313274,1371.8315909089674,0.10514864611551858,0.07075722774378784,0.06588638573884964,0.044810835272073746,19.19338136386057,8.47178485452294,0.0012186474842416908,0.03878421881995672,112.34714673913044,hiphop
hiphop.00085.wav,-114.30268859863281,39.849853515625,80.86408233642578,19.153135299682617,-18.181608200073242,19.838167190551758,50.66254806518555,14.017780303955078,-14.933624267578125,14.048144340515137,29.264699935913086,9.319245338439941,-20.05033302307129,9.929338455200195,18.588346481323242,9.001485824584961,-17.68691635131836,8.18967056274414,16.672950744628906,7.680023670196533,-11.416135787963867,7.542524337768555,16.29712677001953,7.669122219085693,-4.47333288192749,7.9429426193237305,0.47679850459098816,0.29706326127052307,2607.901477732147,552.168719023096,2392.1949496304064,233.51536583400167,5535.341528547068,804.8486810742642,0.1272399713380418,0.06848580563477694,0.1062111034989357,0.04412863403558731,20.525497383239152,9.867598180945663,0.022766065361225697,0.0781370274339813,112.34714673913044,hiphop
hiphop.00086.wav,-198.9750518798828,56.6098747253418,92.61563110351562,27.200611114501953,-19.535987854003906,19.55532455444336,39.54047775268555,19.696857452392578,-0.6448094248771667,17.19422149658203,33.591434478759766,12.95214557647705,-6.465564727783203,11.336396217346191,27.517139434814453,10.397577285766602,-2.4129979610443115,9.595840454101562,14.994362831115723,10.917262077331543,-2.9805147647857666,10.417505264282227,14.907301902770996,9.800419807434082,-3.387167453765869,9.315123558044434,0.4798392355442047,0.3004826009273529,2083.393807295725,666.0861683484418,2197.9591095089268,330.07168180765865,4478.756250907024,1324.9844813750751,0.0798679977747678,0.054212003302452946,0.0790502205491066,0.04246163368225098,20.130238509500717,8.547151831507898,-0.011167920453288769,0.08235747461426482,99.38401442307692,hiphop
hiphop.00087.wav,-168.3470916748047,53.234596252441406,70.93956756591797,16.545001983642578,-3.0408055782318115,19.96940040588379,54.825477600097656,11.123246192932129,-12.104619979858398,12.738066673278809,30.515268325805664,11.457880973815918,-1.5212910175323486,12.996946334838867,28.844463348388672,9.619659423828125,-8.925713539123535,10.517389297485352,18.759965896606445,7.156778812408447,-6.6007914543151855,8.995491981506348,14.602880477905273,6.3414177894592285,-3.575063705444336,6.964828014373779,0.5837966799736023,0.2674068212509155,2472.488643988058,714.3774531225263,2499.681708769723,248.3601454503585,5509.025021012722,1060.277632972436,0.08769334728134674,0.07454955775346428,0.10804735869169235,0.052359212189912796,19.17688779038751,9.489322911399771,-0.010222791034366284,0.06856246391011751,135.99917763157896,hiphop
hiphop.00088.wav,-89.86678314208984,44.8240852355957,79.76334381103516,19.01648712158203,-25.737308502197266,20.618301391601562,47.72638702392578,15.078652381896973,-10.019150733947754,13.820609092712402,31.556943893432617,13.265564918518066,-22.197519302368164,10.520953178405762,26.661226272583008,10.374539375305176,-10.976784706115723,9.49195384979248,18.823183059692383,9.333162307739258,-15.56501293182373,7.424923896789551,14.414715766906738,8.56598949432373,-10.038894653320312,7.839550018310547,0.46000930666923523,0.29249313473701477,2694.9757203214963,524.813573088153,2389.2350164364775,222.65350743252193,5600.091137015044,833.6126571987041,0.14991216984326625,0.05604475089565262,0.11859050393104553,0.04193126782774925,20.695285685319543,10.190362469641864,-0.012103906376606174,0.060177697774455474,117.45383522727273,hiphop
hiphop.00089.wav,-103.13826751708984,41.34506607055664,74.09022521972656,19.923952102661133,-22.43463897705078,17.707704544067383,51.60478973388672,11.635200500488281,-7.079813480377197,11.927184104919434,32.67097473144531,8.473226547241211,-14.993523597717285,8.22132682800293,19.642501831054688,7.957322120666504,-7.071233749389648,7.774575710296631,22.27215003967285,6.716801643371582,-7.324058532714844,7.727669715881348,17.611780166625977,6.731165885925293,-0.045685261487960815,8.058330535888672,0.49831193685531616,0.29515236616134644,2670.154564498446,581.6749314015085,2396.6483338279327,266.1471671208644,5527.058245301616,967.5928007946957,0.11762400529702012,0.058755908846497555,0.12070812284946442,0.04421878233551979,20.77165315189519,9.801632017145266,0.017605420242737483,0.07706538195060211,123.046875,hiphop
hiphop.00090.wav,-109.5091781616211,30.750669479370117,97.38956451416016,15.719460487365723,-20.61962127685547,14.97101879119873,37.36667251586914,11.362642288208008,-3.12599778175354,11.096057891845703,28.611204147338867,8.866918563842773,-14.169424057006836,11.387832641601562,23.862112045288086,8.5574369430542,-8.736170768737793,8.883478164672852,19.89246368408203,7.751761436462402,-11.298630714416504,7.67173957824707,17.9396915435791,7.13558292388916,-3.482387065887451,7.060574054718018,0.4824310541152954,0.29367032647132874,2272.8344394005203,471.6133962946825,2327.2378038657807,228.6434811442006,4965.044977052293,975.9180172328696,0.10450163566660217,0.04792195262566319,0.10910199582576752,0.04222762584686279,20.255313701831792,9.386840514443831,0.009686702328661563,0.06851399990016095,151.99908088235293,hiphop
hiphop.00091.wav,-105.56951141357422,45.57163619995117,76.67491149902344,18.518346786499023,-24.77430534362793,20.011499404907227,55.19898986816406,14.184109687805176,-8.257658004760742,14.802141189575195,28.89926528930664,11.29841136932373,-15.747581481933594,11.99138355255127,26.304574966430664,10.340538024902344,-8.491438865661621,9.736746788024902,20.45464324951172,9.035247802734375,-8.151382446289062,9.34999942779541,13.922347068786621,8.919997215270996,-6.56631326675415,8.355463027954102,0.5337823629379272,0.2713935077190399,2628.9767336632103,510.77867525020974,2350.956242233718,227.70497127744983,5411.725609368953,801.8090006289567,0.1385550956607972,0.06432433103985193,0.11357302963733673,0.043359823524951935,19.982924328501763,9.921381757450666,-0.01767829302228167,0.04747568400000192,103.359375,hiphop
hiphop.00092.wav,-144.99234008789062,43.784420013427734,84.06177520751953,16.755924224853516,10.8482027053833,21.109895706176758,43.60133361816406,13.643213272094727,6.281899452209473,18.862417221069336,36.12910842895508,10.895155906677246,-14.66227912902832,11.467673301696777,26.80546760559082,10.577125549316406,-10.336030006408691,8.852645874023438,24.696184158325195,8.757903099060059,-8.724149703979492,8.127778053283691,18.79265022277832,7.464365482330322,-4.396879196166992,9.774980545043945,0.477782666683197,0.28632304072380066,2330.8396284977375,526.0419075507376,2664.205681426961,264.6224846138205,5837.598034176664,1075.9473766308565,0.07263901654411764,0.03913107712171369,0.1225644126534462,0.039850909262895584,20.88818959333961,9.48164175860641,0.007586712169849052,0.06607919923528871,112.34714673913044,hiphop
hiphop.00093.wav,-191.63844299316406,57.4901237487793,41.31780242919922,20.094310760498047,4.992499351501465,21.159530639648438,65.46561431884766,14.867856979370117,-4.320229530334473,14.511747360229492,42.641536712646484,11.645108222961426,-12.253161430358887,10.807992935180664,23.81720733642578,9.105278968811035,-4.273260116577148,9.860631942749023,16.039920806884766,9.371858596801758,-5.085684299468994,9.894495964050293,16.431041717529297,8.639559745788574,-9.372978210449219,7.718070983886719,0.47652143239974976,0.2823701500892639,3185.1421645019136,653.3334091803284,2603.5388708639575,169.9172361804653,6277.937038173616,551.6452976044718,0.15219749238099844,0.07451131650185373,0.0672345831990242,0.04422604292631149,21.115757390194137,9.288020573884578,0.010391626682636884,0.07562079969756229,117.45383522727273,hiphop
hiphop.00094.wav,-169.93531799316406,53.41835021972656,98.0576171875,26.386795043945312,-11.31148910522461,20.152929306030273,38.26552200317383,16.19499397277832,5.069619178771973,17.50447654724121,25.395584106445312,14.910469055175781,-11.830673217773438,13.363025665283203,25.108501434326172,10.195469856262207,-5.5583882331848145,12.106992721557617,19.205223083496094,9.554750442504883,-2.9109883308410645,9.766229629516602,18.213062286376953,9.115160942077637,6.105380535125732,9.412605285644531,0.45894211530685425,0.29882505536079407,1929.5861395660595,557.4955017550604,2249.2447287206037,362.9247584562249,4411.223325936049,1411.8507940349475,0.054190904363390094,0.031067624946908803,0.11071186512708664,0.03650249168276787,21.001216665650357,8.556540825458523,-0.004907658251444007,0.06446020852854903,151.99908088235293,hiphop
hiphop.00095.wav,-92.59165954589844,37.595008850097656,77.41268157958984,19.051870346069336,-32.756370544433594,17.202415466308594,54.59611892700195,11.704946517944336,-13.19919490814209,9.310589790344238,33.656280517578125,9.095370292663574,-12.085771560668945,8.92038345336914,28.01538848876953,8.256363868713379,-11.966781616210938,7.742746829986572,18.829349517822266,7.144256114959717,-6.670477390289307,6.833347320556641,13.036639213562012,5.459717750549316,-7.021347522735596,5.7338056564331055,0.5623586773872375,0.26078125834465027,2735.79580212033,529.2709606822581,2295.456105176156,225.61724004292967,5419.742227560227,813.763847412755,0.15760335538409442,0.053788006120084185,0.10348284989595413,0.04232817143201828,19.42011196762002,10.120609247044369,0.003573819972459425,0.04637485552680815,112.34714673913044,hiphop
hiphop.00096.wav,-128.1535186767578,47.084938049316406,124.58419799804688,21.48150634765625,-37.20049285888672,20.380916595458984,43.89212417602539,16.37689208984375,-12.789881706237793,18.150007247924805,18.988998413085938,13.088835716247559,-9.285406112670898,11.795626640319824,19.7816104888916,9.452630043029785,-6.878118515014648,9.39274787902832,13.477492332458496,8.305254936218262,-5.979897975921631,7.955660343170166,12.329025268554688,7.465389728546143,-4.652768611907959,7.420414924621582,0.42474794387817383,0.295850932598114,1752.0147471390123,402.5986833623539,1811.3360784876797,262.2465695757259,3488.9455694901317,850.9790566715749,0.08312648147252322,0.03025657754202929,0.1108260229229927,0.03707975894212723,19.688190537747534,8.193277567671146,0.015517695424673258,0.0574259044839935,107.666015625,hiphop
hiphop.00097.wav,-111.1899642944336,34.67323684692383,80.63883209228516,20.337034225463867,-0.875960111618042,15.760802268981934,50.617801666259766,13.725480079650879,-13.474104881286621,14.697982788085938,35.325801849365234,9.267009735107422,-14.840683937072754,9.719267845153809,21.19380760192871,9.48096752166748,-13.577967643737793,7.371089935302734,19.628597259521484,7.98642635345459,-11.768654823303223,8.071839332580566,16.968807220458984,8.647623062133789,-9.362855911254883,7.541147232055664,0.4738047122955322,0.29113876819610596,2581.727525217468,589.0953867445974,2526.2174649347,199.13393365466175,5731.648674837945,786.4871716699448,0.11598796076818886,0.06468443705546123,0.11850105226039886,0.04175104945898056,20.944499584462577,9.921718836656336,0.03096794021603829,0.07645596913233116,151.99908088235293,hiphop
hiphop.00098.wav,-129.95169067382812,43.88478469848633,72.02136993408203,20.23504066467285,-23.253374099731445,19.99310302734375,63.23063659667969,16.715961456298828,-6.87346887588501,13.362683296203613,34.40077209472656,11.790064811706543,-12.189913749694824,11.19896125793457,30.506071090698242,8.66392993927002,-7.582158088684082,9.530694007873535,20.6044979095459,7.500542640686035,-6.197449207305908,8.046960830688477,14.683234214782715,7.843544960021973,-2.9395952224731445,8.317755699157715,0.5335046052932739,0.275571346282959,2538.2434921295203,552.9533027818932,2341.4445993119357,221.31909180540984,5353.284296088913,793.6124120742023,0.10066983721942724,0.060083712715288694,0.11897746473550797,0.04645991325378418,20.385923855750356,9.691861401260287,-0.0061997335166384185,0.06811511935890559,107.666015625,hiphop
hiphop.00099.wav,-138.7483367919922,60.825477600097656,100.20922088623047,39.58819580078125,-31.457195281982422,32.40886688232422,32.44475555419922,23.60070037841797,-2.777036666870117,17.84099006652832,13.111023902893066,17.90833854675293,-14.5094575881958,15.133062362670898,13.948756217956543,14.013211250305176,-15.169027328491211,14.445016860961914,8.20479679107666,12.359145164489746,-4.920586109161377,11.716835975646973,3.523158311843872,11.12086009979248,-7.980302333831787,10.486010551452637,0.4309518039226532,0.3083098232746124,1963.1932861624273,822.2186569944605,1917.2885221655051,360.66605370665656,3798.86869542739,1474.8173202163366,0.1015708143866099,0.0660666895657862,0.1537395864725113,0.12210287898778915,20.661164435478003,8.734438959899576,0.025434099841382632,0.07145784940181014,107.666015625,hiphop
jazz.00000.wav,-251.99102783203125,110.23336791992188,137.88876342773438,38.29273223876953,-11.156676292419434,27.04418182373047,8.355846405029297,10.955053329467773,0.7175980806350708,10.834595680236816,1.5888837575912476,7.297317028045654,-3.736992120742798,7.502445220947266,-4.138826370239258,6.186864376068115,-5.510426044464111,6.599472522735596,-2.6428098678588867,6.12477445602417,-3.5355749130249023,6.563594818115234,-3.145066499710083,7.690278053283691,-1.8456103801727295,6.619095802307129,0.34449321031570435,0.2915290892124176,1504.4850155324564,744.7313239492752,1754.5156757138323,532.6608703764779,2800.499732427922,1638.9394682243778,0.07846437814434984,0.0494446034440216,0.04676249250769615,0.039286356419324875,17.937136075934404,4.123864163169165,0.04080656696599888,0.1258810842690827,123.046875,jazz
jazz.00001.wav,-345.7681884765625,100.60261535644531,146.9813995361328,35.91069793701172,-0.49109604954719543,22.84457015991211,22.63897132873535,11.60735034942627,5.818591594696045,9.836402893066406,10.342899322509766,7.394784927368164,-0.1702681928873062,7.331482887268066,-1.7211475372314453,7.553924560546875,-6.119700908660889,6.853715419769287,-0.513458251953125,6.948243141174316,1.0318328142166138,7.216238021850586,1.2220971584320068,6.80198860168457,-1.9446278810501099,8.026570320129395,0.32815513014793396,0.2941989600658417,1266.346201396591,549.6303879927284,1691.3184537804075,466.36336390827563,2410.285425333785,1334.427638729224,0.0592777972619969,0.03278287404369276,0.022791113704442978,0.01546255312860012,18.69603911424755,4.527130749070735,-0.008148376523225935,0.11474337903123479,135.99917763157896,jazz
jazz.00002.wav,-257.0179748535156,79.8478775024414,175.31582641601562,34.87602233886719,-44.81547164916992,32.90854263305664,25.66323471069336,20.111507415771484,-4.256741523742676,15.329546928405762,-0.22128815948963165,10.609451293945312,-11.32312297821045,9.70838451385498,-9.186279296875,8.588814735412598,-4.099931716918945,9.279309272766113,-8.300054550170898,10.31335735321045,-22.553421020507812,9.955556869506836,-7.608668804168701,8.433736801147461,-7.653321743011475,7.590219497680664,0.2676277160644531,0.2897498905658722,1064.8215157992543,401.4757520134904,1050.3378104695198,249.26470789105304,1896.0802013290925,699.186890626153,0.0578726659249226,0.030455296666549118,0.08082735538482666,0.0315098874270916,25.91860549466531,5.502625970393021,-0.044910512287847995,0.24222691761014156,151.99908088235293,jazz
jazz.00003.wav,-297.2326965332031,99.31298065185547,193.094482421875,29.569679260253906,10.13585376739502,33.58028793334961,-1.604259729385376,15.96861457824707,3.403754949569702,12.075494766235352,9.997605323791504,10.171669006347656,-7.269056797027588,12.015542030334473,4.690434455871582,8.853388786315918,-5.398844242095947,9.399713516235352,-2.8661932945251465,9.483948707580566,-10.235335350036621,7.145853042602539,0.3849239647388458,10.044788360595703,-4.966054916381836,8.527117729187012,0.31936442852020264,0.2846587598323822,813.4386379736914,304.7608395053362,1059.1794282123242,468.751456925707,1417.2080970031927,661.7235166311339,0.04467433303502322,0.014439982353072539,0.05947569012641907,0.03603387996554375,22.16960743672633,6.102948494273448,-0.019720116442038905,0.1924796369431722,92.28515625,jazz
jazz.00004.wav,-270.31201171875,54.027610778808594,137.554931640625,23.357013702392578,5.622032642364502,18.5727596282959,42.50809860229492,14.84041690826416,-7.959412097930908,13.267717361450195,9.935898780822754,10.185858726501465,-6.823992729187012,9.040264129638672,8.244322776794434,7.446126461029053,-6.1889543533325195,7.140335559844971,5.46956205368042,7.269262790679932,-5.445732116699219,7.537187099456787,-5.178623199462891,9.076937675476074,-6.994631767272949,8.804909706115723,0.1717699021100998,0.28741732239723206,1039.7104745190281,349.8797910410114,1422.1939175608409,277.3671991908017,1838.4972161921924,956.7873333672446,0.04776879656056501,0.022850390729666232,0.10872480273246765,0.04666546732187271,26.10804545206113,6.075831301860888,0.04025557563894519,0.23701968531005116,64.599609375,jazz
jazz.00005.wav,-246.32089233398438,95.82476806640625,120.20308685302734,27.766132354736328,-0.9341651797294617,29.840850830078125,30.68938636779785,14.219483375549316,0.191153421998024,17.242389678955078,23.146516799926758,10.239330291748047,0.42938441038131714,12.996917724609375,9.1720552444458,9.020244598388672,-0.5738321542739868,12.380837440490723,5.722522258758545,13.630476951599121,-3.756934881210327,11.486307144165039,4.231671333312988,13.592264175415039,-0.2793735861778259,14.411123275756836,0.2482777237892151,0.31050729751586914,1267.9899185341335,535.3148862777518,1546.105463680024,486.4486434318157,2486.184966379644,1365.0361311315196,0.057861328125,0.03011651735651277,0.1074972003698349,0.047268979251384735,24.374923312717776,7.683451349222172,-0.025517861827522696,0.16165409329134645,107.666015625,jazz
jazz.00006.wav,-234.3426055908203,80.10955047607422,142.72239685058594,37.268489837646484,-14.277185440063477,24.647953033447266,51.92306137084961,19.2924747467041,-8.200179100036621,14.051302909851074,12.773935317993164,11.241920471191406,-4.295217990875244,14.066290855407715,12.082511901855469,10.91726303100586,-13.723852157592773,10.269954681396484,-1.5506783723831177,8.17553424835205,-3.98176646232605,10.17769718170166,4.937513828277588,8.11202335357666,-3.9372153282165527,7.42771053314209,0.274871826171875,0.30352720618247986,1220.0295209430099,515.1181582305816,1459.4988051035366,373.49119698899034,2416.877052141786,1119.810069929115,0.04806244557856037,0.026358784312991452,0.09855766594409943,0.036857180297374725,24.172133372014514,6.698198735145085,-0.031109321528913454,0.18201551730089394,135.99917763157896,jazz
jazz.00007.wav,-291.96649169921875,50.42121124267578,137.6410675048828,30.13917350769043,2.6701066493988037,24.249839782714844,35.63743591308594,12.143350601196289,-12.31061840057373,10.982638359069824,15.607240676879883,9.223023414611816,-6.798582553863525,9.683832168579102,-2.8389623165130615,8.012535095214844,-3.790432929992676,7.929474353790283,-3.4771761894226074,11.39363956451416,-1.725541353225708,13.282232284545898,10.397662162780762,15.959765434265137,8.311189651489258,14.054586410522461,0.19719190895557404,0.30288541316986084,1170.156796160003,346.35142393531186,1355.8759398892728,245.63410967635437,1958.7548223442338,834.5950648150078,0.06483445300406347,0.02659780258129316,0.09373166412115097,0.04730783402919769,25.657314743169582,7.306094964941944,-0.034015829476453166,0.26143912547818354,61.5234375,jazz
jazz.00008.wav,-189.9169464111328,55.41836929321289,134.41616821289062,22.86420249938965,-25.677438735961914,27.603986740112305,45.74530029296875,11.06277084350586,8.189717292785645,12.523463249206543,21.450271606445312,9.983136177062988,-4.584380149841309,11.18154525756836,14.39094066619873,11.544103622436523,-12.6600923538208,9.334875106811523,10.280643463134766,8.74341106414795,-7.941570281982422,8.33890151977539,-1.1395623683929443,7.561319828033447,-5.0479888916015625,7.056784152984619,0.3573947548866272,0.3044085204601288,1304.6853072764807,417.57881960296015,1636.55007405309,343.62988870913875,2724.4335257232005,1032.7008956376712,0.04627485245743034,0.025773536084823228,0.11859104782342911,0.03747428208589554,23.20490900239331,7.040946801276871,0.011344077890916517,0.14499422534740988,107.666015625,jazz
jazz.00009.wav,-296.6781005859375,36.09981155395508,172.37864685058594,20.057222366333008,16.86704444885254,15.551106452941895,18.952924728393555,10.18989086151123,1.3671668767929077,9.895061492919922,14.381316184997559,9.271551132202148,0.9986541867256165,9.513978004455566,9.520248413085938,7.931603908538818,-7.417555332183838,8.54473876953125,3.521702766418457,6.9998674392700195,-7.6593427658081055,7.52294397354126,-0.10418455302715302,7.657242298126221,-7.962855815887451,9.971729278564453,0.26689672470092773,0.29961031675338745,749.3568923103393,213.99919239210732,1211.0045035687272,295.41179139717093,1133.701477995598,480.10929054713705,0.03169028456366099,0.01169198518874115,0.08535763621330261,0.027148548513650894,23.52858476518194,5.662483984825525,-0.01489333769832193,0.22641802606168598,107.666015625,jazz
jazz.00010.wav,-318.8001708984375,107.95218658447266,162.651611328125,23.604887008666992,-16.452932357788086,54.08085250854492,39.11607360839844,16.399446487426758,31.45794105529785,14.12490177154541,15.257576942443848,11.507184982299805,-0.6891269683837891,9.255611419677734,5.795026779174805,8.896050453186035,-8.640235900878906,13.226605415344238,-4.003876209259033,9.94040584564209,1.3734984397888184,7.02048397064209,0.09258098155260086,6.392923831939697,-3.0869429111480713,6.85998010635376,0.3297717273235321,0.3023778200149536,829.297629003448,413.6715429752409,1037.7963033485537,254.47903214145967,1553.5656058013255,849.4315944154771,0.033065559694272446,0.021363335641882263,0.06413749605417252,0.04064294695854187,23.618324864827915,5.665391979593885,0.054416708526522056,0.23418545961882112,112.34714673913044,jazz
jazz.00011.wav,-192.51739501953125,41.597618103027344,113.1836929321289,17.548837661743164,-6.373058319091797,19.113462448120117,39.59309387207031,8.93784236907959,-9.189579010009766,6.879241466522217,17.204055786132812,7.061281681060791,-19.114599227905273,7.371097564697266,12.203581809997559,6.413070201873779,-15.4758882522583,6.277638912200928,9.702116966247559,5.869060516357422,-10.961740493774414,5.885514736175537,12.922776222229004,6.86904239654541,-7.292178153991699,6.201135158538818,0.30020931363105774,0.29711851477622986,1825.9751750083572,360.71775229630003,2107.9239766328146,315.1554986593038,4011.4924097208786,1089.872148997144,0.07692054772155572,0.026831269059045988,0.07116985321044922,0.03199496865272522,22.34318394624899,7.981735862253027,0.03941448688037742,0.13200081168856448,99.38401442307692,jazz
jazz.00012.wav,-253.2285919189453,48.46269989013672,122.68326568603516,19.01478385925293,-5.654043674468994,22.825359344482422,40.59252166748047,9.813608169555664,-5.846395492553711,8.11190414428711,18.4277400970459,7.994233131408691,-16.653337478637695,7.039445400238037,14.598944664001465,7.44796895980835,-15.162858963012695,6.37531852722168,8.216917991638184,6.510787010192871,-13.890626907348633,6.293905735015869,8.282560348510742,7.181580543518066,-7.312088966369629,5.894481658935547,0.36379891633987427,0.2874792218208313,1651.0000253804194,346.19754680806545,2040.7692527060574,324.0484708191712,3659.5112047697367,1095.7712456214929,0.06369991715847523,0.02166720355284784,0.03751090168952942,0.01654662936925888,21.28973607985704,6.974947856343342,0.021652575958144373,0.13242455588761443,112.34714673913044,jazz
jazz.00013.wav,-217.64451599121094,29.847909927368164,112.63787078857422,11.771240234375,12.686546325683594,11.044387817382812,39.54150390625,7.816120147705078,-9.824912071228027,7.174605846405029,17.383014678955078,7.171975612640381,-12.365174293518066,7.284144401550293,20.717960357666016,8.97169017791748,-18.302825927734375,8.43867015838623,16.355810165405273,7.17816162109375,-10.025547981262207,7.686995983123779,9.036938667297363,9.330910682678223,-6.899486541748047,8.699759483337402,0.31439632177352905,0.29820117354393005,1790.006149597724,296.5909194274686,2312.900589587571,221.42563442928517,4398.04840560299,970.8948977120622,0.061073326843072755,0.017872258389557135,0.05548190325498581,0.01762709952890873,21.003852076948693,8.04506981899444,0.021908657454486176,0.09310089509025939,99.38401442307692,jazz
jazz.00014.wav,-358.30572509765625,71.9879150390625,137.95895385742188,31.658592224121094,-11.000713348388672,23.68903923034668,20.8516902923584,18.579925537109375,1.9473580121994019,11.774606704711914,-3.4139952659606934,11.451895713806152,-11.520308494567871,10.643871307373047,-3.2774691581726074,7.995310306549072,-11.0208158493042,8.515541076660156,-8.386406898498535,7.065680027008057,-7.478809833526611,9.01841926574707,-1.0018492937088013,8.457784652709961,-6.738014221191406,9.890514373779297,0.19868673384189606,0.29087692499160767,1171.7778494695315,408.9882868262025,1277.735415211645,260.7567486550626,2018.9377917593847,790.040266633287,0.06494254002999227,0.03403276585787961,0.03929365798830986,0.03197367116808891,23.88010104312566,6.439892631308588,0.06942599990052796,0.2564030619509396,129.19921875,jazz
jazz.00015.wav,-200.01402282714844,42.742088317871094,117.22406768798828,18.093679428100586,-12.37673282623291,21.946842193603516,39.10684585571289,9.748119354248047,-6.360408782958984,7.630697250366211,16.52885627746582,7.606000900268555,-17.306795120239258,7.964917182922363,13.629066467285156,7.123589038848877,-17.661602020263672,6.034303665161133,14.030025482177734,7.168374538421631,-10.206363677978516,6.183822154998779,12.177011489868164,6.848249435424805,-6.719635963439941,5.961291313171387,0.3329557180404663,0.3014887571334839,1782.4772448641631,318.48039083256566,2061.994476113513,300.86867078708707,3812.5852791517514,973.6895290097531,0.07357060577109133,0.025324927976429722,0.062368374317884445,0.024967893958091736,21.636619393061427,7.803406574898943,0.023378730441444444,0.10498163112328164,117.45383522727273,jazz
jazz.00016.wav,-259.82958984375,52.810176849365234,123.20835876464844,25.866270065307617,-6.411299705505371,19.132644653320312,37.57597351074219,13.564616203308105,-2.9846901893615723,9.069416046142578,13.062032699584961,10.428502082824707,-14.093770027160645,9.281755447387695,5.306913375854492,8.536202430725098,-11.979528427124023,8.698792457580566,3.5143046379089355,7.249609470367432,-9.639545440673828,7.292675971984863,5.340486526489258,8.226058006286621,-7.840780258178711,7.766355991363525,0.2494862973690033,0.29596447944641113,1465.516121696498,378.50197520493487,1738.2788798895242,241.8552334417799,2820.98294190209,858.5814602149944,0.06986427897639319,0.0350008076259884,0.06058981642127037,0.03571416065096855,23.93813790783748,7.0734566333620625,0.006553782854246751,0.22086003373027133,73.828125,jazz
jazz.00017.wav,-233.09597778320312,57.7197265625,105.91777801513672,22.852731704711914,-2.676614284515381,19.853483200073242,37.433624267578125,8.871369361877441,-8.178378105163574,7.7875566482543945,15.727415084838867,7.083285808563232,-15.066481590270996,8.545632362365723,8.377423286437988,7.273684978485107,-16.380409240722656,8.718862533569336,8.63088321685791,7.305486679077148,-9.384078025817871,6.869929313659668,7.093085765838623,8.0752592086792,-5.999111652374268,8.205280303955078,0.3453314006328583,0.3035314977169037,1934.517120777341,528.0953098783484,2187.091434344433,339.14375379558606,4327.598831601926,1286.1296621182523,0.08418656576528638,0.04044397175385996,0.049848224967718124,0.030662378296256065,20.437207118529972,7.945100308115089,-0.006379835041614674,0.12512563071818397,215.33203125,jazz
jazz.00018.wav,-192.12538146972656,23.701751708984375,105.58748626708984,11.732410430908203,-26.0310115814209,14.541391372680664,40.159423828125,7.88173770904541,-6.6549787521362305,6.154463291168213,26.4967041015625,4.86285924911499,-10.388105392456055,5.646692276000977,18.469722747802734,5.945068836212158,-13.995582580566406,5.245722770690918,14.937352180480957,5.138611316680908,-12.686880111694336,5.001977920532227,9.585426330566406,5.3915910720825195,-5.195147514343262,6.1772356033325195,0.3534085154533386,0.29627010226249695,1992.9408896772322,253.91093019362094,2126.9618689886815,189.69942024959857,4247.190984483843,630.6126287905032,0.0877088422745743,0.02592100700553312,0.052224621176719666,0.017741767689585686,22.081850220528487,7.3974712525702335,0.04889220960561685,0.09078150228816907,103.359375,jazz
jazz.00019.wav,-267.28662109375,38.46763229370117,129.05224609375,21.40841293334961,-14.737059593200684,19.158552169799805,41.268768310546875,11.46516227722168,-1.014971137046814,8.337295532226562,22.953378677368164,7.073585510253906,-8.132359504699707,5.746166229248047,11.17974853515625,6.478626728057861,-9.07357406616211,6.345249652862549,11.3184232711792,6.211798667907715,-5.499914169311523,7.315953731536865,13.5791015625,9.036242485046387,-1.1755173206329346,7.393698215484619,0.24802599847316742,0.29550299048423767,1352.9901253634762,297.79498727056233,1714.8797848748588,255.9607436757117,2713.2835931453174,808.4860525313574,0.05548416940789474,0.01969036391144513,0.05020084232091904,0.01649579592049122,23.29526992682135,6.134815546786542,0.01678381123005454,0.1598477222471059,184.5703125,jazz
jazz.00020.wav,-376.69403076171875,57.56380081176758,119.16358184814453,19.806241989135742,-2.9616615772247314,20.972692489624023,48.508880615234375,9.627694129943848,13.156193733215332,10.315732955932617,21.244487762451172,9.148233413696289,0.012301229871809483,9.384360313415527,8.008127212524414,7.2847819328308105,-0.41269516944885254,9.78470516204834,2.3665778636932373,7.048622131347656,-0.03935619443655014,8.031977653503418,0.8969519734382629,6.087492942810059,1.6664360761642456,7.513460159301758,0.2893334627151489,0.3222781717777252,1171.3008454419294,341.6965319089031,1677.797951082974,285.3905243151153,2580.0593987337943,926.2087605925369,0.03297183388157895,0.022543183579161824,0.02712356299161911,0.016731685027480125,20.745089555941856,6.106535234011323,0.024248492211678453,0.20467596253538048,107.666015625,jazz
jazz.00021.wav,-174.7040252685547,37.07228088378906,75.89945220947266,26.102462768554688,-12.792850494384766,16.54205894470215,52.60661697387695,8.339427947998047,-29.416118621826172,7.666306018829346,22.748615264892578,6.854839324951172,-22.366758346557617,7.494396209716797,18.63333511352539,5.577606678009033,-24.70472526550293,6.760249614715576,21.16802406311035,6.461887836456299,-13.802682876586914,5.224247455596924,13.009406089782715,5.660113334655762,-7.859887599945068,5.113012313842773,0.43288734555244446,0.29502540826797485,2915.1352677290415,682.9600964133042,2420.4740701281185,235.43877668149506,5865.106201171875,1033.4800400056104,0.1813991298616486,0.0860108218836192,0.04796375706791878,0.020291056483983994,20.701308641808318,9.440166261191937,5.1749504287549194e-05,0.0985922575406042,123.046875,jazz
jazz.00022.wav,-298.8079528808594,39.40434646606445,112.0782241821289,19.76350975036621,6.485770225524902,17.920204162597656,28.386516571044922,10.287582397460938,-6.764679431915283,10.054159164428711,16.651893615722656,7.867063045501709,-11.809683799743652,9.06047534942627,12.746783256530762,6.992649078369141,-8.347038269042969,6.883856296539307,13.898632049560547,8.018266677856445,-4.235764026641846,10.581263542175293,2.319571018218994,11.246447563171387,-4.326794147491455,10.997579574584961,0.20151571929454803,0.2950797975063324,1451.4983709587166,428.90120994390264,1919.917650603205,352.3689732659773,3046.0899140443594,1356.883720998372,0.05122229041698916,0.02508611207624593,0.05049276724457741,0.027137206867337227,24.225544110427414,6.718412453507598,-0.0024569286252749873,0.2131678531278034,129.19921875,jazz
jazz.00023.wav,-188.1099090576172,40.359073638916016,98.63330841064453,23.243356704711914,-11.278643608093262,13.229331970214844,47.217750549316406,9.40588092803955,-20.33315086364746,8.030155181884766,18.78586769104004,5.867223739624023,-15.79450511932373,7.109494686126709,13.689794540405273,7.059954643249512,-15.455809593200684,7.7427239418029785,17.430904388427734,7.903151988983154,1.0143802165985107,9.798504829406738,18.283552169799805,9.909905433654785,4.647218227386475,10.817212104797363,0.2207791954278946,0.30337220430374146,1987.9269514759108,467.2354143521292,2100.022545349878,268.1541917031124,4315.765569822707,1047.476429734119,0.08007358988003097,0.030433425990363205,0.08783356100320816,0.029748106375336647,23.039343913840213,8.339942365174199,-0.015015999467828204,0.18327183912352005,86.1328125,jazz
jazz.00024.wav,-202.60838317871094,54.82160949707031,105.84573364257812,26.037931442260742,-20.537837982177734,22.942150115966797,43.8979606628418,13.088403701782227,-14.272346496582031,9.330667495727539,25.29953956604004,7.018611907958984,-15.592005729675293,8.288448333740234,15.311660766601562,7.86251163482666,-13.29472541809082,7.675352573394775,12.276097297668457,7.875560283660889,-8.764145851135254,8.022109985351562,10.158416748046875,7.724696159362793,-1.8681050539016724,8.063815116882324,0.34920045733451843,0.30778756737709045,2034.579158061201,560.9488056184325,2084.7063147288427,370.02569665871465,4342.948738783137,1252.8895795161889,0.0932473575367647,0.051010784801549636,0.05885065719485283,0.0289144366979599,21.383179864790375,7.930710924705195,0.010944867932990106,0.13669561185111015,103.359375,jazz
jazz.00025.wav,-237.66241455078125,59.1884880065918,108.30335998535156,19.60094451904297,2.039982318878174,20.306901931762695,41.77372741699219,11.93283462524414,-10.451949119567871,10.282127380371094,16.930843353271484,7.585878849029541,-8.600078582763672,7.054344177246094,12.785670280456543,6.941318035125732,-9.114532470703125,7.535332202911377,15.938528060913086,9.757930755615234,-6.518535137176514,9.708759307861328,7.173824310302734,9.970409393310547,-8.253262519836426,10.259628295898438,0.2678039073944092,0.31532585620880127,1698.069097537734,404.60642314365145,2065.891508081712,321.27975611467707,3806.2603173979296,1117.501456735062,0.0636243318256579,0.027135422933206903,0.06936076283454895,0.03808153420686722,22.523823376459365,7.688774358512119,-0.002681793528463194,0.13683192750439524,103.359375,jazz
jazz.00026.wav,-414.1497802734375,65.87725830078125,104.8441390991211,33.49357986450195,-7.821512699127197,30.22801399230957,37.875396728515625,13.197700500488281,0.21377874910831451,14.9534330368042,23.427854537963867,11.536473274230957,-7.274100303649902,9.729338645935059,5.76659631729126,9.746100425720215,-1.0599749088287354,9.317731857299805,8.49860668182373,7.193994998931885,-5.4900288581848145,7.047461986541748,0.8940593004226685,7.056588649749756,-1.463813066482544,9.448453903198242,0.20186246931552887,0.30881693959236145,1367.4115371823048,650.1577434345613,1638.8353781037429,485.8579916732482,2631.8257523764028,1604.70216244515,0.05863569985971362,0.05430676235996627,0.03192383050918579,0.017736924812197685,25.334079917784287,6.572122422953327,-0.04106755017611083,0.230573210161087,151.99908088235293,jazz
jazz.00027.wav,-262.1243896484375,44.280792236328125,108.98235321044922,15.10141372680664,-6.3325514793396,20.109628677368164,55.18973922729492,7.515153884887695,-10.662286758422852,7.411599159240723,18.535446166992188,7.505184650421143,-4.250916481018066,6.425588130950928,18.56122398376465,5.443467140197754,-19.70691680908203,8.230822563171387,17.5748291015625,5.741746425628662,-10.982369422912598,5.909887790679932,11.932400703430176,5.8015360832214355,-3.4279112815856934,6.223699569702148,0.3252892792224884,0.3085501790046692,1769.401598572535,326.05190991992293,2113.48363433267,275.60985990813356,3966.7260137504836,821.6044566850165,0.0626534382256192,0.02596363851920037,0.040597181767225266,0.015845680609345436,21.39716037056383,7.382122153812818,0.02321699550531662,0.10288553591066431,143.5546875,jazz
jazz.00028.wav,-233.75851440429688,45.52638244628906,108.46988677978516,16.08009910583496,-10.714609146118164,21.395265579223633,38.699588775634766,12.186407089233398,-10.764274597167969,7.524271488189697,14.162391662597656,8.842315673828125,-16.25852394104004,6.198850154876709,10.371634483337402,5.875494956970215,-20.81631851196289,5.8749799728393555,10.0704984664917,6.23856258392334,-12.02409839630127,7.414477348327637,7.765773296356201,7.528651714324951,-12.021536827087402,7.862729549407959,0.27644315361976624,0.29587820172309875,1853.5659404817295,333.37656018202057,2095.722266921797,313.89751374313477,4029.633966688032,1010.6553086499464,0.07490468689531733,0.02379235314116334,0.04876968637108803,0.02467406913638115,22.988033417659537,7.359297215730348,0.010663771870978809,0.14539364120273937,99.38401442307692,jazz
jazz.00029.wav,-232.9984588623047,36.02605056762695,93.82678985595703,18.29436683654785,-16.198394775390625,16.522762298583984,49.573951721191406,10.071747779846191,-13.947245597839355,9.276947021484375,13.494128227233887,8.346060752868652,-11.828399658203125,6.73823356628418,13.290519714355469,5.846766948699951,-25.828712463378906,6.755690097808838,17.37681007385254,5.720078468322754,-13.317584991455078,4.950067043304443,9.277925491333008,6.047402858734131,-5.493784427642822,6.745213985443115,0.3043396770954132,0.30210527777671814,2235.3440263233524,406.01566820988046,2259.025353378826,259.4781303014467,4683.438346555728,963.6661911602783,0.09940416082140092,0.03194457158239107,0.036303553730249405,0.013136529363691807,22.159359158566726,7.508986357514673,-0.030620598992235626,0.11224502931988899,112.34714673913044,jazz
jazz.00030.wav,-318.9285888671875,50.20521926879883,115.70397186279297,29.080196380615234,-23.042325973510742,23.3220157623291,52.599456787109375,12.789551734924316,-12.819438934326172,12.009357452392578,14.633502006530762,8.279033660888672,-8.213702201843262,8.3517427444458,0.30774956941604614,7.71375846862793,-23.876354217529297,9.11114501953125,10.842195510864258,8.289386749267578,-9.591383934020996,7.785745620727539,7.483323574066162,9.3555269241333,-4.242236614227295,9.28952407836914,0.23504392802715302,0.2992912530899048,1687.2984527938816,508.19015017875216,1762.5515004488338,243.30527901883434,3353.5463882304566,949.0645093855916,0.0846627533620356,0.05328118393171564,0.029602115973830223,0.013239757157862186,24.3126967814731,6.412848513057672,-0.01809499348223626,0.24782928755433856,215.33203125,jazz
jazz.00031.wav,-237.49929809570312,39.65366744995117,115.94337463378906,16.989612579345703,-15.457233428955078,21.454309463500977,47.112403869628906,9.198481559753418,-13.51073169708252,6.674001693725586,18.199331283569336,6.4392008781433105,-13.971238136291504,6.248013496398926,15.334492683410645,5.1719560623168945,-17.5358943939209,5.439216136932373,13.420798301696777,5.353727340698242,-6.230585098266602,6.418867111206055,8.634657859802246,7.678959846496582,-7.248400688171387,6.355993747711182,0.31103938817977905,0.30604368448257446,1752.8065045704263,302.67396888042566,1990.037621627014,226.79671658914307,3733.4190911921924,704.5376012907917,0.07241415017898607,0.030012671049944956,0.04358796402812004,0.012984338216483593,21.46261013000659,7.213306275729981,-0.006186648075218137,0.0915421194568584,112.34714673913044,jazz
jazz.00032.wav,-305.4945068359375,60.41672134399414,121.92649841308594,27.165424346923828,2.594775915145874,13.68816089630127,36.921051025390625,9.22935676574707,-8.559167861938477,8.765295028686523,17.905397415161133,8.379090309143066,-9.270870208740234,8.526311874389648,10.555924415588379,7.4509711265563965,-9.937911987304688,7.835197448730469,2.3099350929260254,7.38921594619751,-12.685079574584961,8.356782913208008,0.3053419888019562,6.546927452087402,-8.618949890136719,9.664402961730957,0.28077688813209534,0.3153116703033447,1522.348449286544,572.0723012388703,1909.6345910380123,430.0884261237049,3252.338666886368,1539.028265332162,0.06140930364744582,0.03409256535295288,0.040503159165382385,0.02386782318353653,20.725849448906178,7.050124970093767,0.013001177270000918,0.15445583376436772,129.19921875,jazz
jazz.00033.wav,-261.798095703125,70.057861328125,139.52618408203125,20.829118728637695,-17.128894805908203,19.34259796142578,49.89491653442383,10.79071044921875,-5.8686442375183105,15.537203788757324,19.853361129760742,6.094448089599609,1.8584792613983154,11.247618675231934,5.718642711639404,6.988188743591309,-7.831182479858398,9.723938941955566,-0.4173503816127777,5.895534038543701,-1.2528471946716309,6.791393756866455,-2.1903841495513916,5.302453994750977,4.465002059936523,4.937767028808594,0.27402082085609436,0.3122997581958771,1169.6513052388445,364.4798492473474,1498.7076899393871,227.39605094629135,2444.618551059404,901.528797327281,0.042349706124226005,0.0204392451891489,0.06975041329860687,0.04318438097834587,21.079592301825443,6.600300949170857,-0.012275501816018506,0.18352385560618445,95.703125,jazz
jazz.00034.wav,-146.4124755859375,53.3712043762207,118.20677947998047,25.1872501373291,-34.67273712158203,19.8731689453125,58.787296295166016,11.430469512939453,-14.969061851501465,8.340605735778809,34.30445098876953,7.331095218658447,-6.603354454040527,7.755399703979492,13.900938034057617,6.730375289916992,-14.645583152770996,8.720208168029785,9.20051383972168,8.436994552612305,-11.337798118591309,8.648438453674316,1.0974868535995483,9.09103775024414,-5.503307819366455,8.884284973144531,0.31169331073760986,0.29972347617149353,1759.5124735322347,516.828253561976,1779.6060525998582,173.57014702122865,3574.070054754015,761.4546822264215,0.07934494727167182,0.04745797021033354,0.1299886554479599,0.0399375781416893,22.687031372731443,8.445935877576174,0.014434984008535186,0.1304673304103594,95.703125,jazz
jazz.00035.wav,-261.8772888183594,51.05945587158203,182.5357208251953,21.430923461914062,-16.907093048095703,25.531192779541016,49.87154769897461,15.117731094360352,-1.2144476175308228,9.543667793273926,6.345548152923584,8.223929405212402,6.002386569976807,8.43539810180664,-8.873109817504883,7.443060398101807,-10.316280364990234,7.546767711639404,-3.205064535140991,7.821948528289795,-5.371814250946045,7.259785175323486,-3.5495333671569824,5.764896869659424,-2.891636610031128,6.248779296875,0.26454055309295654,0.2999816834926605,844.139158472617,226.68513054101734,1104.3000795068626,162.1526179643631,1608.9152711094719,654.8333476622001,0.03772993058243034,0.011496381304279784,0.09149952977895737,0.035104937851428986,22.1829777721448,5.109409763926949,0.050606120625105076,0.2048204430927646,71.77734375,jazz
jazz.00036.wav,-196.8430633544922,53.53774642944336,152.7996368408203,28.36216163635254,-36.91004943847656,25.26640510559082,41.80352020263672,16.657777786254883,-8.70901870727539,10.698333740234375,4.415907859802246,8.307171821594238,-11.570120811462402,8.424427032470703,1.4324355125427246,7.182877540588379,-14.735855102539062,7.30155086517334,0.46832048892974854,7.381353855133057,-10.170390129089355,9.554537773132324,-6.922009468078613,7.102959156036377,-6.252429962158203,7.4598164558410645,0.32236796617507935,0.29385945200920105,1482.2909039482727,531.7950122754268,1412.343277319361,235.83577055813254,2658.97558820506,884.828911936917,0.09955948868034056,0.05652341898030394,0.0805579125881195,0.03415815532207489,20.870344323239635,7.064485203642965,-0.02700183968400383,0.14655631521530119,123.046875,jazz
jazz.00037.wav,-198.46253967285156,46.172176361083984,140.6854248046875,20.951948165893555,-18.416391372680664,21.17464256286621,30.510448455810547,15.016438484191895,-6.705268383026123,8.828271865844727,15.720157623291016,8.942255020141602,-0.7331223487854004,7.874172687530518,7.296829700469971,8.068979263305664,-6.585082530975342,7.848589897155762,6.074649810791016,7.902573108673096,-5.132957458496094,6.955666542053223,3.448296308517456,7.247379779815674,-2.8441162109375,8.230116844177246,0.2849480211734772,0.30369657278060913,1276.6962578384557,351.86166372553765,1570.56739402988,320.73990068766335,2468.626739218508,971.6188852492319,0.05151291602167183,0.02037662576597452,0.10660113394260406,0.04553050920367241,22.42277452611961,6.380658288916851,-0.021467323374947986,0.1848663533364244,95.703125,jazz
jazz.00038.wav,-179.59478759765625,52.68280792236328,124.32764434814453,17.351837158203125,-29.741775512695312,23.065645217895508,45.38368225097656,15.751749038696289,-10.188966751098633,9.215459823608398,17.780799865722656,8.655017852783203,-8.817681312561035,6.956484317779541,12.764226913452148,7.819553375244141,-10.756725311279297,6.977773189544678,8.615612030029297,6.653031826019287,-12.390896797180176,6.458641529083252,3.3914458751678467,6.893646717071533,-12.01815128326416,6.512081146240234,0.2856101989746094,0.29716745018959045,1554.3796467342697,280.6923374921193,1774.9284673984896,247.86777688515642,3216.538883362761,699.6165864075933,0.0664005811000387,0.02376858270754691,0.09778041392564774,0.03379612788558006,23.132718215645784,6.896592134325475,0.018827498304880667,0.17085652946001895,151.99908088235293,jazz
jazz.00039.wav,-237.23965454101562,71.56001281738281,146.8258056640625,15.517969131469727,-24.444063186645508,23.45705795288086,64.27366638183594,14.067769050598145,-10.83398151397705,18.178184509277344,3.25913143157959,12.154091835021973,-1.3375037908554077,14.550446510314941,2.725534439086914,13.292400360107422,5.168942928314209,8.904454231262207,0.39774107933044434,10.643780708312988,9.611379623413086,11.694234848022461,2.5067873001098633,12.470268249511719,3.1193673610687256,9.70128345489502,0.2476811408996582,0.3003261387348175,1311.6069322444187,380.455115327587,1446.394656678347,192.93366608216286,2724.9668558315598,843.2364858298015,0.0765237247242647,0.03379613765057276,0.08226295560598373,0.039964139461517334,20.76655539359318,6.707154472746772,-0.005346963522936302,0.11109589625064147,99.38401442307692,jazz
jazz.00040.wav,-179.79029846191406,35.4356575012207,147.7628936767578,24.80145835876465,-20.479698181152344,22.523771286010742,58.62397384643555,19.69840431213379,-23.809179306030273,13.24243450164795,2.4678256511688232,13.457444190979004,-3.1952929496765137,11.395035743713379,-9.30136775970459,9.363839149475098,-5.759235382080078,8.623416900634766,-0.42645636200904846,8.906530380249023,-8.366729736328125,8.106329917907715,3.1024649143218994,8.790287971496582,-6.85118293762207,8.431802749633789,0.2366708666086197,0.3088664710521698,1317.1069234804231,426.78686771446,1475.3339718897469,308.3015747367983,2779.024862283524,1090.7574378838358,0.0548605904121517,0.0245357977301386,0.1380399614572525,0.03604363650083542,21.907819634944364,6.705583221487148,0.008124661904333145,0.16968876783704087,99.38401442307692,jazz
jazz.00041.wav,-216.31118774414062,87.47061920166016,134.98277282714844,19.593711853027344,-35.480674743652344,29.459430694580078,61.595497131347656,12.388307571411133,-14.545805931091309,14.768513679504395,11.046170234680176,9.74346923828125,1.2093088626861572,8.594144821166992,10.962496757507324,10.048633575439453,-8.294632911682129,10.32848072052002,-1.4437148571014404,10.670537948608398,0.12248740345239639,10.550074577331543,8.2815580368042,12.299403190612793,-4.578641414642334,10.575057983398438,0.3082287013530731,0.29916006326675415,1617.8954526280595,399.78434280311603,1568.7957850534956,133.36837768269964,3104.056230196643,664.6668231039204,0.10063091077302631,0.046353907167635246,0.07821866869926453,0.04080982506275177,21.66435700474907,6.97936232984515,0.009760856055679126,0.13073835677051285,95.703125,jazz
jazz.00042.wav,-206.78492736816406,68.33606719970703,141.83738708496094,23.071640014648438,-13.811613082885742,23.038122177124023,49.34670639038086,12.662138938903809,-24.811641693115234,14.290349006652832,11.820208549499512,10.820748329162598,-12.791095733642578,9.917405128479004,-16.557239532470703,9.727776527404785,-8.389538764953613,8.027929306030273,-1.2063177824020386,6.637208938598633,-7.65068244934082,7.0192341804504395,-1.371184229850769,5.537044525146484,-9.34677505493164,7.1471076011657715,0.28527408838272095,0.30121734738349915,1344.4488685825497,432.45857178213896,1548.394496638916,199.8070225938341,2772.541568153783,1058.940987976536,0.06121202592879257,0.02931408600564928,0.09952182322740555,0.06276923418045044,22.038270836542274,6.827461599286745,0.010931099052244904,0.16038477272567583,73.828125,jazz
jazz.00043.wav,-173.28468322753906,54.738929748535156,111.69588470458984,21.571672439575195,-35.922306060791016,22.926658630371094,45.85530471801758,14.42761516571045,-11.438426971435547,9.082756042480469,19.691587448120117,10.342453002929688,-8.049165725708008,9.459275245666504,17.947189331054688,9.510772705078125,-8.94970989227295,14.80527114868164,14.695818901062012,9.822250366210938,-10.342501640319824,9.016915321350098,4.670975685119629,10.200469017028809,-11.798712730407715,9.402297973632812,0.2537831962108612,0.2981386184692383,1760.2398025931382,346.39413478459556,1792.5429665134232,289.78784565393505,3460.5457412200076,825.7446527797431,0.08566917206849846,0.02883563749806154,0.11171223968267441,0.03793245181441307,23.56943589668109,7.686196266694448,0.027407945416698987,0.14237039865111875,151.99908088235293,jazz
jazz.00044.wav,-246.97653198242188,60.032474517822266,167.98892211914062,28.174638748168945,-19.80153465270996,24.98009490966797,22.009904861450195,14.278322219848633,-0.7347984313964844,11.718982696533203,15.09326171875,10.089929580688477,-1.2836858034133911,9.544306755065918,4.728427410125732,9.732486724853516,-2.061988592147827,8.85775089263916,6.532095909118652,8.019330024719238,-1.384499430656433,8.086941719055176,5.637634754180908,9.2020845413208,-0.28600582480430603,10.541175842285156,0.27662360668182373,0.29971757531166077,1004.9502771230314,355.13628975665,1247.0395590509893,316.11141906714926,1811.8057109254064,748.9785714540308,0.04966409878095975,0.02345245833390414,0.08642742037773132,0.03663500398397446,22.874734141476626,5.648924410239794,0.016604567303281418,0.21331676155748766,103.359375,jazz
jazz.00045.wav,-231.3232421875,53.56684875488281,174.37615966796875,19.116130828857422,-19.749839782714844,23.194711685180664,47.375022888183594,11.995713233947754,-1.97676682472229,8.478819847106934,6.66658878326416,7.144170761108398,-1.1248576641082764,8.022753715515137,-5.499824523925781,6.249882698059082,-13.732545852661133,7.668223857879639,-3.69299578666687,6.772090435028076,-6.315066814422607,7.0462565422058105,-1.5051618814468384,5.6945085525512695,-2.6337108612060547,5.769155025482178,0.27865588665008545,0.3053762912750244,937.3979933729273,240.67222624477668,1186.6457726133108,150.41924098301814,1763.3143374794408,625.060614971086,0.04262597051567337,0.014531025576167603,0.10031687468290329,0.03532165288925171,22.195244554526877,5.302101556265326,0.04730946267678369,0.177236562697993,73.828125,jazz
jazz.00046.wav,-204.2321319580078,63.542179107666016,147.5966033935547,15.933860778808594,-25.2186279296875,22.724563598632812,49.354248046875,10.783199310302734,-15.650294303894043,12.27235221862793,2.700042486190796,12.947060585021973,-7.84955358505249,9.46245288848877,-10.642350196838379,7.757506370544434,-4.798891544342041,8.932580947875977,-3.6669721603393555,8.635414123535156,-3.505948543548584,7.581929683685303,1.5687525272369385,7.397156715393066,1.4722059965133667,10.25769329071045,0.25022199749946594,0.3007001280784607,1295.2562362132712,286.6355305576905,1446.1021014116336,179.11071627392406,2695.375368100571,701.8540027424767,0.058650061072948914,0.020447560839816234,0.11051244288682938,0.05910395458340645,21.009131411002798,6.680082819817687,-0.004964508266007381,0.16454122157704726,107.666015625,jazz
jazz.00047.wav,-201.8074951171875,46.381465911865234,109.28429412841797,22.756288528442383,-15.505194664001465,13.716815948486328,44.28395462036133,8.65471076965332,-11.047104835510254,7.671080112457275,18.85179901123047,7.11929178237915,-11.312691688537598,7.36888313293457,18.409912109375,6.256206512451172,-18.91156578063965,6.1098313331604,11.226408958435059,6.521663665771484,-11.899514198303223,5.8124542236328125,6.9697394371032715,5.260400772094727,-11.650191307067871,5.523810386657715,0.3585759997367859,0.3024223744869232,1982.1284065663644,503.33810619237363,2144.992278612522,299.83196330039823,4262.482558684453,1129.611782851962,0.09357350824787151,0.04409688147515413,0.053880661725997925,0.023595426231622696,21.657673927485476,7.7912907748449545,0.007757394571155477,0.13058629852829912,69.83741554054055,jazz
jazz.00048.wav,-204.8289031982422,40.60295486450195,117.45068359375,18.124168395996094,-20.93970489501953,11.794761657714844,42.00593185424805,9.007468223571777,-10.364102363586426,9.460075378417969,19.208967208862305,8.817795753479004,-11.633758544921875,8.110864639282227,7.984111785888672,6.501600742340088,-20.26410484313965,6.94594669342041,8.785672187805176,7.257657527923584,-11.697369575500488,8.430015563964844,5.1714863777160645,8.995208740234375,-11.23897647857666,8.061338424682617,0.28263187408447266,0.2952207624912262,1748.0333593267528,363.6638438883432,1947.6675290439239,261.7932104456742,3684.56105329673,881.9483967111033,0.0792973285119969,0.025587165006959588,0.058642491698265076,0.019984429702162743,22.574323515480476,7.379642204983071,0.033885056236205274,0.18269406809371494,129.19921875,jazz
jazz.00049.wav,-165.46795654296875,57.539485931396484,87.24910736083984,30.441158294677734,24.815532684326172,23.95092010498047,28.417308807373047,16.861963272094727,-2.780550479888916,12.069844245910645,-1.3317890167236328,13.953783988952637,-14.066439628601074,12.232793807983398,-4.747462272644043,11.10863208770752,-19.206073760986328,9.844867706298828,-0.5928638577461243,15.477581024169922,-11.947256088256836,9.610723495483398,-8.335516929626465,9.15177059173584,-8.235878944396973,7.917153835296631,0.20990236103534698,0.3077182173728943,2050.136011182281,724.4312485653154,2467.178066274356,373.8927736735049,4564.072401678599,1768.7113076855462,0.06479514863099846,0.04402998115700122,0.18441703915596008,0.09060252457857132,20.56425822298836,5.256488355856067,-0.0038202324832060847,0.18143621688887235,184.5703125,jazz
jazz.00050.wav,-55.190040588378906,31.715856552124023,77.4786376953125,18.55601692199707,8.272335052490234,14.68458366394043,31.56097412109375,10.832548141479492,11.51248550415039,9.398469924926758,11.753402709960938,6.953135013580322,7.877706050872803,6.800361156463623,13.517611503601074,6.033929824829102,-2.2645761966705322,6.189980506896973,5.61616849899292,6.798282623291016,1.4572818279266357,6.81579065322876,7.372972011566162,5.846747398376465,-0.9271542429924011,5.377703666687012,0.41037485003471375,0.28925248980522156,2482.069759803357,456.93539228942933,2759.667879024035,320.01839815557304,5794.8316261126165,1179.5302707451124,0.08078258030185759,0.028326074518788227,0.19042451679706573,0.028103213757276535,17.446845832098695,3.61462653017192,0.02698830372954782,0.1402739749943881,151.99908088235293,jazz
jazz.00051.wav,-260.8979797363281,70.6115951538086,138.52455139160156,21.156856536865234,-16.35112190246582,18.560760498046875,49.15070343017578,10.55285930633545,-5.258574962615967,14.810736656188965,19.35455322265625,5.91956090927124,2.2062227725982666,10.856157302856445,5.555695056915283,7.045775413513184,-7.877213001251221,9.537166595458984,-0.19809214770793915,5.868608474731445,-1.617018222808838,6.882625579833984,-1.7220757007598877,5.269655227661133,3.9436960220336914,4.911159038543701,0.27403566241264343,0.31227317452430725,1193.8785302218275,366.1146891345755,1559.7834084541525,226.27486993740544,2480.734999334849,904.8406776909006,0.0424521242501935,0.020346408450458972,0.06975202262401581,0.043183833360672,19.568604494510634,4.822628910817584,-0.008137104188016638,0.16949226636396525,95.703125,jazz
jazz.00052.wav,-91.21620178222656,46.764408111572266,82.60240173339844,24.31147575378418,12.171334266662598,16.438520431518555,36.69225311279297,10.557239532470703,-0.8373650312423706,11.58426570892334,13.415140151977539,8.072134971618652,5.620052337646484,7.4432854652404785,9.662233352661133,5.465610027313232,-3.778263568878174,6.382005214691162,1.8234931230545044,6.630343437194824,1.5459750890731812,6.339906215667725,1.28731369972229,7.459430694580078,0.8227912187576294,6.120813846588135,0.3661006987094879,0.3029637932777405,2291.4059616944,611.3460311448184,2593.4073695762804,384.1393009665205,5247.384936447852,1397.5792096673893,0.0774182771381579,0.0445108259656936,0.18859367072582245,0.06745076179504395,19.466203313210357,4.262404555272092,0.04200014948402513,0.20066307304744008,107.666015625,jazz
jazz.00053.wav,-141.0889129638672,55.91952896118164,110.76341247558594,29.774250030517578,-27.475183486938477,18.837949752807617,51.97392654418945,10.08175277709961,-8.664052963256836,7.037484645843506,28.61534881591797,8.09207820892334,-1.612918496131897,7.148028373718262,9.662086486816406,6.858780384063721,-11.18388843536377,7.673096179962158,6.517714023590088,6.65438175201416,-9.409993171691895,8.292708396911621,-0.12163668870925903,8.054522514343262,-4.92993688583374,8.580238342285156,0.3117098808288574,0.2997128665447235,1804.7156340756278,545.9801373584984,1861.8373889224913,196.6607546180261,3646.536283227312,819.2449236937096,0.07951917146381579,0.04778169133845097,0.13001179695129395,0.039958320558071136,20.35057031429959,4.81022971408826,0.014435063722741314,0.13047317019059018,95.703125,jazz
jazz.00054.wav,-111.5786361694336,41.284637451171875,121.80253601074219,27.350736618041992,-3.137456178665161,16.11552619934082,20.91545295715332,11.805215835571289,2.5263640880584717,9.370996475219727,5.552689075469971,8.494393348693848,-3.2441632747650146,7.125888347625732,2.6111063957214355,7.532527446746826,-2.292753219604492,8.736270904541016,3.933011054992676,6.837206840515137,-3.6371243000030518,7.778812885284424,-0.17011381685733795,7.5138397216796875,-3.8879897594451904,7.477230072021484,0.2781773507595062,0.2893970012664795,1669.5812804071552,505.22385677546714,2108.864230932544,437.43977980193944,3461.5624017390674,1424.2797897253188,0.06485939616389319,0.024842197646717263,0.1624538153409958,0.05214667692780495,19.731332647633902,4.106475241083666,-0.031547218290103096,0.19139413515609552,161.4990234375,jazz
jazz.00055.wav,-260.3519592285156,51.375267028808594,180.60806274414062,22.190631866455078,-15.362776756286621,24.74387550354004,48.560420989990234,14.31347942352295,-0.07432752102613449,9.088180541992188,5.434279441833496,8.236591339111328,6.599910259246826,8.402058601379395,-9.153326034545898,7.161018371582031,-10.289850234985352,7.221663951873779,-2.9884068965911865,7.618339538574219,-5.823054790496826,7.237982273101807,-2.9312968254089355,5.680290699005127,-3.6177830696105957,6.188018798828125,0.26453977823257446,0.2999771535396576,871.7686824803111,224.34765304462866,1205.520543613688,165.8807032044499,1632.7901267414861,657.3651923828805,0.03778284031540248,0.011459652741058646,0.09149874001741409,0.03510427474975586,20.454804175864044,4.863693484885954,0.0505997844082755,0.20480955082693944,71.77734375,jazz
jazz.00056.wav,-38.04252243041992,35.87572479248047,64.98809051513672,17.684432983398438,14.29737377166748,11.233510971069336,21.284706115722656,9.321382522583008,7.501908302307129,7.3709516525268555,6.37210750579834,7.0000152587890625,1.9336780309677124,7.6624627113342285,6.556060791015625,6.9321417808532715,-2.9327824115753174,6.819699287414551,5.597701072692871,6.99574089050293,2.50141978263855,7.346887588500977,3.0295462608337402,7.989760875701904,0.6087424755096436,7.880092620849609,0.372531920671463,0.2975233793258667,2978.340196118377,519.9501319902151,3036.40644175023,251.87109745105298,6863.166832702448,997.9987460035001,0.11482508042279412,0.04388729435354578,0.1982394903898239,0.0464426688849926,17.971411536478197,4.019104469753842,-0.018272697106450887,0.09261584152113463,123.046875,jazz
jazz.00057.wav,-248.1094207763672,56.893104553222656,125.98793029785156,20.03173828125,-12.599597930908203,22.26092529296875,30.244165420532227,11.973858833312988,-1.0903058052062988,10.145096778869629,-2.213005781173706,8.95561408996582,1.9470434188842773,7.351546764373779,0.25160494446754456,7.200067520141602,2.6987664699554443,8.658445358276367,-4.426094055175781,7.58155632019043,-6.481645584106445,9.754995346069336,-6.517059803009033,7.328104496002197,-3.994016647338867,8.369781494140625,0.2340383678674698,0.3043818473815918,1377.9769900941744,409.6102079791208,1773.537104860026,294.79535087265305,2583.9510418682275,942.7959769617759,0.06180650457140093,0.03635613276363216,0.07812967151403427,0.0477948896586895,21.89293807883574,5.115535780562789,0.015432457709715068,0.24136774999121724,95.703125,jazz
jazz.00058.wav,-190.51927185058594,55.4738655090332,143.98570251464844,30.800098419189453,-28.421674728393555,23.74652671813965,33.79344177246094,14.664434432983398,-1.2972339391708374,8.735257148742676,-2.301527261734009,7.334411144256592,-5.64383602142334,7.198365211486816,-3.6400134563446045,6.255692481994629,-10.529327392578125,7.127782821655273,-2.8581392765045166,6.670791149139404,-7.707229137420654,8.909249305725098,-8.5834321975708,6.824297904968262,-5.303898334503174,7.5220465660095215,0.32237762212753296,0.2938626706600189,1546.508468476633,533.7731022866911,1581.2424965818198,238.27765000468295,2723.583530863003,891.8958650645567,0.09965699375967492,0.0564153885211254,0.0805608406662941,0.03415757417678833,18.4965209235262,4.861750988047153,-0.02701062325724145,0.14655415880027856,123.046875,jazz
jazz.00059.wav,-179.3740997314453,64.81234741210938,114.49272155761719,28.949708938598633,28.196645736694336,22.791486740112305,35.979305267333984,10.332345008850098,11.041097640991211,9.429156303405762,12.684316635131836,8.993209838867188,3.817139148712158,8.342751502990723,8.518316268920898,8.359770774841309,-0.01472704578191042,10.650019645690918,5.462332725524902,8.679656982421875,1.0599639415740967,8.349353790283203,2.6322290897369385,7.243201732635498,-3.7399516105651855,8.31943416595459,0.3173414170742035,0.3194798231124878,1397.4044755755383,595.3511852800216,2136.074872989545,493.07796192519214,2932.4989342468075,1885.1178111551123,0.03827792424535604,0.027069492176961425,0.1826617419719696,0.07040805369615555,18.940244501353988,4.933075068135914,0.02774311574353263,0.18950410482204041,107.666015625,jazz
jazz.00060.wav,-190.3960723876953,48.44906997680664,129.50662231445312,23.590087890625,-7.837520122528076,20.971332550048828,20.721296310424805,14.099209785461426,2.1918201446533203,8.023030281066895,7.792374610900879,8.079978942871094,6.190217971801758,6.8013811111450195,1.3512998819351196,7.489328384399414,-1.5920599699020386,7.309414386749268,2.0195136070251465,6.967653751373291,-1.992914080619812,6.511780261993408,1.1642935276031494,6.6848297119140625,-1.3514087200164795,7.81182861328125,0.2849716246128082,0.3036873936653137,1428.0387423978177,421.67288226597424,1887.5348651112279,390.5271448751231,2730.5418221205014,1187.5224729666277,0.052423719282120744,0.020810923822698415,0.10661542415618896,0.04552914947271347,19.67321035341003,4.659500782459344,-0.021466259234602006,0.1848599355320324,95.703125,jazz
jazz.00061.wav,-23.23577880859375,36.96857452392578,82.91702270507812,16.777875900268555,2.0489416122436523,15.056884765625,29.505756378173828,9.75975513458252,6.599293231964111,7.140255451202393,6.4949235916137695,7.3139472007751465,-0.696699857711792,6.884384632110596,6.172839641571045,6.814527988433838,-3.4220030307769775,6.638826370239258,5.5945210456848145,6.514021873474121,-0.3769912123680115,6.084681987762451,3.266179084777832,6.27042818069458,-0.2061217874288559,7.042254447937012,0.37021154165267944,0.290889710187912,2456.2698596396212,467.3069875536774,2654.9023182833403,290.55601803307707,5466.591944266399,1142.491993858988,0.09449413760158669,0.03362244966486635,0.23234327137470245,0.03760708495974541,18.432334678467768,3.9112057055589546,0.010468452105052588,0.14130770063856166,172.265625,jazz
jazz.00062.wav,-168.12322998046875,54.142513275146484,108.27153015136719,18.770965576171875,-14.149940490722656,23.809419631958008,30.457626342773438,14.775895118713379,3.8945062160491943,8.469770431518555,4.676563739776611,7.6217193603515625,3.187917709350586,6.6665263175964355,1.927634358406067,7.003140449523926,-1.1426723003387451,6.774964809417725,0.2347179502248764,5.953601837158203,-5.246889591217041,6.198116302490234,-2.554673433303833,6.143223762512207,-7.219599723815918,6.135871887207031,0.2856545150279999,0.2971581220626831,1725.6345298073745,331.7060560867068,2091.1137406659923,322.3510250363901,3504.7121408184985,862.2737785668918,0.06752226743904799,0.024040103248219986,0.09780147671699524,0.03379449620842934,20.31005540162771,4.498096711469144,0.01882586909770204,0.17085144732436158,151.99908088235293,jazz
jazz.00063.wav,-51.3477897644043,31.94632911682129,85.20030975341797,14.919915199279785,3.6435585021972656,15.606611251831055,22.861770629882812,7.985439300537109,-1.5293605327606201,7.586490631103516,6.11028528213501,5.782149314880371,2.410914421081543,5.384639739990234,3.644934892654419,5.524293899536133,-1.8632279634475708,5.679152011871338,4.3669352531433105,6.010610580444336,1.08710777759552,6.100329399108887,0.7797647714614868,6.856266498565674,-0.7364632487297058,5.809680461883545,0.3805404007434845,0.2965761721134186,2475.6009489427947,379.7686316960994,2687.0691133944065,279.0089059271822,5544.583139330979,936.3145426928625,0.09815057807662539,0.03078821560006177,0.16229046881198883,0.039159275591373444,16.986026695818257,3.8240867737084296,0.006923498825334174,0.086517283024886,123.046875,jazz
jazz.00064.wav,-69.50921630859375,39.18356704711914,125.97757720947266,17.57883644104004,-5.173288822174072,18.253582000732422,30.769235610961914,7.911588668823242,8.304396629333496,6.603186130523682,5.081252574920654,5.7754621505737305,-3.9214041233062744,5.637828350067139,5.376409530639648,5.703859329223633,-10.77468490600586,5.403391361236572,9.0344877243042,5.147345066070557,-8.263984680175781,5.674053192138672,4.789585590362549,5.738266468048096,-5.124162673950195,6.084375381469727,0.3797096610069275,0.28664103150367737,1575.4538722228804,268.7299996310142,2069.892648862584,307.4667178133807,3341.013130684017,828.8391046159558,0.0558798586251935,0.014763534176940473,0.21197514235973358,0.04568788409233093,18.567516989076694,3.5993221431422597,0.02835632358598684,0.11239883344801503,99.38401442307692,jazz
jazz.00065.wav,-235.67884826660156,72.69215393066406,144.7676544189453,17.09712028503418,-22.60069465637207,22.238767623901367,62.56096267700195,13.164456367492676,-9.326272964477539,17.1496524810791,2.0168685913085938,12.074395179748535,-0.3436495065689087,13.953939437866211,2.016510486602783,12.86834716796875,5.560453414916992,8.71129322052002,0.304360032081604,10.484464645385742,9.439982414245605,11.712438583374023,2.8927059173583984,12.35086727142334,2.562641143798828,9.705423355102539,0.2476927638053894,0.3003264367580414,1338.2362329095945,378.46733146178605,1518.9947756333727,181.79474478995274,2755.6916700428114,837.130000560629,0.076529393624226,0.0338244621854336,0.08226341754198074,0.039963867515325546,19.022007933891427,5.43906996009456,-0.0053431587311223785,0.11109081408245496,99.38401442307692,jazz
jazz.00066.wav,-117.88760375976562,39.375267028808594,122.55040740966797,26.904935836791992,-13.149182319641113,14.631210327148438,26.755905151367188,7.849729061126709,4.313921928405762,8.910799980163574,6.8667311668396,8.631606101989746,-6.8144402503967285,6.604669570922852,-0.33922073245048523,7.403871059417725,-8.199784278869629,8.65710163116455,-5.0079026222229,9.546371459960938,-4.495015621185303,10.013683319091797,0.12167703360319138,11.293285369873047,-4.651890277862549,10.43513298034668,0.258983314037323,0.290588915348053,1579.0127661124945,345.7579381462779,1853.5460037865291,235.3134902587242,2967.2070577048667,755.3955618026823,0.08824663191756967,0.03142804304019163,0.17267225682735443,0.039405521005392075,21.803096530456664,5.0520548124663724,0.03798948779417795,0.1877036372128626,129.19921875,jazz
jazz.00067.wav,-177.27713012695312,36.342071533203125,144.32156372070312,26.671106338500977,-17.26592445373535,22.28620147705078,55.68604278564453,19.680431365966797,-21.241899490356445,12.26974105834961,0.3528043031692505,12.869890213012695,-1.576951026916504,10.862285614013672,-10.402746200561523,9.124177932739258,-5.176472187042236,8.764294624328613,-0.51418137550354,8.466174125671387,-8.736716270446777,7.831398963928223,3.868864059448242,8.651918411254883,-7.953765869140625,8.30019474029541,0.23668989539146423,0.30887371301651,1354.091907708369,444.23335430063577,1566.788757468746,310.5222801364542,2830.5412174378384,1120.1245710860055,0.054945623911571206,0.024877625231782788,0.1380442976951599,0.03603939339518547,19.68202117424752,4.826935039218895,0.008120637684644957,0.169686005964092,99.38401442307692,jazz
jazz.00068.wav,-204.39251708984375,70.133544921875,138.57968139648438,26.31689453125,-10.791186332702637,21.066082000732422,46.55238342285156,11.132000923156738,-22.306915283203125,12.088848114013672,9.6929349899292,9.483115196228027,-11.094840049743652,8.325810432434082,-17.79884910583496,10.246410369873047,-7.586270809173584,7.779451370239258,-1.6000778675079346,6.393646240234375,-7.650327205657959,5.901040554046631,-1.0194096565246582,5.548187255859375,-9.977278709411621,6.689276218414307,0.2852766811847687,0.30121317505836487,1382.7307308073396,432.4876659642514,1642.9065020667172,191.9943912600567,2832.566205193015,1045.202358463501,0.061230544335332815,0.029297360379693944,0.09952345490455627,0.06277002394199371,20.018354635430388,4.722416218924473,0.01106799544710882,0.16079970176490846,73.828125,jazz
jazz.00069.wav,-159.27059936523438,55.68268585205078,92.04842376708984,22.92326545715332,-16.751850128173828,23.14315414428711,27.393674850463867,14.917076110839844,6.104191303253174,8.910956382751465,3.2399652004241943,9.97109317779541,7.175963401794434,9.371581077575684,4.030701637268066,9.821439743041992,3.5977046489715576,14.263105392456055,3.5440964698791504,9.767020225524902,-0.5867414474487305,8.59764289855957,-3.723672866821289,9.749161720275879,-4.721015930175781,9.412075996398926,0.2538834512233734,0.2981462776660919,2009.8139341354786,424.9911090495574,2227.04987536481,371.7897578754382,3910.6930192410023,1120.5525712293365,0.08743219995646284,0.028978569800943755,0.11175289005041122,0.03792877122759819,20.614460802689084,5.428230521839125,0.027406288513882663,0.14236437028622229,151.99908088235293,jazz
jazz.00070.wav,-237.90087890625,61.3723030090332,155.81622314453125,31.238012313842773,-9.225844383239746,24.51251220703125,13.198112487792969,12.607345581054688,6.609401226043701,8.880465507507324,8.891291618347168,7.99884033203125,3.9802098274230957,7.158108234405518,0.24934212863445282,7.840844631195068,1.7425676584243774,7.251054763793945,3.353834867477417,7.007576942443848,1.189907193183899,6.783561706542969,3.630347967147827,8.61268138885498,1.1625511646270752,9.795528411865234,0.27664104104042053,0.29971614480018616,1117.5098786077247,402.3898011990006,1545.4654904671056,378.9347672748384,1957.1131656044408,931.3443366361313,0.05003635654508514,0.023468163480936752,0.0864347517490387,0.03664911538362503,20.562993561314865,4.92811544387874,0.016604054464597284,0.21331294105949578,103.359375,jazz
jazz.00071.wav,-228.39198303222656,55.235774993896484,170.4026336669922,20.93880271911621,-16.07386016845703,21.32497215270996,43.9647102355957,10.53592586517334,1.1009045839309692,7.4304609298706055,3.9967989921569824,6.900650501251221,1.0781351327896118,7.876183032989502,-7.2046051025390625,5.512619972229004,-12.514962196350098,6.8592071533203125,-4.4187331199646,6.337426662445068,-6.069606304168701,6.404616355895996,-1.3367635011672974,5.869603157043457,-3.151841402053833,5.770755767822266,0.2772473692893982,0.3043101727962494,971.5475880069571,243.2856782902237,1301.6522166682134,158.01703182401337,1795.922473635836,633.525723847376,0.04257495041602167,0.014509823477799439,0.10031753778457642,0.03532213717699051,20.21756639116039,4.492413469240438,0.04947661003114337,0.18283058603812768,151.99908088235293,jazz
jazz.00072.wav,-202.82192993164062,64.45368957519531,145.73983764648438,16.82915496826172,-23.56831169128418,21.580724716186523,47.84978103637695,10.280908584594727,-14.344827651977539,11.139387130737305,1.6427217721939087,12.573153495788574,-7.065168857574463,9.065203666687012,-11.130011558532715,7.6477370262146,-4.5997395515441895,8.763165473937988,-3.60737943649292,8.510727882385254,-3.788098096847534,7.505846977233887,2.046826124191284,7.394917964935303,0.8436290621757507,10.275155067443848,0.2502208650112152,0.3006899058818817,1336.3698511878918,283.0942593044808,1554.5046777257078,192.89168529356124,2751.675027664232,697.8725139925942,0.05873471664570434,0.0203656481525029,0.11051283031702042,0.05910349264740944,18.907486613905782,4.842950948247828,-0.0047137846478520805,0.16390482544880708,107.666015625,jazz
jazz.00073.wav,-84.05435180664062,43.96635437011719,63.061363220214844,17.20663833618164,5.639188289642334,21.49148178100586,24.92485237121582,9.906046867370605,6.211669921875,8.267868041992188,-2.9040579795837402,8.556127548217773,-0.3640592694282532,7.537966728210449,-1.075700283050537,7.13879919052124,-4.244647026062012,7.218025207519531,-2.330305337905884,6.030213356018066,1.5680952072143555,5.954954624176025,1.935512900352478,5.920158863067627,1.5438600778579712,6.543706893920898,0.33237409591674805,0.2989308834075928,2968.60250464515,599.7729286815454,2922.5207113909246,394.4219464412315,6416.76119872291,1428.9259878735963,0.1297546953608746,0.043444804349418525,0.13311214745044708,0.057108838111162186,19.282969107074496,4.4745595245753185,0.06067686002697108,0.13046359234385702,112.34714673913044,jazz
jazz.00074.wav,-149.19680786132812,63.83736801147461,79.08609771728516,27.457115173339844,2.009148359298706,28.630369186401367,27.607025146484375,11.227660179138184,0.31506651639938354,10.428560256958008,1.7276527881622314,8.535493850708008,-3.613091468811035,9.186723709106445,-0.16500680148601532,6.824933052062988,-5.035670757293701,6.537672996520996,1.2518123388290405,6.259373188018799,1.1462149620056152,6.336826324462891,-0.6187954545021057,5.965301513671875,1.8201314210891724,6.956258296966553,0.2949535548686981,0.30272287130355835,2414.857050479083,714.807831053743,2552.5429673290614,524.9435262925392,5135.260614448288,1701.9786056056387,0.09557311822755418,0.042826117392090725,0.11269501596689224,0.07020983844995499,20.881744765174314,4.724079436651158,0.05018625510922754,0.14974575638162932,83.35433467741936,jazz
jazz.00075.wav,-78.22419738769531,40.551021575927734,63.218509674072266,16.91793441772461,-1.6562832593917847,20.258235931396484,21.022592544555664,8.464369773864746,4.470186233520508,8.750405311584473,-3.589820384979248,7.235434532165527,-1.5619467496871948,6.650162220001221,-3.069639205932617,7.535442352294922,-6.078289985656738,6.123249053955078,-1.9560667276382446,5.909121036529541,1.782015323638916,5.906777858734131,-1.215653419494629,6.585040092468262,0.9424572587013245,5.500872611999512,0.29375892877578735,0.29349955916404724,2902.8282153333053,579.2141449847832,2855.1189518850565,391.1318291186857,6198.312519652187,1440.2365422890841,0.12654912139609134,0.04441345215185112,0.14682163298130035,0.06430697441101074,20.034776525185908,4.71887312342718,0.03295514275660373,0.16634732833744423,103.359375,jazz
jazz.00076.wav,-154.29287719726562,57.90203857421875,110.68495178222656,22.559677124023438,-22.29971694946289,27.375137329101562,21.146955490112305,13.22978687286377,4.267234802246094,10.495524406433105,4.7490644454956055,9.16530704498291,-4.092324256896973,8.469403266906738,-1.0206661224365234,7.180427551269531,-6.412800312042236,9.479079246520996,-9.245781898498535,6.723208427429199,-3.631049871444702,5.995332717895508,-5.5030341148376465,5.859662055969238,0.5368919372558594,6.510565280914307,0.30312129855155945,0.2949647009372711,1733.583196998827,383.7365126793536,2068.043895852972,417.2699686814901,3379.546231012964,1117.0888092671744,0.06871462606424149,0.02770287215460793,0.11916613578796387,0.05486708879470825,21.792530370313106,5.165601458450763,0.0893093809593685,0.22138198585436594,117.45383522727273,jazz
jazz.00077.wav,-77.08967590332031,39.87126159667969,64.5277099609375,21.823551177978516,-2.848515033721924,17.539276123046875,28.531280517578125,9.42648696899414,4.6849045753479,8.661527633666992,-2.814512014389038,6.679570198059082,-5.947362899780273,7.78436803817749,1.8981451988220215,5.636427879333496,-5.205105304718018,6.576913833618164,-2.3232336044311523,6.0075907707214355,-2.9395370483398438,8.378180503845215,-6.148102283477783,7.273801326751709,-0.7635444402694702,5.842874050140381,0.3074990212917328,0.2964366376399994,2777.976524524572,515.8906624026606,2691.2404901834752,360.6451258955497,5813.648178998162,1228.8604372252867,0.13090245863970587,0.03793853689999331,0.14569664001464844,0.0553312711417675,20.14405721962002,5.086905147828544,-0.001211274856840455,0.1197900973118469,184.5703125,jazz
jazz.00078.wav,-141.49684143066406,59.87348937988281,70.9045181274414,24.353771209716797,-0.523231565952301,25.15552520751953,33.57304763793945,12.609294891357422,1.4106365442276,11.210480690002441,-9.186745643615723,11.679871559143066,0.7554329633712769,7.911316394805908,0.5403755903244019,9.160140991210938,-9.192056655883789,10.018082618713379,-2.5710372924804688,8.14961051940918,4.080312252044678,6.357452392578125,-2.2184269428253174,7.899327754974365,-0.6917471885681152,6.370471000671387,0.26615044474601746,0.29836538434028625,2503.139918026569,577.3385392426466,2598.4802162770143,438.81941383772676,5155.093827852893,1517.7301253118947,0.09583048628579721,0.03754695804986568,0.11916367709636688,0.06588008999824524,21.22470559020022,5.012613107816751,0.038976085363757754,0.1946234731319823,80.74951171875,jazz
jazz.00079.wav,-163.5394744873047,30.906681060791016,65.97193908691406,22.418319702148438,5.3612895011901855,13.438851356506348,41.89719772338867,10.866329193115234,7.025766372680664,8.456270217895508,5.501438617706299,7.65691614151001,8.930416107177734,8.049271583557129,2.678452253341675,7.0267839431762695,-0.18257854878902435,8.00046443939209,5.155423164367676,6.558649063110352,10.491717338562012,8.580425262451172,3.329864501953125,9.310589790344238,3.8408946990966797,9.762760162353516,0.3382834494113922,0.29084402322769165,2634.319273980018,600.9023396889735,2728.5025076868055,344.4902469085754,5562.633030185759,1287.3442515476006,0.1078761428502322,0.037143322475382066,0.06984885782003403,0.01965014822781086,20.459580620007866,4.654222552338729,0.0030755070030078734,0.14112064365796703,107.666015625,jazz
jazz.00080.wav,-117.24632263183594,40.276615142822266,56.99422073364258,16.72587013244629,-2.1099278926849365,10.258208274841309,35.61606216430664,8.852742195129395,4.713421821594238,8.908154487609863,3.890101909637451,6.019461631774902,11.592063903808594,6.711930751800537,6.078704357147217,6.012382984161377,0.5825715065002441,5.94667911529541,2.2747371196746826,6.163303375244141,2.699638605117798,6.607949733734131,-1.8503127098083496,6.405052185058594,1.6808271408081055,7.5105977058410645,0.37039029598236084,0.28358009457588196,3029.035019092715,464.632385859787,2828.8683421725436,254.38278456791804,6201.412500907024,1023.4395819611707,0.14035780584849072,0.03568399011356322,0.07573380321264267,0.019160624593496323,19.639392030402707,4.930561622177498,0.020079242326175407,0.10835225221659113,135.99917763157896,jazz
jazz.00081.wav,-228.3715362548828,53.67491912841797,67.53677368164062,24.082284927368164,37.07984161376953,17.795278549194336,21.325258255004883,10.913752555847168,17.05842399597168,7.7235541343688965,10.142422676086426,6.591094493865967,10.77646255493164,6.703858852386475,8.010918617248535,6.614719390869141,2.042186737060547,6.454371452331543,0.29713860154151917,7.086857318878174,2.4991300106048584,7.426002502441406,3.847144603729248,6.327366828918457,1.5821794271469116,7.32172155380249,0.4418608844280243,0.2964315116405487,3027.140362803872,1016.5886696962856,3302.676301855675,423.0698397226063,7278.83931918779,1693.1340763494495,0.10014829842298761,0.06212766672337261,0.04321588575839996,0.015516094863414764,17.916859154947918,4.091416093098823,-0.016841680472518234,0.13465689472531323,117.45383522727273,jazz
jazz.00082.wav,-158.2061004638672,66.02716827392578,49.6024169921875,25.725492477416992,21.594701766967773,18.376617431640625,16.51655387878418,9.766797065734863,11.422574996948242,8.534671783447266,6.259136199951172,7.069934368133545,5.633523941040039,7.0609822273254395,-0.19963428378105164,5.746610641479492,-0.2426658421754837,5.14793586730957,-1.996820092201233,5.509971618652344,2.0229387283325195,5.8792195320129395,2.6891398429870605,5.66880989074707,-1.456520438194275,5.3742289543151855,0.40154165029525757,0.28697264194488525,3906.2972143441307,1103.5134500744725,3328.954589433915,369.0823421193652,8037.609731006917,1595.3170183130812,0.20684871142124614,0.10547509795840737,0.047840312123298645,0.01911301724612713,17.028700280839182,3.6505589937760243,0.02397756593082996,0.12072563713000432,99.38401442307692,jazz
jazz.00083.wav,-126.01213836669922,44.37692642211914,56.60823059082031,22.01576042175293,23.495506286621094,21.32130241394043,23.700130462646484,9.711053848266602,-0.3036549985408783,8.044331550598145,7.15137243270874,7.815664768218994,0.16874293982982635,7.9221577644348145,-0.8434281945228577,6.863022327423096,-4.156272888183594,6.799992084503174,-1.8949322700500488,6.568542957305908,2.523092031478882,7.196537017822266,0.5281127095222473,5.944986820220947,0.9266526699066162,6.181285858154297,0.4290939271450043,0.2851564586162567,3393.857478271707,754.3106192857704,3147.780755442214,324.9441151482423,7235.039584038796,1243.6266346988593,0.14970204261803405,0.06094072032422024,0.07428820431232452,0.02350248210132122,18.15317976856265,4.549693659201845,0.010827566529982742,0.12268775191968385,107.666015625,jazz
jazz.00084.wav,-178.09237670898438,50.038673400878906,61.942623138427734,19.260644912719727,1.4681735038757324,17.899202346801758,36.045936584472656,10.396454811096191,7.5810136795043945,9.565381050109863,5.153891563415527,7.597251892089844,-0.917627215385437,7.072591304779053,2.9412882328033447,7.26445198059082,1.4490773677825928,6.065174579620361,2.1342267990112305,6.983154773712158,5.170273303985596,5.122147083282471,2.0257973670959473,5.750250339508057,0.5106884241104126,5.971208572387695,0.39294955134391785,0.29437485337257385,2874.7793906046186,579.6298723388718,2802.5978547939376,346.97767293801894,6138.46288155476,1157.7799910819995,0.11833828669214397,0.05503498699285616,0.05163733661174774,0.021526919677853584,18.622067037913997,4.429202057322421,0.03624495925113648,0.15020907810588788,123.046875,jazz
jazz.00085.wav,-131.9313507080078,45.45437240600586,61.59086990356445,22.685813903808594,-12.65458869934082,15.324629783630371,35.085182189941406,11.89594841003418,-2.1272988319396973,9.112963676452637,-0.9491929411888123,9.267580032348633,-4.837913990020752,8.947120666503906,-4.1055216789245605,8.749375343322754,-3.2856128215789795,7.4573540687561035,2.496220827102661,7.587125301361084,6.411373138427734,6.988268852233887,3.423351287841797,7.669583320617676,-2.8839263916015625,7.623167037963867,0.32550376653671265,0.29594770073890686,2861.0669041187775,564.7934704769445,2566.5628642485667,317.7307633759816,5606.249433110004,1137.8939503981348,0.1475769609858746,0.04777080325198311,0.07136116921901703,0.02819461189210415,19.300822440952302,4.615453929658236,-0.00702947335726956,0.13680961933692876,80.74951171875,jazz
jazz.00086.wav,-156.6122589111328,45.701988220214844,22.763254165649414,27.98772621154785,10.495277404785156,15.422920227050781,24.156204223632812,10.774041175842285,10.143045425415039,10.090188980102539,2.96964693069458,8.652362823486328,2.4915146827697754,8.802054405212402,0.4837198257446289,7.979376792907715,2.691013813018799,8.321744918823242,1.2310426235198975,9.256948471069336,3.3316619396209717,9.820636749267578,-7.819789409637451,8.267257690429688,1.1087778806686401,9.354812622070312,0.3374258875846863,0.2828536629676819,4136.053468579488,735.7347607827646,3220.9346750305085,259.69157824424923,8258.125064247533,1094.4592875639414,0.2617017433001161,0.08808942624777892,0.05240892618894577,0.020316937938332558,19.99187018649456,4.90679562404112,0.0680929697910668,0.17312705111962923,135.99917763157896,jazz
jazz.00087.wav,-341.01800537109375,85.1703109741211,89.85990905761719,34.32085418701172,44.51198196411133,19.993743896484375,28.827592849731445,16.357511520385742,16.31782341003418,13.847762107849121,10.590868949890137,13.179900169372559,7.000736236572266,9.733059883117676,0.8200664520263672,11.255188941955566,6.097487926483154,9.971969604492188,7.125773906707764,9.469771385192871,5.411661148071289,8.684675216674805,2.7358579635620117,8.814289093017578,9.361676216125488,7.164630889892578,0.3419145941734314,0.320811927318573,1845.8761145516376,855.1555181768413,2730.8698084088583,584.8707687824635,4330.4238145196405,2647.9662259558463,0.04282929506095201,0.029168127310344284,0.04579199105501175,0.03449992090463638,16.76896916720042,4.3585680841928856,0.013556799200478644,0.15059708094050753,135.99917763157896,jazz
jazz.00088.wav,-192.5078125,55.11416244506836,80.95126342773438,21.205656051635742,25.70166778564453,21.466262817382812,18.534099578857422,10.679464340209961,14.171379089355469,8.921850204467773,1.265468955039978,9.03209114074707,4.092947483062744,6.624980926513672,-1.4168410301208496,8.344036102294922,2.6607606410980225,9.140303611755371,5.235185146331787,8.510944366455078,3.7162201404571533,9.09033489227295,0.29374200105667114,11.76732349395752,7.339452266693115,12.022224426269531,0.2910603880882263,0.3095663785934448,2428.6412687077973,664.9507819576237,3007.4099703213597,480.1662897703997,5927.730822489358,1939.6113250210888,0.06904795738196594,0.03236378008979239,0.0915384590625763,0.038770031183958054,20.0734278791784,4.869616226649617,0.00020334309613521208,0.13787746996280947,129.19921875,jazz
jazz.00089.wav,-322.4992370605469,50.016746520996094,90.6509780883789,24.783588409423828,27.027183532714844,16.64105224609375,37.85674285888672,12.682042121887207,19.709014892578125,7.9083170890808105,4.609318733215332,8.66531753540039,3.070612668991089,8.202751159667969,7.9708099365234375,7.9712233543396,1.9372375011444092,8.713224411010742,2.087836503982544,7.683720111846924,0.4474656283855438,8.984248161315918,4.8929595947265625,7.168862342834473,13.060920715332031,9.365221977233887,0.28040650486946106,0.31191104650497437,1787.936479244805,681.9112521072466,2485.6819876272198,387.42790167908726,3905.668049626306,1730.8848072834992,0.06275774598490712,0.05818168689811737,0.0450291782617569,0.028519805520772934,20.78716777984132,6.002294459275815,0.023442306441111047,0.22405034613225944,117.45383522727273,jazz
jazz.00090.wav,-217.62901306152344,41.2833251953125,105.62872314453125,21.70001792907715,19.31536102294922,11.553389549255371,28.35325050354004,8.394641876220703,8.654834747314453,6.933859348297119,0.1436520218849182,6.82860803604126,6.365767478942871,5.520971298217773,-2.539705276489258,6.046505451202393,-12.996928215026855,8.379093170166016,-11.14958381652832,6.24532413482666,-6.15288782119751,5.547874450683594,-7.734214782714844,5.83674430847168,0.4227966070175171,4.908478736877441,0.26999950408935547,0.29438716173171997,1875.229063578226,535.3561470222485,2569.5109758059184,426.33247548684596,4292.8490417291505,1573.7309693838652,0.054154245476973686,0.01530488869640677,0.06136312708258629,0.020406639203429222,18.785295999557512,4.731122536053411,0.0038632455566139693,0.19388241313368576,135.99917763157896,jazz
jazz.00091.wav,-299.40533447265625,59.78697204589844,60.77720642089844,49.90212631225586,32.098514556884766,13.166557312011719,25.695833206176758,12.219015121459961,7.463468074798584,9.767376899719238,-1.2953768968582153,8.831731796264648,1.862271785736084,8.244641304016113,5.261619567871094,10.659055709838867,-5.529666900634766,11.486308097839355,-3.103562831878662,13.05982780456543,3.6464571952819824,9.373228073120117,-2.297407388687134,9.533224105834961,0.8934429287910461,10.521888732910156,0.2309633046388626,0.2941127419471741,2958.8527443760186,1380.8016073948354,2832.9030171788304,352.60332016000024,6065.3466570119,2128.164467054124,0.15142274271962075,0.13048194776690059,0.04091750085353851,0.025247367098927498,21.381373117228332,6.637880742800382,-0.014310787148197151,0.2143043248052666,83.35433467741936,jazz
jazz.00092.wav,-294.19384765625,50.342071533203125,84.6645736694336,38.996490478515625,39.07788848876953,11.503558158874512,28.63520622253418,11.12995433807373,14.131192207336426,10.910515785217285,1.0344221591949463,11.7338285446167,7.353453636169434,7.555633068084717,5.217075824737549,8.72955322265625,-3.739166259765625,10.40390396118164,-5.041574001312256,7.649587631225586,2.2247610092163086,6.740848064422607,-0.5665926337242126,9.99953842163086,4.21807336807251,9.25255298614502,0.270427942276001,0.3082048296928406,2213.669961452585,1075.560293834631,2794.540855397363,429.2130301878822,5023.3196246734715,2327.0512374327527,0.0753657574255031,0.07906939669753421,0.05349314957857132,0.036340683698654175,20.04938287137652,6.065623299574939,0.11002567769601057,0.2313190970734033,117.45383522727273,jazz
jazz.00093.wav,-215.39735412597656,38.948028564453125,100.96080780029297,17.1929988861084,17.098628997802734,16.676010131835938,12.978259086608887,10.891960144042969,16.062911987304688,9.74109172821045,4.764205455780029,9.329581260681152,4.565047264099121,7.160694122314453,-3.133694648742676,6.536812782287598,-4.154082775115967,6.265652179718018,-2.2966673374176025,6.442328929901123,-4.928966045379639,7.270765781402588,-3.3494503498077393,7.109007835388184,-1.425552248954773,6.136730194091797,0.26958322525024414,0.28339821100234985,2151.985122584835,488.1211892046182,2775.0279988687803,370.5728560356471,5013.611350044746,1633.0965847057464,0.08170320965557276,0.02654021706796633,0.04529404267668724,0.012280790135264397,21.120392591973356,4.790065923259851,0.03718973104696525,0.18640676751666635,83.35433467741936,jazz
jazz.00094.wav,-366.4404602050781,60.44511032104492,131.69850158691406,27.051700592041016,16.512924194335938,21.952110290527344,36.320045471191406,11.09831428527832,5.060640811920166,11.848462104797363,14.675127983093262,11.113463401794434,-6.1637282371521,10.423306465148926,4.714259624481201,9.709561347961426,-9.586799621582031,9.343794822692871,-1.29036545753479,8.477177619934082,-2.694134473800659,8.998711585998535,1.5798401832580566,9.785737991333008,-2.2748074531555176,9.083118438720703,0.2374034821987152,0.30468249320983887,1077.1722769200633,481.36604380239555,1539.203321501309,462.9138079149528,2111.4788988426376,1406.7897439686074,0.04151184270994582,0.019605120903694165,0.03977746143937111,0.020233869552612305,23.87284119824368,6.150748475886112,0.07107257459600401,0.20783182931022215,123.046875,jazz
jazz.00095.wav,-219.76429748535156,40.35731887817383,100.79802703857422,20.44443702697754,-1.4563252925872803,21.21880340576172,41.285438537597656,10.06048583984375,-0.9485454559326172,8.808475494384766,23.379390716552734,8.845900535583496,-11.51408576965332,7.752660751342773,20.027902603149414,7.328269004821777,-15.970274925231934,6.042179584503174,13.943597793579102,7.769036769866943,-7.9898457527160645,6.647357940673828,5.738360404968262,6.88773250579834,-6.868226051330566,5.8803606033325195,0.31128111481666565,0.30060455203056335,1855.2856495889075,462.46679343721166,2215.888359124398,355.3486778192864,4284.540758634868,1325.4971418539221,0.06339606412054953,0.029068428017969397,0.06815897673368454,0.026396922767162323,23.905989425870402,7.717415735348085,0.04349575383254319,0.14133688233398523,117.45383522727273,jazz
jazz.00096.wav,-277.235595703125,65.82120513916016,95.75202941894531,30.1085262298584,-2.979494094848633,22.68338966369629,43.91986846923828,14.89743709564209,1.9414105415344238,12.661700248718262,22.249988555908203,8.932732582092285,-6.140645980834961,10.810622215270996,22.460952758789062,8.116338729858398,-12.840874671936035,9.756312370300293,10.780396461486816,8.202869415283203,-7.533227920532227,9.884593963623047,3.5953238010406494,8.214275360107422,-5.075059413909912,6.719135284423828,0.2986591160297394,0.3051914572715759,1874.6280401896176,716.960351740466,2084.02102157999,422.2030273620244,4011.0507457248937,1630.8066422041177,0.07777050478908669,0.04596203589860378,0.04436849430203438,0.021491097286343575,24.05622568761329,7.388121846841146,-0.011043323950148825,0.17274338637320424,135.99917763157896,jazz
jazz.00097.wav,-413.5791015625,46.017059326171875,118.27574920654297,23.123550415039062,31.103309631347656,28.42003631591797,40.16521453857422,12.990633010864258,13.103846549987793,12.181218147277832,13.944952964782715,10.446080207824707,-3.719221591949463,8.430717468261719,4.7483720779418945,8.096085548400879,-9.891252517700195,6.7396769523620605,-3.0627758502960205,8.165993690490723,-6.2822113037109375,8.003982543945312,-3.6105387210845947,8.24266242980957,-5.26369047164917,9.278444290161133,0.2240448147058487,0.3017235994338989,1176.0043625534947,496.11709073421224,1752.937087914347,432.21675047332286,2343.769160881869,1527.6711389838615,0.03991094536087461,0.021790496590936133,0.02118764817714691,0.013560481369495392,22.49035100178675,6.232370352499172,0.00933685847535802,0.2712596841227634,86.1328125,jazz
jazz.00098.wav,-223.0305938720703,46.655399322509766,102.89911651611328,21.45669174194336,-1.6697351932525635,18.77750587463379,45.1994743347168,10.18996810913086,-6.745974540710449,9.099447250366211,25.354921340942383,7.420868873596191,-14.366869926452637,7.171492099761963,24.24671745300293,6.119152069091797,-10.41437816619873,6.674221992492676,11.14624309539795,7.434025287628174,-9.151456832885742,6.26538610458374,6.625129222869873,6.3773322105407715,-7.828696250915527,6.0963826179504395,0.32790279388427734,0.30186066031455994,1884.9439012894368,547.5562470595462,2230.243951822194,325.83437515892206,4355.8153276473,1301.7598288207323,0.05812512093653251,0.03524600299902501,0.06013178080320358,0.021344996988773346,22.829685890199727,7.776429978180543,0.018983990070043758,0.128878402156697,80.74951171875,jazz
jazz.00099.wav,-315.01422119140625,44.14427947998047,112.7276611328125,23.022701263427734,9.74074935913086,16.776521682739258,38.98918151855469,9.652341842651367,3.9426109790802,9.185263633728027,20.019874572753906,8.939395904541016,-7.2231926918029785,7.9453349113464355,15.273512840270996,7.637394905090332,-13.677780151367188,6.810028553009033,10.151815414428711,7.545722007751465,-4.884433269500732,7.691694259643555,4.7019944190979,9.181127548217773,-2.6995627880096436,8.150638580322266,0.29589709639549255,0.31040942668914795,1492.5645306761603,518.8825723759069,2014.1643643596335,407.3765188450109,3376.7962476417374,1512.464085780157,0.04620040090460526,0.023186006070081006,0.03925933688879013,0.020571617409586906,22.880888271975913,6.711457203793434,0.0421359204725103,0.15429320620485798,135.99917763157896,jazz
metal.00000.wav,-52.93138122558594,18.68155288696289,50.087284088134766,14.038604736328125,-11.485749244689941,16.135923385620117,46.35173797607422,14.87790298461914,6.5509257316589355,10.786785125732422,10.124287605285645,9.046414375305176,5.479244232177734,8.16925048828125,8.854687690734863,8.070180892944336,5.942208290100098,7.579009056091309,6.622522354125977,7.172257900238037,-4.047175407409668,7.516378402709961,9.770575523376465,7.367002487182617,-3.1184918880462646,7.304721832275391,0.48777875304222107,0.25969889760017395,3274.344587423776,518.0399997096665,2722.3036471895907,389.03124445939767,6407.269589450706,1299.27662439933,0.18307976973684212,0.046724106946035154,0.11609075963497162,0.017463047057390213,18.54564095261745,7.370337311078285,0.02598607503075297,0.11236046463476324,95.703125,metal
metal.00001.wav,-80.14727783203125,21.304964065551758,64.84362030029297,12.638504981994629,-15.46560001373291,11.480018615722656,46.83931350708008,9.036246299743652,7.911020278930664,9.613523483276367,21.762014389038086,6.899860858917236,-2.1760787963867188,9.7712984085083,21.9866886138916,7.464778900146484,-7.712627410888672,7.583148002624512,11.144745826721191,7.733453750610352,-4.287084579467773,6.7729973793029785,11.442519187927246,6.401723384857178,-10.365104675292969,6.638036251068115,0.4769335687160492,0.26828160881996155,2922.908394647605,428.99617888759695,2620.8528873384016,223.4285833035484,6036.988495156492,823.2104092492352,0.15290156975619196,0.04146074190988895,0.09726957231760025,0.014733923599123955,20.07755073217376,9.660220157820682,-0.029179134103783616,0.08879385468443193,78.30255681818181,metal
metal.00002.wav,-62.21818923950195,31.555744171142578,115.20072174072266,17.779430389404297,-42.81502914428711,17.275676727294922,54.31106185913086,14.690658569335938,-24.883960723876953,8.690903663635254,20.133108139038086,10.320322036743164,-21.63913345336914,8.279692649841309,20.847036361694336,6.882500648498535,-8.398700714111328,7.712563514709473,20.328601837158203,6.705451011657715,-10.73180103302002,7.183771133422852,9.669686317443848,6.210005283355713,-14.547391891479492,7.271174430847168,0.43250423669815063,0.27380701899528503,2198.5048742476088,382.649414045903,2005.8773078800057,284.60134266568656,4446.356446824207,817.7477064321448,0.12839302559017027,0.031248118070745866,0.13275112211704254,0.025318022817373276,20.467881716430796,9.303648103514085,-0.010640559666336027,0.0784161633875295,112.34714673913044,metal
metal.00003.wav,-43.06468200683594,20.254196166992188,75.3976058959961,15.329737663269043,-47.840972900390625,13.844038009643555,53.02373504638672,9.096456527709961,-12.33786678314209,8.61695671081543,36.87316131591797,8.851871490478516,-8.2877197265625,8.165128707885742,28.404539108276367,8.544341087341309,-14.53133773803711,6.962119102478027,22.106433868408203,6.221611976623535,-7.355746269226074,7.119126319885254,15.975350379943848,5.599854469299316,-13.140838623046875,6.012057781219482,0.4876696765422821,0.280936598777771,2751.926423435394,394.3531358431766,2205.6382694956897,171.3837377207317,5234.401681622485,648.4466073286395,0.16671025420859134,0.04730162204261712,0.15017862617969513,0.029228942468762398,20.277918972044475,10.159080383214405,0.015263638898577585,0.07747595168006348,99.38401442307692,metal
metal.00004.wav,-107.12958526611328,33.57435607910156,47.660186767578125,17.953351974487305,-8.620708465576172,13.50836181640625,38.39892578125,13.522255897521973,8.458257675170898,10.14047908782959,9.544549942016602,9.8108549118042,1.017512321472168,10.558854103088379,20.7490291595459,8.967377662658691,0.7148489356040955,7.924307823181152,11.783106803894043,7.9900665283203125,1.1646875143051147,7.049161911010742,11.063398361206055,6.538832187652588,-2.5293989181518555,6.600130081176758,0.6346607208251953,0.2190316766500473,3403.0755097954175,517.6975401005159,2825.093036960878,231.03851588889242,6902.816592945772,888.8307636708793,0.19242362857972137,0.04854561816308119,0.06345061212778091,0.01037653535604477,18.498866397479016,8.579895426644857,0.009865854125124451,0.07548544303870475,135.99917763157896,metal
metal.00005.wav,-79.627685546875,32.782989501953125,93.47288513183594,17.308944702148438,-27.749143600463867,16.14858627319336,64.06912994384766,13.358154296875,-18.807098388671875,9.760544776916504,23.320396423339844,7.6117377281188965,-10.540274620056152,9.9751558303833,13.356393814086914,8.334585189819336,-17.537811279296875,8.314909934997559,16.388519287109375,8.48087215423584,-10.054388046264648,7.458938121795654,8.941800117492676,7.275215148925781,-16.081073760986328,5.80517578125,0.42260268330574036,0.27885034680366516,2464.596757533146,442.21625126924346,2204.478598691696,273.7916504296625,4951.653391362713,865.4679026507469,0.13437825016931115,0.036374302019338875,0.12169550359249115,0.03543683886528015,20.221793658330583,9.15220139168321,0.033970148177398844,0.13911534888088484,151.99908088235293,metal
metal.00006.wav,-140.77830505371094,28.01880645751953,55.92315673828125,20.769235610961914,-12.291191101074219,17.2120418548584,44.319007873535156,12.345558166503906,-10.60477066040039,12.356756210327148,10.867444038391113,8.405782699584961,-0.9533347487449646,11.91240119934082,22.24396514892578,10.14327335357666,-9.37897777557373,10.129549980163574,15.246444702148438,7.596174716949463,-3.0641422271728516,8.685239791870117,9.07236099243164,7.9041666984558105,-8.798300743103027,7.786531925201416,0.43396317958831787,0.2830986976623535,3237.576392654718,588.54053523801,2573.2144093958636,271.5647781839271,6229.395665029992,978.6095982884269,0.1981254081607972,0.057698210371022816,0.050441399216651917,0.010146347805857658,21.324946380657362,8.945829119543317,-0.048711675123664526,0.12749591480368822,123.046875,metal
metal.00007.wav,-108.09747314453125,16.418027877807617,65.77732849121094,16.880746841430664,-20.841005325317383,15.642475128173828,47.559593200683594,10.499988555908203,0.8536283373832703,9.72344970703125,8.99120807647705,6.4330735206604,-3.2142603397369385,7.888457298278809,20.978044509887695,6.782412528991699,-10.349270820617676,6.4836039543151855,7.8764495849609375,5.6395111083984375,-8.126470565795898,5.681099891662598,12.045557022094727,5.939620018005371,-9.15512752532959,6.016224384307861,0.5813671350479126,0.2482919842004776,2939.529800244255,493.9926533979308,2522.7270587232188,299.72496862470916,5806.8482201165825,1018.0258872637357,0.16837313153057276,0.043297733765302285,0.06947104632854462,0.012545501813292503,19.758107334257442,9.268990124786237,0.0024315932311775364,0.07682159021440432,151.99908088235293,metal
metal.00008.wav,-149.9843292236328,42.129051208496094,67.90699768066406,27.185768127441406,-6.688848495483398,22.232952117919922,32.08448791503906,13.339567184448242,6.079798698425293,13.054425239562988,12.23563003540039,10.898584365844727,9.134744644165039,9.896949768066406,10.182916641235352,10.59710693359375,3.7711071968078613,8.090314865112305,10.596400260925293,9.017017364501953,0.7727521061897278,7.416219711303711,7.71568489074707,7.988691806793213,-1.1583731174468994,7.223016738891602,0.46657755970954895,0.28679224848747253,2964.5694774912263,922.159379155508,2758.3968686086223,531.906043345233,6187.337586016109,1799.4422435627662,0.14055924076044893,0.07110296064752432,0.05838334932923317,0.014258379116654396,19.729092180155835,6.68734610517453,0.041667168088786524,0.11999426866471177,117.45383522727273,metal
metal.00009.wav,3.642235040664673,23.308496475219727,104.75209045410156,13.83500862121582,-0.8226447701454163,10.715767860412598,55.941104888916016,14.90771484375,-29.22248649597168,8.920616149902344,31.255441665649414,8.025619506835938,-14.195286750793457,7.856138706207275,20.20258903503418,7.086095809936523,-8.280900955200195,7.036527633666992,15.18163776397705,6.322536468505859,-14.587308883666992,4.788466930389404,15.663605690002441,5.308602809906006,-12.99042797088623,4.782435417175293,0.5270196199417114,0.24643874168395996,2250.890548724811,311.0357651302905,2390.1164654786567,160.80140268838,5112.4440857500485,501.3198232958131,0.09467932166698917,0.023542089737412494,0.3127274513244629,0.03230007737874985,19.82817712618649,10.541256329316568,-0.014378281707038882,0.08170213556447793,112.34714673913044,metal
metal.00010.wav,-58.720359802246094,22.196277618408203,70.55818176269531,16.11741065979004,-19.42135238647461,10.555644989013672,73.59315490722656,15.027219772338867,-27.765424728393555,12.701309204101562,23.759441375732422,8.358503341674805,-17.9041690826416,7.567387580871582,21.222898483276367,9.719740867614746,-16.949420928955078,7.764536380767822,16.136871337890625,6.827780246734619,-15.223487854003906,5.553884983062744,14.87415599822998,4.891027927398682,-18.705825805664062,5.384954929351807,0.5418776869773865,0.24563825130462646,3048.5052057998882,335.9658221798255,2358.8824139471512,171.35192122455845,5662.490759693063,575.2672120093237,0.19654038373161764,0.04309514959416734,0.11810389906167984,0.012321673333644867,19.934115640050063,10.392705366224277,-0.004675819801060035,0.09227416839752561,184.5703125,metal
metal.00011.wav,8.792969703674316,13.21218490600586,82.82320404052734,10.789865493774414,-30.564281463623047,9.742156028747559,66.71607971191406,8.005718231201172,-16.359281539916992,8.632423400878906,16.568220138549805,6.079788684844971,-10.763800621032715,5.8670830726623535,29.540407180786133,6.282442092895508,-25.08977699279785,5.086445331573486,16.821931838989258,4.756680011749268,-11.392602920532227,5.061338424682617,12.785900115966797,4.66540002822876,-13.347066879272461,4.59928560256958,0.5108508467674255,0.258710652589798,2699.980049142347,209.20715739479203,2240.17995020246,122.35530287613612,5157.935477336494,401.9800343498223,0.17150160845588236,0.028455627341631567,0.2306375354528427,0.015965284779667854,20.463515441188456,10.878185432396373,-0.0026977476770813397,0.05958411854713343,161.4990234375,metal
metal.00012.wav,-64.10792541503906,21.18491554260254,74.52598571777344,15.089424133300781,-45.96800231933594,11.730058670043945,65.85509490966797,13.954378128051758,-14.676302909851074,8.680143356323242,23.84915542602539,9.424210548400879,-13.777111053466797,9.033196449279785,37.762298583984375,7.205808639526367,-10.5878324508667,7.579108238220215,21.390439987182617,6.70853853225708,-9.345857620239258,6.102086544036865,17.91301918029785,6.038636684417725,-10.791604042053223,5.458763122558594,0.6049745678901672,0.22542667388916016,2803.303204375182,282.5428233983984,2183.246266793505,162.61352512472928,5262.743176912007,575.8919621516352,0.17691276243227555,0.02722314099287,0.11428379267454147,0.009896035306155682,20.064840799616565,9.968336277965616,0.03602561388152026,0.10708384423688325,172.265625,metal
metal.00013.wav,-84.90263366699219,30.941091537475586,64.63973999023438,15.283121109008789,-36.32612991333008,10.966403007507324,65.39541625976562,12.192987442016602,-13.867815971374512,8.212597846984863,22.872535705566406,7.630862712860107,-15.565662384033203,8.7965669631958,36.293033599853516,7.795117378234863,-13.677165985107422,6.574160575866699,21.25946617126465,6.369691371917725,-9.251360893249512,5.595067501068115,19.171607971191406,5.184874057769775,-10.60749340057373,5.27739953994751,0.6362047791481018,0.21113398671150208,3047.8529556987282,340.9608631942038,2303.5609515672522,135.3282786164484,5735.965315402476,544.135795765307,0.20360421101006193,0.037004285797022474,0.08629317581653595,0.012431555427610874,19.514722801791372,10.134440013548188,0.008310831295567261,0.07466709612203735,135.99917763157896,metal
metal.00014.wav,-117.9197006225586,44.024288177490234,65.44175720214844,15.55981731414795,-51.43996047973633,12.64599895477295,74.10701751708984,12.948501586914062,-13.760527610778809,8.453333854675293,25.75345802307129,7.321431636810303,-13.13806438446045,7.878305435180664,32.225914001464844,8.23255729675293,-10.345248222351074,6.063092231750488,21.71337127685547,7.096166610717773,-7.802454471588135,5.455108165740967,12.349828720092773,7.167304992675781,-14.45273494720459,5.342391014099121,0.552592396736145,0.2513764500617981,2877.3990222346356,306.71245070177616,2101.176611844931,185.21615410221892,5198.36856617647,591.6340471092059,0.18530764742163314,0.03667116973941921,0.07755839079618454,0.015288490802049637,20.794266286350396,9.060481450304065,0.02882704211107333,0.13475509543156017,151.99908088235293,metal
metal.00015.wav,-76.78498840332031,22.990758895874023,68.00348663330078,15.060163497924805,-11.247029304504395,10.702022552490234,76.36323547363281,14.466472625732422,-17.476348876953125,11.882606506347656,25.336973190307617,7.775543689727783,-17.900314331054688,8.197874069213867,20.368680953979492,7.950451374053955,-21.420488357543945,6.515502452850342,14.217724800109863,6.215507984161377,-15.76894474029541,5.32905387878418,12.524235725402832,4.641157150268555,-18.507431030273438,5.389291763305664,0.4849301874637604,0.2589492201805115,2986.8234673152315,359.6905508050175,2458.9986179482075,166.1307500850038,5818.289817597475,616.5221137219787,0.16926541638448142,0.03596182954813649,0.11093488335609436,0.013557113707065582,19.913315443204766,10.18129940126454,0.01548305707503708,0.10324329481545577,172.265625,metal
metal.00016.wav,26.69307518005371,19.778783798217773,79.79640197753906,18.23308563232422,-52.05575180053711,15.292896270751953,51.320682525634766,14.233771324157715,-16.361846923828125,12.700674057006836,22.011911392211914,10.900425910949707,-17.46108055114746,11.219295501708984,30.92519187927246,10.70040512084961,-15.979047775268555,8.498456954956055,16.12738800048828,8.375285148620605,-12.196157455444336,6.795019626617432,11.30388355255127,7.174968719482422,-12.446610450744629,7.09130859375,0.5020533800125122,0.2607017755508423,2743.3971145568185,380.6946244388759,2140.557521316081,225.4476265016685,5129.2856505780765,765.5916605098629,0.17962174076044893,0.039744176785826056,0.2696990966796875,0.04269394278526306,20.156682331519953,10.848003536938693,-0.018334277756675094,0.054692978810649634,92.28515625,metal
metal.00017.wav,-75.51750946044922,22.188234329223633,81.91142272949219,15.332322120666504,-22.08108139038086,12.401528358459473,69.87699890136719,10.849905014038086,-11.740438461303711,8.292120933532715,25.740245819091797,8.052088737487793,-18.518964767456055,8.05830192565918,27.0277099609375,6.328291416168213,-14.085997581481934,7.013849258422852,22.134109497070312,6.520415782928467,-12.107687950134277,5.6337175369262695,14.951658248901367,5.522495269775391,-13.525077819824219,5.476863861083984,0.580923855304718,0.24212558567523956,2656.165733706924,444.67646165089235,2337.22755658765,172.85017212526313,5325.867795206076,733.2549669261567,0.15877568389609134,0.04686163387934967,0.11375342309474945,0.02000262774527073,18.336054301003795,10.410342930398722,-0.007159177095143284,0.05083598462028821,107.666015625,metal
metal.00018.wav,-76.3720703125,25.727041244506836,123.29144287109375,27.13129997253418,-89.89614868164062,14.263437271118164,76.445556640625,11.5743408203125,-21.269107818603516,11.35830020904541,22.295799255371094,8.433594703674316,-13.65000057220459,10.705178260803223,14.647890090942383,8.819382667541504,-6.320443153381348,10.045937538146973,9.922285079956055,7.400716781616211,-3.9226880073547363,8.829389572143555,5.398592472076416,7.433005332946777,-2.488511562347412,6.9410481452941895,0.555522084236145,0.2440546303987503,2291.2788294344687,360.9451441879743,1583.4318016750553,185.4559963197059,3884.9098418150156,557.6327728822041,0.1803178816756966,0.039823299326319596,0.11838973313570023,0.011677323840558529,19.457669384275135,8.933477535494955,-0.027196972688046592,0.05257357831447399,99.38401442307692,metal
metal.00019.wav,-89.329833984375,56.134605407714844,82.3569107055664,19.396617889404297,-23.258312225341797,14.500792503356934,68.10750579833984,11.813355445861816,-13.086759567260742,9.142416954040527,22.45479965209961,9.60869312286377,-18.52653694152832,7.887920379638672,26.232650756835938,7.133573055267334,-14.358574867248535,7.462619781494141,21.504411697387695,6.601118564605713,-13.878503799438477,6.062570571899414,12.481539726257324,5.958681106567383,-14.122218132019043,5.282249927520752,0.555185079574585,0.2495252937078476,2699.597527581128,463.46340072136763,2324.236570543931,238.32377739432283,5385.400768551664,874.5829749612965,0.16150658197078174,0.047456000596404244,0.1008545383810997,0.031078428030014038,18.68837735648205,10.193256976312684,-0.013777386100993197,0.06519577795889386,112.34714673913044,metal
metal.00020.wav,-75.018310546875,35.70624542236328,81.17256927490234,17.255130767822266,-20.199926376342773,10.452935218811035,68.30472564697266,9.812482833862305,-11.342597961425781,7.888163089752197,23.670305252075195,8.368640899658203,-19.834020614624023,7.594498157501221,24.183435440063477,5.86152458190918,-13.177371978759766,6.5293498039245605,22.286407470703125,6.7590718269348145,-11.556872367858887,6.687114238739014,13.553210258483887,5.740177154541016,-15.058012962341309,5.355597496032715,0.49589502811431885,0.2699648141860962,2658.2188462959766,434.95373934519074,2345.8279592545605,180.8733057695462,5358.7425964166505,769.3744781136359,0.152409131312887,0.04549509372384177,0.11727560311555862,0.029440805315971375,18.888107755205958,10.311576710038564,-0.009680726906398,0.06734255967989107,99.38401442307692,metal
metal.00021.wav,-76.2828598022461,24.935319900512695,61.76295852661133,14.267586708068848,-37.11274719238281,12.12353801727295,62.44001388549805,10.553248405456543,-14.831242561340332,8.56524658203125,34.567806243896484,8.037909507751465,-11.487005233764648,9.275557518005371,30.963096618652344,5.883358955383301,-12.27812385559082,7.508057594299316,22.313232421875,6.421679973602295,-7.511116981506348,6.8704729080200195,17.84716033935547,5.379337310791016,-11.126255989074707,5.883255481719971,0.5254718065261841,0.2591269314289093,3046.7299311449274,400.56446928000673,2324.3903702115454,159.20290019187348,5735.348652464687,615.1604893160276,0.19161335381191952,0.050785613351194143,0.10844625532627106,0.0284880381077528,20.338977092365784,10.12489818531433,0.032200019306955055,0.10891138091319306,107.666015625,metal
metal.00022.wav,-45.84393310546875,30.293548583984375,108.01372528076172,12.58243465423584,-11.740544319152832,11.868265151977539,66.3277587890625,8.905425071716309,-30.207605361938477,8.058915138244629,9.236700057983398,10.52304458618164,-25.772972106933594,7.00667667388916,21.877349853515625,6.922647476196289,-17.929054260253906,5.687923431396484,10.275842666625977,6.6311163902282715,-14.119917869567871,6.175985813140869,18.74677085876465,5.561850070953369,-14.238831520080566,5.402290344238281,0.3698008060455322,0.28202584385871887,2218.499205435564,301.90610837180725,2226.12293771312,135.43609895194248,4779.587765153347,493.7335239812729,0.10698310214299536,0.03212733487949699,0.19878226518630981,0.05117468535900116,21.6706954950918,10.482713853948239,0.013921916261913048,0.13127031113917334,135.99917763157896,metal
metal.00023.wav,-43.71674346923828,29.489444732666016,82.74609375,15.483382225036621,-29.634931564331055,16.01420783996582,70.41970825195312,11.337767601013184,-21.6125545501709,7.321871280670166,31.165260314941406,8.105730056762695,2.0789451599121094,8.486419677734375,28.88348960876465,6.472445487976074,-2.683551788330078,8.184228897094727,19.901939392089844,6.079192638397217,-6.940589904785156,6.122864723205566,19.136198043823242,5.961289405822754,-7.372360706329346,5.462692737579346,0.5272756814956665,0.26217466592788696,2576.10753705241,378.4690141807217,2237.106952069191,236.45447642231773,5058.119414243904,650.0237130384826,0.13178756288699692,0.0415630192775949,0.19530221819877625,0.03560613468289375,20.80389783466213,9.613725292959547,0.019766150102326036,0.10331025286296958,143.5546875,metal
metal.00024.wav,-16.70627784729004,17.05927085876465,94.11414337158203,16.91885757446289,-32.78630065917969,14.352058410644531,61.49044418334961,13.801634788513184,-10.10155200958252,7.333652496337891,34.223567962646484,8.24347972869873,-11.971186637878418,8.559679985046387,28.20022201538086,7.105626583099365,-15.321425437927246,7.388182640075684,19.325450897216797,7.554617404937744,-8.278708457946777,7.003075122833252,17.934833526611328,6.355317115783691,-7.455647945404053,6.930315971374512,0.47880807518959045,0.27234408259391785,2410.986411509785,459.55194824691847,2227.7060388833856,257.09534301890693,4950.420065487132,876.7639494555885,0.12833369110390866,0.04231652428962331,0.23138710856437683,0.02864362671971321,20.63465099150653,10.303800484150909,0.0350708594371797,0.15266188771671124,112.34714673913044,metal
metal.00025.wav,-120.1278076171875,44.30460739135742,91.28766632080078,22.17109489440918,-38.794960021972656,23.44136619567871,75.0037841796875,14.575408935546875,-3.8060123920440674,10.198781967163086,22.666488647460938,10.357732772827148,-8.123723983764648,9.217723846435547,23.654571533203125,8.205267906188965,-14.638493537902832,6.618124485015869,13.365053176879883,8.081526756286621,-9.405638694763184,6.724583148956299,13.70650863647461,5.655920028686523,-9.314507484436035,6.339266300201416,0.4655107855796814,0.2752862274646759,2384.812609828754,517.8685785762581,2073.302486019001,343.2793769157319,4585.038941563467,1070.2149786415257,0.12610316793246903,0.044944668338700276,0.10044173151254654,0.022281507030129433,19.721734258888144,8.918160193494767,0.03242094994115364,0.10655929224702106,135.99917763157896,metal
metal.00026.wav,-61.475521087646484,23.040508270263672,71.7444839477539,11.976789474487305,-46.28823471069336,10.026917457580566,75.44221496582031,9.210912704467773,-18.52456283569336,6.962356090545654,35.95708465576172,6.735084533691406,-12.682559967041016,5.836315631866455,28.374231338500977,5.2592549324035645,-9.363222122192383,6.755856990814209,14.510961532592773,6.344666004180908,-4.269454479217529,7.075795650482178,11.87000846862793,5.909117698669434,-16.039182662963867,6.980938911437988,0.48454973101615906,0.2698787748813629,2871.3062606691374,249.86086399316017,2127.0201151316833,150.13389861473757,5187.1436340520995,318.29988033281,0.19822933799342105,0.043130432705475535,0.1382410228252411,0.022387616336345673,20.497344325279396,9.600218604143562,0.023286026414663225,0.07622134289971375,129.19921875,metal
metal.00027.wav,-36.46259307861328,27.400808334350586,94.79668426513672,12.386514663696289,-36.610260009765625,9.764196395874023,55.00199508666992,10.931459426879883,-8.238860130310059,10.306793212890625,29.687299728393555,7.700828552246094,-13.684500694274902,7.82524299621582,28.724905014038086,7.098794937133789,-11.995235443115234,6.789843559265137,19.36692237854004,6.110177516937256,-15.665719032287598,5.719749927520752,13.938667297363281,5.279459476470947,-11.981067657470703,5.39516019821167,0.47494441270828247,0.2738558053970337,2398.412461241184,280.95552474902877,2218.776789877403,155.0624383952106,4866.8372375677245,609.6030404098317,0.12830912587074303,0.028415863847339663,0.165077805519104,0.030382726341485977,19.096768386970957,10.199650393389426,-0.021872721057154324,0.06896940333013725,129.19921875,metal
metal.00028.wav,-28.08998680114746,13.526386260986328,84.03387451171875,14.1333646774292,-43.71615982055664,13.265485763549805,47.990970611572266,8.329646110534668,-22.455089569091797,7.226096153259277,19.917407989501953,6.444472789764404,-25.181150436401367,7.820462703704834,24.802288055419922,5.836373329162598,-13.120749473571777,5.755003929138184,24.66950225830078,6.6585307121276855,-16.41937255859375,5.607236862182617,17.56419563293457,5.26344633102417,-15.417398452758789,5.56572961807251,0.4812479019165039,0.26135921478271484,2789.300841643996,376.6427868963728,2247.55273231388,206.11724489494588,5345.842674420714,797.9173981903596,0.17996187475812694,0.03624211325026643,0.1440742015838623,0.01595623418688774,20.523739230010683,10.334299295944787,-0.017687151658629045,0.09135521459256905,135.99917763157896,metal
metal.00029.wav,-103.65835571289062,36.788124084472656,73.83582305908203,17.633705139160156,-16.12746810913086,13.681866645812988,53.154727935791016,12.718271255493164,-25.099674224853516,12.900879859924316,33.991573333740234,12.033551216125488,-13.641717910766602,10.087214469909668,25.99047088623047,9.540755271911621,-18.906932830810547,8.011433601379395,18.668743133544922,7.376069068908691,-12.777742385864258,6.887093544006348,9.54562759399414,5.6549835205078125,-16.148778915405273,6.880290508270264,0.4409225881099701,0.28202083706855774,2955.2644930453703,507.1591768822132,2478.4332031027843,174.4980276323885,5928.739149725474,667.9948464437698,0.16334179385158668,0.05784401945485649,0.08899232745170593,0.020741324871778488,21.047405565343777,9.947651286843914,-0.0011597568944914803,0.12878805357614742,123.046875,metal
metal.00030.wav,-77.45471954345703,34.48634719848633,130.8889617919922,22.58909034729004,-23.28746795654297,14.686525344848633,61.996238708496094,7.5910844802856445,0.9075685739517212,8.9552583694458,30.532888412475586,6.89215087890625,-8.758488655090332,6.945130348205566,19.443262100219727,7.05036735534668,-2.227692127227783,6.41291618347168,13.108555793762207,6.8349199295043945,-3.2997822761535645,7.126253604888916,8.93582534790039,5.603116989135742,-8.964678764343262,6.445474624633789,0.4622928500175476,0.2671598196029663,1525.6954691515564,451.17272347903446,1868.4091444059852,369.8905128848097,3501.087162738245,1154.4214090412129,0.051203016157120744,0.017525483005144196,0.23020584881305695,0.042998164892196655,21.487144594563276,8.50841402236336,0.019898392541770754,0.08920848463258992,129.19921875,metal
metal.00031.wav,-12.502531051635742,28.295730590820312,91.33016967773438,14.801878929138184,-23.0791015625,12.771710395812988,50.981163024902344,12.805758476257324,-12.106396675109863,9.812996864318848,30.916202545166016,7.313459873199463,-15.001935005187988,10.501241683959961,23.061729431152344,7.275915622711182,-14.281174659729004,8.079025268554688,23.065378189086914,8.502811431884766,-17.684673309326172,7.241062641143799,13.161979675292969,6.398594856262207,-15.200902938842773,7.37998104095459,0.4462239444255829,0.27372223138809204,2566.910608201603,408.69753570504287,2408.617499805147,199.53268989469822,5444.5504108818695,760.4662891290174,0.12520937137190402,0.042488791984233026,0.2203839123249054,0.039531368762254715,20.64314383766694,10.470165743793407,-0.012947546698895217,0.11494583779548515,135.99917763157896,metal
metal.00032.wav,-61.90703582763672,46.22834014892578,93.03636169433594,17.9285888671875,-39.967708587646484,16.981340408325195,56.14796447753906,9.599991798400879,-19.685197830200195,7.335229873657227,23.381887435913086,8.866849899291992,-7.644094467163086,10.176409721374512,17.719402313232422,6.950900554656982,-19.306636810302734,8.300220489501953,17.783296585083008,5.897947788238525,-13.095866203308105,6.92611026763916,14.30197811126709,6.334210395812988,-13.079706192016602,6.59081506729126,0.43656766414642334,0.2749592661857605,2502.5342481859757,440.83661785454035,2133.9316278960073,276.02379458129604,4761.48787460091,934.7895242189737,0.14816085768188855,0.03936755997272909,0.13647572696208954,0.031799010932445526,21.00227418777197,9.293222429766969,0.029237076911234294,0.12018981020494098,117.45383522727273,metal
metal.00033.wav,-35.73134994506836,44.04539108276367,115.4668960571289,28.106361389160156,-40.63166427612305,14.45504093170166,75.38111114501953,10.134708404541016,-12.545452117919922,10.05260181427002,21.83925437927246,8.67587947845459,1.8210290670394897,11.659214973449707,15.60556411743164,8.778512954711914,-0.17317195236682892,8.475215911865234,10.234973907470703,6.060737133026123,-11.762731552124023,5.07572603225708,15.405224800109863,5.477684497833252,-12.47100830078125,4.768768310546875,0.4802137315273285,0.27905455231666565,2029.8387796734646,568.5392769772228,1929.5737681834808,296.15233768021994,4223.366128549487,829.8951746572243,0.10000733177728328,0.047871586088114135,0.2567307949066162,0.03543040528893471,20.666627595529505,9.6137165565344,0.01623772418016883,0.08707506983831177,123.046875,metal
metal.00034.wav,-104.68675994873047,53.59919357299805,87.7356948852539,28.226337432861328,-33.24212646484375,19.09928321838379,48.45683288574219,20.41241455078125,-28.924985885620117,12.766663551330566,22.513729095458984,11.384146690368652,-24.994108200073242,10.899120330810547,20.53480339050293,9.643584251403809,-12.077210426330566,9.010953903198242,18.256620407104492,9.87909984588623,-15.190194129943848,7.904412269592285,10.294037818908691,8.027454376220703,-13.897688865661621,9.507820129394531,0.4068881869316101,0.28833630681037903,2707.5423665716226,664.737744329241,2235.0475160780124,267.9010624977483,5292.017999891157,991.1918991017625,0.16091248125483745,0.05765645595689141,0.09048659354448318,0.024815361946821213,20.565099267334617,9.383253959846229,0.03721617429618306,0.10412822918017649,161.4990234375,metal
metal.00035.wav,13.47215461730957,43.56783676147461,78.02857971191406,18.596158981323242,-32.999122619628906,20.114412307739258,55.55011749267578,10.790054321289062,-9.963229179382324,7.624929428100586,35.41740798950195,8.871706008911133,-17.641218185424805,9.199483871459961,29.05707550048828,8.497776985168457,-11.254932403564453,8.460771560668945,14.00488567352295,9.288372993469238,-10.102362632751465,7.064908504486084,16.5273494720459,8.664864540100098,-8.494954109191895,5.807275295257568,0.5016604065895081,0.2704353928565979,2836.947977795833,491.1733531520667,2339.3457327787883,290.67873116492694,5615.124379444417,850.5089746064713,0.1628051379885836,0.05653775135487852,0.27074897289276123,0.06246258690953255,20.144200679065957,11.40841694995296,-0.04906992733865007,0.09703093950022042,117.45383522727273,metal
metal.00036.wav,-71.27533721923828,26.958478927612305,82.33836364746094,16.426836013793945,-30.173229217529297,13.30683708190918,56.46429443359375,10.633172035217285,-10.87507152557373,9.354619026184082,26.822750091552734,7.816246032714844,-15.808303833007812,7.993106842041016,25.34827423095703,6.449718475341797,-15.630502700805664,6.815668106079102,17.76871109008789,7.516141414642334,-13.0557279586792,7.118594646453857,14.628011703491211,6.1850690841674805,-14.275041580200195,6.900365352630615,0.5190667510032654,0.2663479149341583,2685.8291745827923,421.69353552120856,2317.5266104972716,185.96704457966518,5331.467761343847,737.9107841416688,0.16050318667763158,0.04887139682819978,0.11219081282615662,0.028802314773201942,19.881809449769474,10.28955598011182,0.000856670482687057,0.06431776730659643,143.5546875,metal
metal.00037.wav,-79.07527160644531,18.185014724731445,106.81675720214844,14.807049751281738,-38.75978088378906,11.618863105773926,39.85444641113281,7.975449085235596,-26.75737762451172,6.6897687911987305,32.46525955200195,6.094310283660889,-15.021737098693848,7.846125602722168,29.701921463012695,6.5859904289245605,-11.37106990814209,6.760883808135986,13.770957946777344,6.775907039642334,-14.502705574035645,7.024449348449707,16.169477462768555,6.738810062408447,-3.062653064727783,7.905483722686768,0.3958386182785034,0.28659966588020325,2292.510290744662,419.3791857129215,2149.2658033816874,210.68207619782422,4819.912521315064,749.1880534352911,0.12365873826915634,0.04131511876307029,0.11197950690984726,0.018171509727835655,20.681682697250523,9.34761097297238,-0.026812889204266624,0.11639018843179126,135.99917763157896,metal
metal.00038.wav,-122.2348861694336,105.76211547851562,62.28791427612305,26.53183364868164,-34.47575378417969,24.035009384155273,75.65299987792969,15.52773380279541,6.277377605438232,13.013641357421875,22.031089782714844,18.919021606445312,-10.95864486694336,9.99794864654541,23.2354793548584,17.39484977722168,-12.284939765930176,9.242688179016113,5.612534523010254,15.699344635009766,-6.983781814575195,7.602367877960205,5.616976737976074,11.977295875549316,-14.398442268371582,6.958995819091797,0.4705982506275177,0.29772520065307617,2690.651414951033,691.2398062780513,2118.467954400867,435.86013998345345,5088.035900009675,1297.6469162882504,0.14832790126741485,0.059041846333270094,0.14581423997879028,0.08357977867126465,21.712120959174094,9.692371438506719,0.0072852852577274625,0.1340381380814241,95.703125,metal
metal.00039.wav,-99.77964782714844,61.87267303466797,102.1220703125,25.94263458251953,-23.655641555786133,11.610029220581055,63.082618713378906,15.859579086303711,-8.785432815551758,17.624210357666016,30.73992919921875,11.09785270690918,-9.646097183227539,9.021488189697266,14.164795875549316,7.385899066925049,0.37265703082084656,7.57513427734375,13.223106384277344,6.13625431060791,-10.096966743469238,8.915011405944824,9.193242073059082,7.0238471031188965,-4.932151794433594,6.154785633087158,0.37923383712768555,0.2908158600330353,2099.3502081908823,576.9030813611995,2062.5313354447185,368.23902105147914,4450.38142248573,1079.9584246711333,0.08829727409055728,0.04019643136162426,0.15433324873447418,0.05809088051319122,21.4301562373509,8.509103831237525,0.001467311361913151,0.1891757660900193,117.45383522727273,metal
metal.00040.wav,-74.11552429199219,28.268850326538086,80.12188720703125,16.8298282623291,-46.98442077636719,15.436471939086914,51.019859313964844,9.289506912231445,-9.1384916305542,8.111949920654297,31.765640258789062,9.429327964782715,-6.376152038574219,9.961882591247559,24.855520248413086,6.81125020980835,-19.142608642578125,7.96579122543335,20.790122985839844,6.7923688888549805,-11.669212341308594,6.8007659912109375,13.848666191101074,5.682188510894775,-16.4748592376709,5.93461275100708,0.5092077255249023,0.27433520555496216,2709.5400662447228,457.8542612683631,2194.487062440739,241.841956207088,5081.527606031105,915.5491825278981,0.16644079249709753,0.046304033099206235,0.10460098087787628,0.02387412078678608,19.98619098609602,9.591459758936896,0.011828199889003571,0.07863617669037722,107.666015625,metal
metal.00041.wav,-100.42864990234375,36.42410659790039,104.687255859375,19.860898971557617,-57.25812530517578,18.153837203979492,56.59077453613281,10.6220121383667,-5.536773681640625,9.65655517578125,22.83633041381836,10.067052841186523,-6.167543411254883,10.509502410888672,23.09093475341797,8.879830360412598,-19.06918716430664,7.083708763122559,17.792306900024414,7.22135066986084,-13.767807960510254,6.917023181915283,9.958694458007812,7.0786027908325195,-14.84881591796875,6.987612724304199,0.4568982720375061,0.27568987011909485,2269.195809921602,368.61254545476453,1928.8258972738686,297.5013600020522,4186.549684506821,852.6695707823152,0.13738125544214397,0.032912748338111274,0.09756061434745789,0.019056368619203568,20.772981416776158,8.552559531354829,0.015478170635241617,0.1251111039397056,117.45383522727273,metal
metal.00042.wav,-93.5913314819336,26.505285263061523,89.8940200805664,15.28083324432373,-55.90269470214844,12.462173461914062,51.637325286865234,7.456674575805664,-5.558395862579346,8.191659927368164,28.777814865112305,8.468880653381348,-13.89287281036377,7.558359622955322,27.350772857666016,7.429610252380371,-15.316164016723633,7.810677528381348,22.82941246032715,6.729485511779785,-12.410712242126465,6.3078532218933105,9.704985618591309,5.837323188781738,-19.730850219726562,6.033308506011963,0.4366055727005005,0.285287082195282,2463.4494582050966,350.99651047790064,2037.3001787840026,229.85358562621016,4547.580834734182,846.8242172121879,0.15180860584365324,0.03138911017468492,0.09364970773458481,0.019671931862831116,20.949598835196287,9.017428216558729,0.013162872363342916,0.10764356885432484,129.19921875,metal
metal.00043.wav,-110.87448120117188,66.38388061523438,83.18675994873047,24.67971420288086,-45.257423400878906,29.907115936279297,56.5964241027832,13.119437217712402,-7.492354393005371,13.614669799804688,19.979755401611328,11.36033821105957,-13.402860641479492,12.85754680633545,21.21897315979004,9.24393367767334,-15.71973991394043,9.53701114654541,18.087411880493164,7.451817989349365,-18.127010345458984,6.643802165985107,12.930389404296875,6.2211785316467285,-17.241710662841797,7.8790483474731445,0.43851199746131897,0.2859433591365814,2683.329925042629,588.4692820873673,2126.7478903554274,409.7967996057234,4972.6949307940695,1244.8414965642946,0.17731298676954335,0.06290043957582503,0.0904478132724762,0.03340301290154457,20.456751255076927,9.079670391811685,-0.034942450107547894,0.11499446390935428,95.703125,metal
metal.00044.wav,-86.27023315429688,29.709558486938477,76.75910949707031,19.646343231201172,-42.35627365112305,16.928380966186523,53.99910354614258,9.83890438079834,-8.3302583694458,8.776469230651855,29.407861709594727,9.119325637817383,-7.908730506896973,10.09377670288086,26.661462783813477,7.484090328216553,-14.234940528869629,8.915535926818848,18.466794967651367,6.742629051208496,-17.955867767333984,6.412894248962402,9.869915962219238,5.724736213684082,-19.038646697998047,6.1525115966796875,0.46960169076919556,0.2707193195819855,2760.3423816837835,462.7111995761409,2242.7379917564754,277.49865211046773,5260.1848590484715,986.0967886432416,0.17124877551760836,0.04077768209285232,0.095346599817276,0.024279465898871422,20.984944646009794,9.279224067331763,0.022928714046346412,0.10262594254512351,117.45383522727273,metal
metal.00045.wav,-135.5176239013672,75.96585083007812,93.37061309814453,26.912565231323242,-43.314273834228516,26.675430297851562,59.227752685546875,14.958769798278809,-8.516593933105469,11.596002578735352,20.944652557373047,11.740578651428223,-6.532815933227539,12.60183048248291,21.88986587524414,9.657580375671387,-18.970129013061523,9.029568672180176,17.050317764282227,8.626667022705078,-15.88487720489502,8.647958755493164,11.082777976989746,6.834671974182129,-18.488880157470703,7.719743251800537,0.4301720857620239,0.28472164273262024,2389.4350405557316,604.904232379294,2027.283197639479,345.1353626206591,4448.281435184065,1111.4386374074415,0.1442818184017028,0.06215697131575126,0.08803665637969971,0.03160172328352928,21.275602695715254,8.555318964740328,0.026010499566954642,0.14101184098361796,61.5234375,metal
metal.00046.wav,0.3734971880912781,18.342941284179688,79.70632934570312,13.604647636413574,-30.638967514038086,10.3467378616333,61.075767517089844,9.796274185180664,-17.464641571044922,7.157072067260742,26.69574546813965,7.794187545776367,-21.25828742980957,6.9568586349487305,22.35318946838379,5.511573791503906,-13.023765563964844,6.179686546325684,17.867393493652344,5.684045314788818,-13.381072998046875,5.341577529907227,19.257633209228516,5.390104293823242,-10.976208686828613,5.282019138336182,0.48254916071891785,0.27416470646858215,2795.6746741322545,309.1106570391674,2321.7588424214873,168.50286302846928,5455.575344215606,546.7082041685619,0.16373219209558823,0.03061478256156244,0.21233072876930237,0.023806210607290268,20.58988652942851,10.79149969382542,-0.017321269378724337,0.08620419252256518,117.45383522727273,metal
metal.00047.wav,-1.9254101514816284,21.864131927490234,72.695556640625,17.48116111755371,-32.789642333984375,15.588287353515625,63.59203338623047,10.552214622497559,-18.557952880859375,8.350726127624512,25.872955322265625,8.003210067749023,-13.854104995727539,8.908933639526367,18.06438446044922,7.444478511810303,-11.945405960083008,7.3769073486328125,19.6575927734375,6.859674453735352,-13.961471557617188,6.7190842628479,18.73766326904297,7.209657669067383,-11.190176010131836,6.249599933624268,0.4310415983200073,0.2856505215167999,2908.260266485554,392.34136519341524,2286.246871539177,246.42670705755125,5405.6423128204815,789.7573909565023,0.17811948227070434,0.0419342925437274,0.21744711697101593,0.03508007153868675,20.043229442171384,10.131521806336975,0.000722490962272001,0.10169284221590894,103.359375,metal
metal.00048.wav,9.61259937286377,20.74139404296875,76.3458251953125,12.514660835266113,-31.27543830871582,11.986064910888672,56.88774490356445,10.659914016723633,-20.739660263061523,9.100349426269531,27.254444122314453,7.834311485290527,-16.64427947998047,7.987968444824219,19.372135162353516,7.391723155975342,-13.9225492477417,6.906096935272217,19.669509887695312,6.458469867706299,-16.064048767089844,6.4002532958984375,17.490234375,6.703824996948242,-12.9599609375,5.794852256774902,0.4770042598247528,0.2556743621826172,2889.2745891447994,289.32893924117764,2337.500799495277,199.5109449717343,5485.266831341912,630.43600301289,0.17660928732101394,0.027827149127935137,0.2244560718536377,0.031985536217689514,20.597613190610062,10.551937595788667,-0.04135702475287091,0.09889774937912113,107.666015625,metal
metal.00049.wav,10.011059761047363,16.042882919311523,74.12017822265625,12.82811450958252,-32.231590270996094,13.106926918029785,62.77232360839844,10.079813003540039,-23.324920654296875,7.792864799499512,30.02840805053711,7.860208034515381,-14.876240730285645,7.800622940063477,20.15312957763672,6.372035026550293,-12.14114761352539,6.346169948577881,19.180307388305664,6.343737602233887,-14.977438926696777,6.0587873458862305,18.800048828125,6.6278557777404785,-12.27863597869873,5.5470147132873535,0.5244218111038208,0.2528640925884247,2980.160116271462,294.97243433532793,2297.4092335076393,191.47025042962187,5461.808639857053,591.6350501444825,0.19402490385545665,0.027590839471126585,0.2175055891275406,0.02561522275209427,20.2925733696509,10.767074462476959,0.02183102457722698,0.1011642504124903,99.38401442307692,metal
metal.00050.wav,16.498144149780273,20.430871963500977,71.17402648925781,13.278940200805664,-22.34383773803711,13.791038513183594,60.27359390258789,11.196410179138184,-18.556434631347656,9.730470657348633,27.622684478759766,8.227986335754395,-12.4092435836792,8.9174222946167,16.955913543701172,7.348609924316406,-8.733989715576172,7.821766376495361,17.861543655395508,7.182276248931885,-13.475232124328613,7.385400772094727,18.930727005004883,7.079338550567627,-11.02466106414795,6.814739227294922,0.5024440288543701,0.2677322328090668,2987.2017926625704,324.65469346032376,2408.7557346459994,238.24920412675672,5629.0576285253,720.0182632214642,0.17751366582817338,0.02933066742797598,0.24893580377101898,0.03591782599687576,19.637585662854853,10.167913340409608,0.019455726354045223,0.09117450242096622,112.34714673913044,metal
metal.00051.wav,9.626441955566406,21.41148567199707,54.66244888305664,16.08148956298828,-21.025985717773438,14.865793228149414,60.16081619262695,12.21329402923584,-21.065937042236328,9.327725410461426,32.140625,9.02991771697998,-15.826891899108887,8.463777542114258,21.457956314086914,8.602928161621094,-8.718100547790527,6.964868068695068,19.355714797973633,8.658456802368164,-12.387803077697754,6.603665828704834,19.743501663208008,8.26126480102539,-10.803767204284668,6.998815059661865,0.5169346928596497,0.2684388756752014,3401.339372945473,425.98791960022675,2458.6986699147983,221.90934132512038,6163.937727511851,690.3635400352817,0.2284702738003096,0.048721283233463204,0.22617772221565247,0.03545700013637543,19.92722050152175,10.505560044992016,0.016813442758604538,0.10199440285013836,107.666015625,metal
metal.00052.wav,4.0075812339782715,45.70741653442383,83.27434539794922,22.852447509765625,-37.258846282958984,20.772804260253906,62.33454513549805,16.5728816986084,-14.855902671813965,11.993284225463867,23.40530014038086,10.066869735717773,-10.465683937072754,9.816435813903809,16.790586471557617,9.159383773803711,-7.9484052658081055,8.929083824157715,16.296947479248047,8.293628692626953,-11.256233215332031,7.348145484924316,13.319225311279297,7.408377647399902,-7.81800651550293,6.757544994354248,0.5338851809501648,0.26357096433639526,2716.8331745213422,508.95153807286016,2208.6739200618445,355.7956871628839,5122.777356599507,1015.4916192854874,0.16221897373258515,0.04552426642134411,0.23981979489326477,0.05257246643304825,18.95172413702478,9.318688240792385,-0.003985229382772726,0.08015282303625675,161.4990234375,metal
metal.00053.wav,4.940333843231201,18.475332260131836,75.07083892822266,13.088020324707031,-24.73708152770996,12.925963401794434,57.0108528137207,10.718158721923828,-21.782840728759766,8.854995727539062,26.0488338470459,8.290543556213379,-12.566024780273438,8.4393310546875,17.441984176635742,6.764162063598633,-10.243249893188477,7.425802230834961,18.605541229248047,6.494113445281982,-13.024873733520508,7.139200687408447,18.95309829711914,6.398954391479492,-9.702420234680176,6.598586082458496,0.4926023781299591,0.2795223295688629,2906.8537059020937,345.0483055539061,2374.6262223434837,216.2310869124205,5519.324958730408,667.7813872080844,0.17261573626160992,0.03428760584440443,0.22735066711902618,0.0445164330303669,19.88624434187387,10.276517938122133,0.017608274653878216,0.09312878236101535,123.046875,metal
metal.00054.wav,1.1746386289596558,18.551454544067383,66.648681640625,13.860690116882324,-23.702896118164062,12.915202140808105,60.94436264038086,9.73598861694336,-18.885221481323242,7.9553141593933105,29.74541664123535,8.30026912689209,-17.549291610717773,8.052255630493164,21.030996322631836,6.762246608734131,-11.19126033782959,6.896210670471191,18.80836296081543,6.8531975746154785,-13.06593132019043,6.163171768188477,19.950944900512695,6.40588903427124,-10.563494682312012,5.579185485839844,0.510177731513977,0.26971879601478577,3114.329793935282,396.8193168235962,2411.5957201103206,192.53915369820965,5830.064746396091,680.2068835588009,0.19579171101006193,0.04071171129673747,0.206991046667099,0.02738855965435505,20.051914745655882,10.758705611431497,-0.009683270969453331,0.09814024463367187,123.046875,metal
metal.00055.wav,10.467679977416992,21.98960304260254,63.715049743652344,13.359086990356445,-28.434465408325195,14.227252006530762,62.60122299194336,12.586430549621582,-19.601041793823242,9.564705848693848,28.823450088500977,8.562785148620605,-15.230561256408691,8.091057777404785,19.29732894897461,7.917299270629883,-10.699569702148438,7.244385719299316,18.856491088867188,7.704575538635254,-12.712320327758789,6.596762657165527,18.030092239379883,7.471556186676025,-10.830204010009766,6.661919593811035,0.49903520941734314,0.27143412828445435,3108.6767565401215,328.05227641413506,2361.285861644137,215.73012860243475,5699.065538530379,635.755038167625,0.19692586892898606,0.033532613558509075,0.23245997726917267,0.03358181565999985,20.293155170714066,10.345398301210349,0.012411225337440084,0.10153686847049348,172.265625,metal
metal.00056.wav,11.974039077758789,19.99114990234375,69.42491912841797,14.221781730651855,-23.26604461669922,14.240273475646973,60.7076301574707,11.084953308105469,-20.82064437866211,9.098779678344727,25.098285675048828,7.885867595672607,-16.19551658630371,7.8431620597839355,15.557082176208496,8.189291954040527,-10.503490447998047,7.458544731140137,18.7784366607666,8.026811599731445,-13.38760757446289,6.565584659576416,17.373083114624023,7.133420944213867,-11.05994701385498,6.017637729644775,0.4634760618209839,0.2918226420879364,3010.8123920844464,352.42203041587356,2386.8322619411997,221.07551193620236,5633.407602221604,692.5297146163165,0.17932884759578174,0.034958637192691384,0.24290090799331665,0.03682166337966919,20.071229180353985,10.037850253333346,0.001954966736161123,0.09821953502027178,107.666015625,metal
metal.00057.wav,-24.911848068237305,38.854248046875,77.54362487792969,20.69769287109375,-30.417301177978516,17.906856536865234,68.36966705322266,12.974328994750977,-6.5246429443359375,9.383936882019043,24.694499969482422,8.52197551727295,-9.80585765838623,10.428828239440918,19.51862335205078,8.659936904907227,-11.461867332458496,8.293508529663086,18.59208106994629,7.575753211975098,-14.161356925964355,6.79641580581665,14.44835376739502,7.254415512084961,-5.9202141761779785,7.278092384338379,0.48765817284584045,0.2761065661907196,2718.481020565502,494.9103439215778,2270.645535830712,311.80528733542025,5227.210058442579,995.5580614139358,0.14377388496517027,0.04153456396144725,0.2071896493434906,0.038255684077739716,20.527641367489526,9.607302498395981,-0.0027262629315831805,0.15940947797532354,129.19921875,metal
metal.00058.wav,-15.687385559082031,18.379215240478516,100.0982666015625,13.598681449890137,-37.590457916259766,13.127217292785645,45.97100067138672,11.228865623474121,-20.77373695373535,9.332348823547363,25.637006759643555,7.326930046081543,-18.643869400024414,7.078005313873291,26.51662254333496,5.885647773742676,-20.163169860839844,7.124575138092041,21.129619598388672,6.660345077514648,-13.64913272857666,5.964277744293213,10.978789329528809,6.713752746582031,-15.535992622375488,6.1818318367004395,0.46137362718582153,0.2813207507133484,2459.3807747248898,359.69513909818687,2221.3829014466087,208.81314794009356,5024.202952665441,801.6322608955717,0.1428422957381966,0.034063371145174125,0.18442486226558685,0.03200657293200493,20.20332952450294,10.553517489410863,0.022581236298241925,0.08494065766735834,143.5546875,metal
metal.00059.wav,-15.622626304626465,18.99273109436035,99.1316909790039,12.81077766418457,-45.62268829345703,11.64542007446289,55.0214729309082,8.398442268371582,-18.016517639160156,5.475198268890381,23.8904972076416,6.724118709564209,-19.60334014892578,6.003735542297363,27.334909439086914,6.305768013000488,-15.099960327148438,5.544669151306152,18.792261123657227,5.638742923736572,-16.151487350463867,4.798644542694092,9.215641021728516,6.818447589874268,-16.21818733215332,4.997323989868164,0.4676862061023712,0.2721954882144928,2442.6700033077755,295.87733248608464,2102.9788876670614,173.82382110346714,4728.971404556889,608.7208878616681,0.14985396913699692,0.032892969553277515,0.18227964639663696,0.03008432127535343,20.40562830763124,10.339760490148091,0.013168107614327806,0.11498078624250425,99.38401442307692,metal
metal.00060.wav,-58.221923828125,23.826644897460938,105.82452392578125,14.424566268920898,-43.90766906738281,14.058177947998047,58.44156265258789,6.965549468994141,-18.440866470336914,7.50089693069458,27.96586036682129,7.186080455780029,-17.969337463378906,6.1316375732421875,21.048120498657227,6.161525726318359,-15.550261497497559,5.8738579750061035,13.395051002502441,5.572424411773682,-15.685903549194336,4.973313331604004,9.36444091796875,5.153568267822266,-15.323451042175293,5.6754560470581055,0.5405548810958862,0.24400535225868225,2315.8697989887996,338.9483509117249,2066.663280190379,192.71844049472233,4616.630417200803,648.3728869926706,0.13954412974071206,0.04014624339534633,0.12572911381721497,0.025272460654377937,19.466450552777506,9.704437915104172,0.01520136394953319,0.08962490897538453,89.10290948275862,metal
metal.00061.wav,-74.11552429199219,28.268850326538086,80.12188720703125,16.8298282623291,-46.98442077636719,15.436471939086914,51.019859313964844,9.289506912231445,-9.1384916305542,8.111949920654297,31.765640258789062,9.429327964782715,-6.376152038574219,9.961882591247559,24.855520248413086,6.81125020980835,-19.142608642578125,7.96579122543335,20.790122985839844,6.7923688888549805,-11.669212341308594,6.8007659912109375,13.848666191101074,5.682188510894775,-16.4748592376709,5.93461275100708,0.5092077255249023,0.27433520555496216,2709.5400662447228,457.8542612683631,2194.487062440739,241.841956207088,5081.527606031105,915.5491825278981,0.16644079249709753,0.046304033099206235,0.10460098087787628,0.02387412078678608,19.98619098609602,9.591459758936896,0.011828199889003571,0.07863617669037722,107.666015625,metal
metal.00062.wav,-100.42864990234375,36.42410659790039,104.687255859375,19.860898971557617,-57.25812530517578,18.153837203979492,56.59077453613281,10.6220121383667,-5.536773681640625,9.65655517578125,22.83633041381836,10.067052841186523,-6.167543411254883,10.509502410888672,23.09093475341797,8.879830360412598,-19.06918716430664,7.083708763122559,17.792306900024414,7.22135066986084,-13.767807960510254,6.917023181915283,9.958694458007812,7.0786027908325195,-14.84881591796875,6.987612724304199,0.4568982720375061,0.27568987011909485,2269.195809921602,368.61254545476453,1928.8258972738686,297.5013600020522,4186.549684506821,852.6695707823152,0.13738125544214397,0.032912748338111274,0.09756061434745789,0.019056368619203568,20.772981416776158,8.552559531354829,0.015478170635241617,0.1251111039397056,117.45383522727273,metal
metal.00063.wav,-93.5913314819336,26.505285263061523,89.8940200805664,15.28083324432373,-55.90269470214844,12.462173461914062,51.637325286865234,7.456674575805664,-5.558395862579346,8.191659927368164,28.777814865112305,8.468880653381348,-13.89287281036377,7.558359622955322,27.350772857666016,7.429610252380371,-15.316164016723633,7.810677528381348,22.82941246032715,6.729485511779785,-12.410712242126465,6.3078532218933105,9.704985618591309,5.837323188781738,-19.730850219726562,6.033308506011963,0.4366055727005005,0.285287082195282,2463.4494582050966,350.99651047790064,2037.3001787840026,229.85358562621016,4547.580834734182,846.8242172121879,0.15180860584365324,0.03138911017468492,0.09364970773458481,0.019671931862831116,20.949598835196287,9.017428216558729,0.013162872363342916,0.10764356885432484,129.19921875,metal
metal.00064.wav,-110.87448120117188,66.38388061523438,83.18675994873047,24.67971420288086,-45.257423400878906,29.907115936279297,56.5964241027832,13.119437217712402,-7.492354393005371,13.614669799804688,19.979755401611328,11.36033821105957,-13.402860641479492,12.85754680633545,21.21897315979004,9.24393367767334,-15.71973991394043,9.53701114654541,18.087411880493164,7.451817989349365,-18.127010345458984,6.643802165985107,12.930389404296875,6.2211785316467285,-17.241710662841797,7.8790483474731445,0.43851199746131897,0.2859433591365814,2683.329925042629,588.4692820873673,2126.7478903554274,409.7967996057234,4972.6949307940695,1244.8414965642946,0.17731298676954335,0.06290043957582503,0.0904478132724762,0.03340301290154457,20.456751255076927,9.079670391811685,-0.034942450107547894,0.11499446390935428,95.703125,metal
metal.00065.wav,-86.27023315429688,29.709558486938477,76.75910949707031,19.646343231201172,-42.35627365112305,16.928380966186523,53.99910354614258,9.83890438079834,-8.3302583694458,8.776469230651855,29.407861709594727,9.119325637817383,-7.908730506896973,10.09377670288086,26.661462783813477,7.484090328216553,-14.234940528869629,8.915535926818848,18.466794967651367,6.742629051208496,-17.955867767333984,6.412894248962402,9.869915962219238,5.724736213684082,-19.038646697998047,6.1525115966796875,0.46960169076919556,0.2707193195819855,2760.3423816837835,462.7111995761409,2242.7379917564754,277.49865211046773,5260.1848590484715,986.0967886432416,0.17124877551760836,0.04077768209285232,0.095346599817276,0.024279465898871422,20.984944646009794,9.279224067331763,0.022928714046346412,0.10262594254512351,117.45383522727273,metal
metal.00066.wav,-135.5176239013672,75.96585083007812,93.37061309814453,26.912565231323242,-43.314273834228516,26.675430297851562,59.227752685546875,14.958769798278809,-8.516593933105469,11.596002578735352,20.944652557373047,11.740578651428223,-6.532815933227539,12.60183048248291,21.88986587524414,9.657580375671387,-18.970129013061523,9.029568672180176,17.050317764282227,8.626667022705078,-15.88487720489502,8.647958755493164,11.082777976989746,6.834671974182129,-18.488880157470703,7.719743251800537,0.4301720857620239,0.28472164273262024,2389.4350405557316,604.904232379294,2027.283197639479,345.1353626206591,4448.281435184065,1111.4386374074415,0.1442818184017028,0.06215697131575126,0.08803665637969971,0.03160172328352928,21.275602695715254,8.555318964740328,0.026010499566954642,0.14101184098361796,61.5234375,metal
metal.00067.wav,-82.50125885009766,38.68496322631836,97.3441162109375,17.98457908630371,-34.37358474731445,17.42698860168457,71.40592193603516,13.737236976623535,-3.2831826210021973,9.27588939666748,17.367372512817383,9.197813987731934,-9.023832321166992,9.217803955078125,16.011180877685547,7.645685195922852,-19.003856658935547,7.793827533721924,12.078761100769043,6.778283596038818,-9.568191528320312,7.381631851196289,13.949616432189941,7.547255516052246,-14.460562705993652,7.068292140960693,0.4691471755504608,0.2721331715583801,2254.451747982022,426.1423508917872,2070.908728642475,256.09187245390217,4381.173507643189,825.5999458547627,0.12015875943304953,0.03841475963498382,0.13624882698059082,0.03776021674275398,20.382411410710528,8.819676825429275,0.019253897254355057,0.10385600518771028,135.99917763157896,metal
metal.00068.wav,-99.92597198486328,61.73345184326172,106.37654876708984,22.206401824951172,-40.69356918334961,16.769615173339844,52.71699142456055,11.760927200317383,-20.75264549255371,14.951729774475098,25.27851676940918,10.342812538146973,-11.83483600616455,10.15097713470459,22.090795516967773,8.14892864227295,-12.473095893859863,8.665711402893066,13.77430248260498,7.5395073890686035,-14.384913444519043,7.2608208656311035,15.974963188171387,6.909253120422363,-11.7249755859375,6.405240058898926,0.463077574968338,0.2766374349594116,2302.7150351085147,455.3913725765425,2069.410699884745,264.1206015343513,4598.97219064435,861.6403720479927,0.13075015419407895,0.0418494982610602,0.09832204878330231,0.03207350894808769,19.610382129334013,9.094025551786785,0.025890049694575885,0.13138985866766043,161.4990234375,metal
metal.00069.wav,-111.63196563720703,39.68113327026367,111.15151977539062,18.79007339477539,-10.673633575439453,15.004061698913574,69.675048828125,10.398025512695312,-4.912428379058838,9.922600746154785,29.834531784057617,7.781175136566162,-10.388691902160645,8.834816932678223,21.257766723632812,6.569272994995117,-6.639108657836914,7.671962261199951,20.084321975708008,5.9004693031311035,-7.234053134918213,6.169133186340332,16.228864669799805,6.9646220207214355,-10.118009567260742,6.70305061340332,0.4540756642818451,0.2827243506908417,1741.2304486142502,426.4123631777504,2098.6378220485844,274.73359864852847,4110.21681274792,879.5386424169383,0.05379181380611455,0.02598138017131214,0.17355334758758545,0.024823106825351715,20.42508885352626,9.000217268296728,0.010566834871011455,0.06999301143218413,161.4990234375,metal
metal.00070.wav,-197.24267578125,62.46429443359375,74.13582611083984,29.539188385009766,-10.73293399810791,27.103801727294922,54.719276428222656,15.705574989318848,-7.598918437957764,10.88322639465332,18.415987014770508,13.109472274780273,-18.87796974182129,8.978507041931152,11.60135269165039,11.529297828674316,-14.567999839782715,8.344440460205078,18.417076110839844,8.211419105529785,-16.479150772094727,8.39573860168457,12.569828987121582,7.966204643249512,-10.47082233428955,8.04552936553955,0.4146484136581421,0.29942092299461365,2742.97005055359,698.1091246529176,2450.8153919409297,318.20493329873506,5626.015980251064,1151.4900529422114,0.14287668706462847,0.06221136365525387,0.04885876551270485,0.027449600398540497,20.076476641932864,8.742372957162877,0.0017897543294784514,0.09007931444743952,117.45383522727273,metal
metal.00071.wav,-78.64667510986328,64.06353759765625,80.88037872314453,19.08905029296875,-24.58921241760254,14.80460262298584,47.0252799987793,11.63354206085205,-23.75067901611328,10.051323890686035,27.423234939575195,8.445226669311523,-17.42961883544922,9.360708236694336,22.27152442932129,8.591270446777344,-13.534701347351074,7.159951210021973,21.574050903320312,8.881875991821289,-11.100493431091309,7.314116954803467,15.586864471435547,6.167123317718506,-9.705411911010742,7.360692024230957,0.4798264503479004,0.28244996070861816,2808.0046134374647,508.4678276780027,2407.491842048223,209.59236920201934,5674.13235596459,795.5374186267095,0.15380519241002322,0.05464209441438135,0.11531482636928558,0.043909355998039246,19.198256435255736,10.256519468980358,-0.013979636939409198,0.07535144097479547,86.1328125,metal
metal.00072.wav,-35.211856842041016,19.337007522583008,93.95565795898438,15.385416030883789,-35.18496322631836,11.364409446716309,62.78997039794922,9.991433143615723,-11.732125282287598,7.067110538482666,26.993427276611328,5.9200119972229,-10.765925407409668,6.987227439880371,24.075376510620117,5.5477681159973145,-13.050642013549805,6.241124629974365,13.600350379943848,6.394541263580322,-12.423314094543457,5.985916614532471,13.567938804626465,5.654648303985596,-12.2533597946167,5.829442501068115,0.4452381432056427,0.2836255431175232,2340.03096955969,351.7744667220858,2151.9911700360226,164.60559807692408,4708.263196443257,581.1244062346741,0.11682733588912539,0.03924978151689941,0.19427227973937988,0.02774079144001007,20.331551611985546,9.725761545100678,0.008982140189994454,0.08587765167831893,123.046875,metal
metal.00073.wav,2.765819787979126,32.013675689697266,77.06904602050781,20.526947021484375,-17.56217384338379,16.434717178344727,57.96926498413086,14.394777297973633,0.7340003252029419,12.072335243225098,28.834630966186523,11.041067123413086,-7.862348556518555,9.592121124267578,27.621089935302734,9.01855754852295,-13.553444862365723,7.823247909545898,17.290193557739258,7.901834487915039,-7.578150749206543,7.386563777923584,13.043516159057617,7.267323970794678,-8.747499465942383,6.896183013916016,0.42996472120285034,0.28129807114601135,2642.032925778633,539.0793332753652,2461.1191861458697,326.209746198905,5566.866337920859,1108.108540117024,0.12134280367163312,0.04278340857391909,0.29335370659828186,0.04715128615498543,20.45672618471288,9.902609346914273,-0.020164093531391484,0.131960267032825,143.5546875,metal
metal.00074.wav,-201.17037963867188,39.06687545776367,76.82514953613281,22.553808212280273,-14.830625534057617,15.965006828308105,68.75314331054688,16.809146881103516,-12.952949523925781,10.250957489013672,36.95549011230469,9.543322563171387,-10.982540130615234,9.483077049255371,23.68573760986328,9.202091217041016,-12.256572723388672,8.11419677734375,16.67241859436035,6.333637237548828,-11.068587303161621,8.222723960876465,15.556434631347656,6.453765392303467,-11.184572219848633,5.355320453643799,0.483519583940506,0.275712788105011,2723.644292308425,610.9513332705817,2399.629391000356,273.0133101901854,5495.000105819466,915.3875096853604,0.13497272881191952,0.05791138186429692,0.04084273427724838,0.00887700542807579,19.364306139824656,8.574367751996373,-0.05380547229782175,0.10610537441246864,123.046875,metal
metal.00075.wav,-40.462825775146484,57.314613342285156,105.28376770019531,24.488649368286133,-14.121418952941895,21.810396194458008,54.854095458984375,12.494402885437012,-1.1847331523895264,10.979187965393066,20.078170776367188,10.983853340148926,-11.686579704284668,8.446405410766602,22.17769432067871,10.571004867553711,-10.237689971923828,6.794979095458984,14.195451736450195,7.943604469299316,-6.912578105926514,7.149290084838867,13.34514045715332,6.363487243652344,-9.254658699035645,6.417046546936035,0.44833269715309143,0.2765843868255615,2068.6843930292544,624.2083033944785,2199.3695655238575,394.7875093093027,4439.356489151993,1356.2117249022692,0.08889326443982198,0.03932209341487458,0.24473604559898376,0.08121710270643234,20.74022479488098,9.09199269792667,-0.026450784652292718,0.134648291123955,112.34714673913044,metal
metal.00076.wav,-100.87203979492188,39.57701873779297,76.13174438476562,16.170385360717773,-29.540943145751953,22.232561111450195,69.70768737792969,7.481205940246582,-17.33968734741211,10.033609390258789,21.392005920410156,10.351524353027344,-12.921216011047363,7.320001125335693,22.00493812561035,10.04733943939209,-9.841376304626465,7.262570858001709,18.42426109313965,9.075451850891113,-12.037166595458984,6.187145233154297,8.981180191040039,8.880472183227539,-20.8742618560791,5.1784539222717285,0.49588969349861145,0.27288389205932617,2792.6902805308296,435.06992153430053,2250.7753981057467,311.3836126190787,5321.717820300406,854.2037333776622,0.16254058932372292,0.053563896863959425,0.09692568331956863,0.0381307452917099,20.642656602310936,9.668507843110946,0.024462537846205133,0.09304191648794828,143.5546875,metal
metal.00077.wav,-42.029930114746094,23.059823989868164,86.99800109863281,14.107368469238281,-27.519882202148438,15.242867469787598,62.607791900634766,11.908623695373535,-27.020549774169922,10.47287368774414,32.348594665527344,8.5153169631958,-18.955394744873047,9.09521198272705,22.13898277282715,5.675023078918457,-14.33113956451416,7.050562858581543,19.516881942749023,6.98184871673584,-10.9707670211792,6.717621326446533,16.759538650512695,7.604395389556885,-12.395560264587402,7.76138162612915,0.44094371795654297,0.2795248329639435,2741.0869522297985,350.95887831849666,2302.1472961847467,206.60599289749476,5409.3672902960525,639.0543203487107,0.15998467129450464,0.034730606650250746,0.14909757673740387,0.025035711005330086,19.72718153924885,10.369213635679985,-0.004310579754363206,0.08422474308173848,151.99908088235293,metal
metal.00078.wav,-1.6504898071289062,35.5355339050293,73.40672302246094,20.552223205566406,-15.897675514221191,17.171262741088867,55.80284881591797,14.649489402770996,-1.921775460243225,10.042707443237305,34.024566650390625,10.99954605102539,-8.336319923400879,10.167778968811035,32.76787567138672,9.860453605651855,-9.721336364746094,8.89890193939209,20.836997985839844,7.458768367767334,-9.04139518737793,7.418883800506592,13.956027030944824,7.525738716125488,-9.598966598510742,6.841570854187012,0.5335913896560669,0.26341450214385986,2815.480455068502,603.3313913043006,2548.1294283251427,321.6697004911645,5898.380999963719,1113.0513835918962,0.13186541577979877,0.046354466994245974,0.2694525420665741,0.041785333305597305,19.314729717630605,10.042645397679786,-0.00113296042644479,0.07575383185411741,99.38401442307692,metal
metal.00079.wav,-74.93043518066406,39.49907684326172,79.14185333251953,20.35201072692871,-40.91248321533203,16.340795516967773,54.72062301635742,9.370261192321777,-9.683361053466797,10.36622428894043,37.261474609375,8.934744834899902,-14.976004600524902,8.777806282043457,20.9373722076416,8.34245777130127,-17.431297302246094,7.421493053436279,16.582231521606445,7.298416614532471,-11.095816612243652,7.157719612121582,15.470191955566406,7.229488372802734,-11.143388748168945,6.674779415130615,0.4725174307823181,0.26909971237182617,2710.046718960874,497.4285297847698,2264.0402290649054,260.3963779996499,5322.6094815753195,887.0611077594847,0.14390615929760062,0.04460432236376251,0.12730838358402252,0.04205551743507385,21.217534281556173,9.982186219014837,0.016014235692697835,0.09554305419078235,123.046875,metal
metal.00080.wav,-73.53079223632812,46.7122917175293,74.63623809814453,18.717206954956055,-16.441614151000977,15.37318229675293,55.65842056274414,11.256451606750488,-7.735835075378418,9.446285247802734,36.544734954833984,8.751660346984863,-18.30474853515625,7.884079456329346,27.83493995666504,6.848496913909912,-11.930488586425781,6.9070329666137695,20.06295394897461,7.072696685791016,-11.35605239868164,7.354267120361328,14.714357376098633,5.969088554382324,-7.291873455047607,7.325321674346924,0.4970938563346863,0.27870842814445496,2848.182022368144,557.1465748152863,2497.6560434938174,220.39892585608965,5930.589138538845,796.6199814903944,0.14412119956946595,0.053472713662802505,0.13986295461654663,0.05509968847036362,20.66890846553028,10.754300888280113,-0.012528229676245808,0.06793506471215836,161.4990234375,metal
metal.00081.wav,-19.13578224182129,29.838279724121094,118.84263610839844,15.492213249206543,-52.17037582397461,11.591302871704102,42.7120475769043,6.857572555541992,-21.577301025390625,7.748234272003174,27.6951847076416,6.5218505859375,-14.619277000427246,6.83671236038208,27.023914337158203,5.8038177490234375,-17.13873863220215,5.952451705932617,18.976408004760742,6.3543877601623535,-10.77082633972168,5.326749324798584,9.391385078430176,6.666236877441406,-4.6610589027404785,6.4663543701171875,0.5176470279693604,0.249580979347229,2138.240246747415,311.28841269550765,1970.6705014339857,203.5688223234793,4201.149596223152,729.8703057991943,0.12199056997387771,0.02780910931415909,0.1903994381427765,0.03333015367388725,20.987297475617655,10.581747408117737,-0.06425879019636764,0.12353093753544937,151.99908088235293,metal
metal.00082.wav,-57.683387756347656,27.860124588012695,101.43231964111328,14.473036766052246,-41.48524475097656,13.40025520324707,55.13059997558594,10.443532943725586,-23.349279403686523,8.01297378540039,28.151098251342773,7.6187872886657715,-12.139104843139648,8.609479904174805,18.150203704833984,7.28623104095459,-15.429839134216309,8.934351921081543,11.888646125793457,7.035791397094727,-10.803694725036621,7.662575721740723,9.394469261169434,6.18770694732666,-12.284427642822266,6.645998001098633,0.5132023096084595,0.25899121165275574,2378.392047570882,306.57760441161656,2092.439556858862,182.47580927903763,4748.562952756143,535.3150117600867,0.1413173616486068,0.03138005003061785,0.1315898895263672,0.038606587797403336,19.531610109430325,9.55129260896384,-0.008979098460196571,0.10310626609427423,123.046875,metal
metal.00083.wav,-29.364521026611328,31.548242568969727,101.90518951416016,25.684911727905273,-29.13861083984375,14.779772758483887,69.73786163330078,11.119851112365723,-16.19940948486328,7.831397533416748,19.44755744934082,7.145244598388672,-18.34846305847168,7.3512067794799805,19.07645606994629,7.0218377113342285,-18.298919677734375,7.055080413818359,15.284217834472656,7.370375156402588,-8.2564697265625,7.110327243804932,2.497313976287842,7.029693603515625,-14.802310943603516,5.534217834472656,0.4572301506996155,0.27065151929855347,2340.7560584493326,543.9988048160636,2140.301219248904,301.36631488841834,4715.921483467976,1046.2329633091706,0.1229134668875774,0.04477491393495899,0.20863252878189087,0.03267828747630119,21.087188620893308,9.989093586545254,0.02020147423890607,0.08843665193565155,117.45383522727273,metal
metal.00084.wav,0.29729411005973816,43.894676208496094,94.16095733642578,20.21335220336914,-32.389198303222656,16.43268585205078,45.457828521728516,13.070186614990234,-15.206418991088867,11.786978721618652,25.88822364807129,9.855779647827148,-12.407600402832031,11.426939964294434,19.62569236755371,8.768980979919434,-6.809361934661865,8.374451637268066,17.237934112548828,8.155951499938965,-12.9938325881958,8.650049209594727,13.681172370910645,6.795361518859863,-8.694562911987305,7.754730701446533,0.4804001450538635,0.2798910439014435,2522.6734734695337,486.45628537568257,2276.0092934078225,340.31069845838056,5089.835889125387,1012.8171162172604,0.13858495186726005,0.0459573222247587,0.2297840416431427,0.06490369141101837,19.465161149577707,9.88562981337927,0.017548734973621874,0.09490282607567563,151.99908088235293,metal
metal.00085.wav,-46.61735153198242,39.040931701660156,86.81587219238281,20.037561416625977,-34.77482986450195,15.282176971435547,49.901302337646484,11.694448471069336,-18.186410903930664,9.032031059265137,28.723974227905273,7.761654376983643,-23.486286163330078,9.602272033691406,15.659388542175293,8.516633033752441,-8.936177253723145,11.329256057739258,10.59855842590332,8.880241394042969,-18.183574676513672,7.935392379760742,12.444950103759766,7.257486820220947,-13.55495548248291,6.572031497955322,0.44104909896850586,0.2770191431045532,2647.051996452653,429.77182497598477,2256.5629950023,243.3243908916812,5304.93458845298,735.7915173555068,0.15778135884287925,0.039394280650209876,0.1519096940755844,0.04644906893372536,21.48295225178532,10.220109603076097,-0.0075738310371320314,0.12247185221174749,103.359375,metal
metal.00086.wav,-96.30450439453125,35.29363250732422,90.98214721679688,17.19564437866211,-32.24460220336914,17.885568618774414,54.340145111083984,11.212100982666016,-23.049861907958984,11.264564514160156,27.70753288269043,10.013903617858887,-16.949060440063477,9.472061157226562,21.061527252197266,7.578806400299072,-18.193655014038086,7.043691158294678,22.60833740234375,8.28962516784668,-9.001288414001465,6.937247276306152,14.274060249328613,6.972215175628662,-11.000205993652344,6.899392604827881,0.4342162609100342,0.28351765871047974,2629.0107378061284,463.88704740549383,2248.2361500739767,245.22117830173926,5189.310287617309,844.6120911710613,0.15904401182759287,0.04622086101012997,0.0882878378033638,0.01846960000693798,19.988715047913335,9.35220726883738,0.026422920667863708,0.12503656399731367,123.046875,metal
metal.00087.wav,22.81381607055664,27.287805557250977,60.819091796875,16.182209014892578,-6.410772800445557,16.276596069335938,53.192283630371094,15.321341514587402,-13.250526428222656,12.684638023376465,27.924463272094727,9.930459976196289,-14.31942367553711,10.347332954406738,29.694120407104492,11.076404571533203,-17.342933654785156,8.49869441986084,20.313676834106445,9.295365333557129,-9.746160507202148,8.56519889831543,17.13395881652832,7.870638847351074,-8.265369415283203,6.795932769775391,0.5167891383171082,0.2688407897949219,3338.669549044171,414.80344352225546,2697.0449706569257,214.01033491300436,6670.7596628289475,596.6103700337253,0.18681330725135448,0.043127939458850975,0.26716455817222595,0.03398894518613815,19.103351716579493,10.660928964161334,-0.009142437754445268,0.09338003999656935,95.703125,metal
metal.00088.wav,-129.7239227294922,69.71202850341797,104.04530334472656,27.40814971923828,-26.97124481201172,26.213003158569336,68.26852416992188,12.272899627685547,2.4256184101104736,16.834293365478516,22.60460090637207,13.788033485412598,-12.102456092834473,13.70757007598877,17.05898666381836,9.320587158203125,-5.673137187957764,10.472977638244629,13.6705904006958,9.20590591430664,-2.8124678134918213,9.388442039489746,5.3755269050598145,8.449158668518066,-3.0072357654571533,9.548783302307129,0.4216420352458954,0.29642799496650696,1988.1097637793819,581.1640816681172,1986.987105802868,369.5697054582386,4148.1665832708495,1153.4752530480832,0.09242007606907894,0.046078544822066386,0.13326412439346313,0.05790108069777489,20.587962761720156,8.614581981171009,0.03596569857822911,0.08713684439796732,117.45383522727273,metal
metal.00089.wav,-90.70469665527344,45.989524841308594,128.0314483642578,14.449624061584473,-34.76201629638672,12.720187187194824,73.75540924072266,9.76616096496582,4.335819244384766,10.36514663696289,28.097118377685547,5.916976451873779,-0.5283840894699097,7.529099941253662,17.35628890991211,6.634898662567139,4.389689922332764,9.952163696289062,12.314993858337402,6.603883743286133,2.270378828048706,7.331851005554199,5.679951190948486,7.317492961883545,-6.7684245109558105,5.967521667480469,0.45595163106918335,0.30129900574684143,1443.9436096106106,384.50675488480573,1726.935516744757,233.27545968553397,3286.646792763158,702.9854598311964,0.046570013182082044,0.026461036518032114,0.26598837971687317,0.0646500512957573,20.27477998012243,8.717714401985203,-0.03424267646754555,0.19389054160000782,151.99908088235293,metal
metal.00090.wav,-93.48880004882812,30.071651458740234,100.64778137207031,19.380346298217773,-23.369590759277344,15.042407989501953,52.49628829956055,10.607277870178223,-7.74951171875,6.876237392425537,39.587459564208984,7.140822887420654,-7.775391578674316,7.405914783477783,26.730106353759766,5.915637969970703,-12.477862358093262,6.992237091064453,11.733406066894531,6.708984851837158,-10.556070327758789,6.248296737670898,23.026805877685547,7.847937107086182,-9.961858749389648,7.737921714782715,0.4268674850463867,0.2899979054927826,2141.760929048819,475.1980637008336,2217.392132662726,252.2889512234976,4682.913349730312,898.2631455757955,0.08467824835526316,0.04223389435433258,0.14660067856311798,0.01931757666170597,21.506198548798633,9.618502997866953,-0.0028341586027553086,0.13265910930963204,89.10290948275862,metal
metal.00091.wav,-96.65605926513672,41.8042106628418,101.724853515625,19.227624893188477,-16.843751907348633,16.539077758789062,47.31169509887695,10.731048583984375,-27.082908630371094,10.097620964050293,28.275732040405273,9.530476570129395,-17.2005558013916,7.903937816619873,21.652477264404297,6.446740627288818,-17.890527725219727,7.1661787033081055,7.018766403198242,7.252163887023926,-14.618828773498535,8.574202537536621,15.222269058227539,6.736588478088379,-16.00571632385254,6.78281831741333,0.3801835775375366,0.2875228226184845,2323.780312899506,465.26320110813157,2263.9213905015763,204.93340164633813,5018.994650825996,758.6484731312298,0.12008733129353716,0.04621244200679884,0.11596696078777313,0.032396137714385986,21.916007160142872,9.146156821281851,-0.021944360716994935,0.11731703527421641,92.28515625,metal
metal.00092.wav,-67.8962631225586,27.934627532958984,108.9341049194336,18.26516342163086,-33.84925842285156,16.22344207763672,50.50245666503906,13.83700942993164,-21.373014450073242,10.169046401977539,21.50031852722168,9.84349536895752,-14.890105247497559,10.532866477966309,11.634114265441895,8.507379531860352,-19.267108917236328,7.6374287605285645,10.540525436401367,7.3585920333862305,-13.92236042022705,6.969440937042236,5.562826156616211,6.724137306213379,-14.43623161315918,6.2075114250183105,0.34193187952041626,0.2987702190876007,2090.459458437368,413.7480158038904,2065.260132575707,269.60294200691754,4393.290101042473,840.7005725457851,0.09332936762287151,0.03304677934461374,0.1662825644016266,0.03775079920887947,21.808944296848445,9.290341347341991,0.02277317547992412,0.18680442110073578,117.45383522727273,metal
metal.00093.wav,-104.97825622558594,21.56201934814453,80.70867156982422,12.061659812927246,-28.53383445739746,9.875605583190918,66.80076599121094,8.282832145690918,-20.70402717590332,8.885112762451172,29.119020462036133,6.569832801818848,-9.355721473693848,8.315064430236816,22.35357666015625,6.782926082611084,-12.043807983398438,6.460245132446289,13.592498779296875,4.903767108917236,-14.734193801879883,4.923523426055908,11.049199104309082,5.4211578369140625,-15.269818305969238,4.448352813720703,0.4443258047103882,0.28529542684555054,2644.8797461791337,293.73153036381746,2268.0800473393033,118.97279506732959,5176.952029012674,357.01748698208564,0.14164653577302633,0.039843251002779204,0.09202425181865692,0.020598113536834717,19.675702386176877,9.130444167197062,0.02820615406325052,0.08271606444308967,172.265625,metal
metal.00094.wav,-104.68675994873047,53.59919357299805,87.7356948852539,28.226337432861328,-33.24212646484375,19.09928321838379,48.45683288574219,20.41241455078125,-28.924985885620117,12.766663551330566,22.513729095458984,11.384146690368652,-24.994108200073242,10.899120330810547,20.53480339050293,9.643584251403809,-12.077210426330566,9.010953903198242,18.256620407104492,9.87909984588623,-15.190194129943848,7.904412269592285,10.294037818908691,8.027454376220703,-13.897688865661621,9.507820129394531,0.4068881869316101,0.28833630681037903,2707.5423665716226,664.737744329241,2235.0475160780124,267.9010624977483,5292.017999891157,991.1918991017625,0.16091248125483745,0.05765645595689141,0.09048659354448318,0.024815361946821213,20.565099267334617,9.383253959846229,0.03721617429618306,0.10412822918017649,161.4990234375,metal
metal.00095.wav,-35.348392486572266,35.472496032714844,94.13723754882812,17.881425857543945,-24.249738693237305,14.02135181427002,43.305694580078125,10.976984977722168,-16.374916076660156,10.011099815368652,29.515817642211914,8.648987770080566,-5.852855205535889,7.96311092376709,28.46188735961914,6.972908020019531,-13.956537246704102,7.055236339569092,13.7386474609375,6.829270839691162,-9.201020240783691,6.504958152770996,15.596586227416992,5.728048324584961,-8.491606712341309,5.803880214691162,0.5292279720306396,0.262508362531662,2445.203639101959,505.91999886076627,2330.736927615811,236.1440006792324,5191.393608353086,913.5452609720045,0.12103592722039473,0.04877973941713198,0.18551446497440338,0.06139589473605156,21.257709202135178,10.341415087128516,-0.026244868843877892,0.1252564910101465,151.99908088235293,metal
metal.00096.wav,-51.58415222167969,54.73273468017578,86.15931701660156,27.092775344848633,-20.28268051147461,25.760019302368164,59.051578521728516,21.157058715820312,-10.889932632446289,13.5830717086792,27.533498764038086,13.141522407531738,-11.254170417785645,9.611672401428223,23.941713333129883,7.853727340698242,-11.557459831237793,7.204378604888916,13.293803215026855,7.900567054748535,-9.016420364379883,6.760066509246826,13.907334327697754,6.478633880615234,-10.74036693572998,6.046745300292969,0.5185316801071167,0.27481764554977417,2493.9383740127623,664.5283209934788,2286.39257382821,333.79061616581,5105.485794492551,1117.3038465834977,0.12823996529121517,0.05962516606316832,0.1881980299949646,0.056186459958553314,20.653095064505216,10.130576963626009,0.0013882081058267653,0.11443622601767507,161.4990234375,metal
metal.00097.wav,-82.15792083740234,71.68411254882812,98.2918472290039,17.338287353515625,-16.52199935913086,27.554222106933594,68.44801330566406,11.829541206359863,1.4452632665634155,9.411877632141113,29.869274139404297,7.080157279968262,-5.275089263916016,8.431147575378418,24.399490356445312,8.010889053344727,-10.475003242492676,7.414507865905762,14.404364585876465,5.882170677185059,-7.892159938812256,7.5144758224487305,10.02022933959961,6.293381690979004,-8.503235816955566,6.7330322265625,0.49188628792762756,0.2716277539730072,1983.2971581753839,578.6431282905457,2112.1199113500784,256.82865863332376,4241.324353291892,1107.299110589122,0.08620620585816563,0.04458004966640147,0.1860797107219696,0.05198460817337036,21.230113645504876,9.546046049195034,0.026434950943177084,0.10568296441021187,112.34714673913044,metal
metal.00098.wav,-95.33910369873047,80.39797973632812,92.06636047363281,20.799217224121094,-28.061176300048828,31.509775161743164,52.79628372192383,9.694730758666992,-3.018975019454956,11.703380584716797,25.395771026611328,11.146255493164062,-6.13599157333374,11.199109077453613,20.098093032836914,9.274662971496582,-10.22387409210205,8.228487968444824,12.411142349243164,8.38158893585205,-8.27039623260498,6.870101451873779,11.69328784942627,6.515477657318115,-9.26838493347168,7.3594770431518555,0.5105758905410767,0.2777372896671295,2241.4549321413824,626.4224874124562,2115.725579999044,358.5591852059385,4490.681178798616,1256.6978040312893,0.11576498403637771,0.06058348059520881,0.13900022208690643,0.06697174161672592,20.673456678326602,9.522770623490166,-0.006850875669283296,0.10268971698177941,151.99908088235293,metal
metal.00099.wav,-66.66678619384766,45.99176025390625,88.3671646118164,20.551071166992188,-27.544342041015625,20.252775192260742,53.177696228027344,13.882438659667969,-9.20226001739502,12.840461730957031,27.95931625366211,11.036678314208984,-8.114094734191895,10.495586395263672,26.286819458007812,8.176743507385254,-8.2391357421875,8.28890609741211,12.685690879821777,8.285693168640137,-7.130959987640381,7.414457321166992,13.688373565673828,7.2735915184021,-8.364937782287598,6.0291852951049805,0.5163208842277527,0.27408990263938904,2375.5535392574907,563.1633746741918,2231.7505281706153,260.8789931139666,4898.312047243857,979.0735229900434,0.1080065275493421,0.05655816828667865,0.17009800672531128,0.06133837252855301,20.75075069299863,9.924766286325733,0.013923725427419964,0.09688597182622431,143.5546875,metal
pop.00000.wav,-94.53428649902344,64.58919525146484,55.664608001708984,24.89487648010254,29.260526657104492,18.0419864654541,27.047908782958984,17.127925872802734,20.063941955566406,11.851547241210938,1.1709084510803223,14.991183280944824,12.9537992477417,11.671795845031738,-0.799309492111206,12.727351188659668,8.872952461242676,10.935026168823242,-0.6761955618858337,11.213363647460938,-5.338356971740723,9.844407081604004,2.220707416534424,8.603485107421875,-4.614716053009033,8.450550079345703,0.38971447944641113,0.3015419542789459,3422.09468148469,1039.6893659171515,3409.811125578918,404.75954112162606,7953.293574188516,1643.937712490267,0.12676680715460525,0.09723434236558502,0.18582646548748016,0.08670984208583832,18.880159040261915,4.386683100972944,0.02936934463271544,0.11977938324757456,89.10290948275862,pop
pop.00001.wav,-59.20097732543945,73.69122314453125,45.28543472290039,37.95975875854492,36.858238220214844,29.93229866027832,15.686738014221191,22.24529266357422,15.643389701843262,18.28618812561035,1.674393892288208,18.143081665039062,7.2945380210876465,14.82310676574707,8.814742088317871,13.684898376464844,5.8260087966918945,13.744674682617188,7.992021083831787,12.162303924560547,-2.2828497886657715,10.647727012634277,1.8962290287017822,10.407205581665039,-0.9197742938995361,10.783090591430664,0.41275858879089355,0.3124542534351349,3702.928030369771,1184.989973000642,3431.802175141902,423.69059012727183,8073.092849778686,1635.8014764226612,0.14947642039957432,0.0990904806192522,0.2621861398220062,0.12185182422399521,18.170599069454063,4.963818006704975,0.013966655616700602,0.07255034089071874,107.666015625,pop
pop.00002.wav,-59.60712432861328,53.94974136352539,62.98234176635742,24.429201126098633,31.122060775756836,13.46163558959961,16.928890228271484,12.489437103271484,8.904488563537598,10.174481391906738,10.815333366394043,10.595751762390137,10.561758995056152,9.109978675842285,5.165958881378174,7.474096775054932,5.408297538757324,7.421083450317383,6.159944534301758,8.087242126464844,2.2780191898345947,7.969396114349365,4.254538059234619,7.9551682472229,4.125680446624756,8.325390815734863,0.41789016127586365,0.305923193693161,3213.5168358111127,1003.4363437078443,3269.5960671771636,327.2138691633024,7423.94677507619,1566.6738093176045,0.11886851780185759,0.07595188838513403,0.21516600251197815,0.08118836581707001,17.444761114687097,4.605174594036864,0.007651569691752214,0.08070586485543682,83.35433467741936,pop
pop.00003.wav,-125.90678405761719,52.409385681152344,126.61827850341797,35.06127166748047,-23.186908721923828,22.519086837768555,36.22425079345703,19.202363967895508,20.962921142578125,11.929417610168457,-1.1735235452651978,13.496407508850098,16.486766815185547,10.220704078674316,-3.6612226963043213,9.47461223602295,6.520490646362305,9.602685928344727,9.33726978302002,8.904088020324707,-6.409656047821045,8.387746810913086,3.8801941871643066,7.745118618011475,-7.941657066345215,7.616782188415527,0.41005274653434753,0.2848184108734131,1837.191501891123,887.6745857172928,2067.0125708404385,639.6008104797735,3671.0694682118324,1775.5591638684657,0.08535171367066563,0.04578306200615873,0.12935476005077362,0.04256635159254074,21.12101215285282,5.682822850171401,0.08169333356938016,0.19619489781930657,92.28515625,pop
pop.00004.wav,-20.901945114135742,35.73585510253906,83.24166870117188,22.314619064331055,5.04695987701416,19.500038146972656,16.37078857421875,13.128125190734863,9.402538299560547,10.190034866333008,-0.5629183053970337,11.506551742553711,4.051513195037842,8.798370361328125,6.209601879119873,6.975225448608398,9.12219524383545,7.145418167114258,5.865447044372559,7.065821170806885,-3.5055267810821533,6.0064311027526855,-0.6387332677841187,6.209941864013672,-3.172269582748413,5.875482082366943,0.3843885064125061,0.2891075909137726,2753.2217697518786,847.5640128840067,2861.4105412456793,386.58170469536987,5986.188802335285,1644.149454789096,0.12376304602844428,0.07141076175717492,0.2111654430627823,0.05067155882716179,18.315496929292458,4.6966920609234695,0.020936344823319998,0.1307031850018239,107.666015625,pop
pop.00005.wav,-113.61810302734375,141.11212158203125,90.01456451416016,21.335235595703125,-5.541343688964844,28.846839904785156,25.595474243164062,14.019283294677734,2.601149797439575,10.068848609924316,3.1922523975372314,12.175942420959473,1.1311811208724976,9.770110130310059,6.143718242645264,11.334134101867676,2.789379835128784,10.237753868103027,-1.8761603832244873,11.184412002563477,-7.119990825653076,9.457594871520996,-3.4417920112609863,9.077446937561035,-5.911004543304443,7.838726043701172,0.32325658202171326,0.294535368680954,2290.0859207010612,741.806483892933,2435.9183882963516,445.02272090226796,4748.004622798955,1622.6129749380993,0.10678053345104489,0.04953827779448168,0.13953836262226105,0.07726442068815231,19.814730796532224,5.009142382684412,-0.05933091334437657,0.16833724587170767,172.265625,pop
pop.00006.wav,-169.15084838867188,70.08313751220703,94.64078521728516,24.04303741455078,24.504722595214844,18.80087661743164,27.413869857788086,13.444351196289062,11.641731262207031,7.86894416809082,14.895840644836426,10.245577812194824,4.234471797943115,7.955986022949219,12.369024276733398,6.538520812988281,10.702795028686523,6.076168537139893,5.126412868499756,6.700258731842041,-0.3423665463924408,7.5193023681640625,1.2547649145126343,6.713002681732178,-4.157588958740234,6.893470764160156,0.37462317943573,0.2929247319698334,2125.4079876587084,851.6687155538492,2673.9246329139587,461.86069736186505,4979.028225830834,1901.4783883952482,0.06769535785119969,0.052067686155297964,0.09395813196897507,0.038234956562519073,17.840012951733346,4.4013627660838335,0.09630646847717049,0.19338294319947796,92.28515625,pop
pop.00007.wav,-224.45635986328125,60.656532287597656,107.30908966064453,44.83396530151367,-1.5683283805847168,26.29122543334961,13.870830535888672,25.90540313720703,8.12395191192627,13.48531436920166,-9.378747940063477,14.625292778015137,8.120474815368652,11.97937297821045,9.29403305053711,11.525248527526855,9.099869728088379,10.709238052368164,6.025224208831787,13.35814094543457,-6.6545023918151855,13.34619140625,2.0728163719177246,14.158051490783691,6.202076435089111,15.475923538208008,0.2515885829925537,0.3024541437625885,1968.4064522146039,941.887881674113,2326.80098776959,702.7524150760107,4127.166710254209,2289.405875862171,0.08234492913119196,0.048819085661004534,0.08428382128477097,0.04881534352898598,21.64010328474324,5.838280023425553,-0.016299614680335434,0.17431141644314982,129.19921875,pop
pop.00008.wav,-52.448246002197266,47.099369049072266,74.02206420898438,24.540912628173828,12.697417259216309,25.259944915771484,24.50034523010254,12.67566204071045,21.107900619506836,10.911174774169922,1.9049276113510132,12.077205657958984,6.7965569496154785,9.226964950561523,4.719959735870361,7.734011650085449,8.40647029876709,8.271236419677734,8.24699592590332,7.492031574249268,-2.2676541805267334,7.757853984832764,-1.2025365829467773,6.920858860015869,-2.677809953689575,6.332576751708984,0.4038112163543701,0.2935052216053009,2885.3303652171926,987.4226000600132,3009.780057474386,376.9317408250776,6430.294450222524,1707.497266163451,0.1213038772252322,0.08898516427038436,0.19541193544864655,0.04352610185742378,18.512060461682655,4.236072540386394,-0.03605502643305174,0.17270197400045662,172.265625,pop
pop.00009.wav,-35.29734802246094,53.14826583862305,61.24724197387695,18.74015235900879,14.059666633605957,20.820878982543945,28.661287307739258,16.019121170043945,4.329987525939941,12.560507774353027,-1.3499213457107544,11.950361251831055,-0.7904129028320312,8.502556800842285,5.12253999710083,7.777920246124268,5.352399826049805,7.681041717529297,1.2215204238891602,7.977799415588379,-7.257073402404785,8.47948169708252,-0.5168179273605347,6.508701801300049,0.21715888381004333,6.882351398468018,0.4548354744911194,0.27894675731658936,3279.967331808209,724.4008544388793,3026.3931113810377,316.39771238569375,6953.21628818571,1199.9508894828382,0.17281943873355263,0.06553407755010623,0.15964585542678833,0.05740085616707802,17.07452816413741,4.211711139396033,-0.014010913637099937,0.07762848958347024,107.666015625,pop
pop.00010.wav,-111.13056182861328,68.31272888183594,103.09619140625,33.39732360839844,10.9099702835083,16.218915939331055,34.34892654418945,16.019643783569336,22.343650817871094,11.143806457519531,17.86838150024414,11.311408042907715,6.8071393966674805,10.465018272399902,6.333683013916016,8.05587387084961,5.488653182983398,7.348584175109863,0.6188138127326965,8.256988525390625,0.33940017223358154,7.915541172027588,3.825078248977661,7.487181663513184,2.0442042350769043,7.152750492095947,0.3779788315296173,0.2964840531349182,1901.4116456876454,872.2784608851965,2421.1106771081168,571.0578721689689,4192.274649888738,2008.3583876139294,0.06621728666795666,0.04725199819682986,0.1839800775051117,0.05640238896012306,20.099006127232578,4.851020929165034,-0.0003084075989569715,0.21494243165557333,107.666015625,pop
pop.00011.wav,-240.68592834472656,52.61603927612305,97.10967254638672,31.37331199645996,0.4066188633441925,20.78118324279785,-0.26895490288734436,18.745498657226562,-10.47899341583252,14.143851280212402,-15.741311073303223,11.626193046569824,1.3906447887420654,12.253580093383789,-17.873804092407227,12.91751766204834,-9.089088439941406,10.640185356140137,-8.767288208007812,9.475496292114258,-14.260693550109863,8.994140625,-5.50178337097168,9.740020751953125,-8.36895751953125,11.501980781555176,0.2256295531988144,0.29392188787460327,2200.799680588226,748.9059639926676,2579.825496215232,457.4854789436591,4627.663683817483,1775.7391425046126,0.08712532350522446,0.05341270035424552,0.0557723268866539,0.03518342226743698,21.745756335847148,4.829376907010061,0.06637490000761322,0.2499388632226759,184.5703125,pop
pop.00012.wav,-50.853858947753906,47.23695755004883,80.22756958007812,25.70577621459961,-9.293903350830078,20.39484977722168,20.294153213500977,12.46953296661377,12.10611343383789,12.503915786743164,6.784271240234375,10.404472351074219,6.279613494873047,8.867077827453613,3.4291553497314453,8.702564239501953,-3.9568374156951904,8.546565055847168,2.5745725631713867,10.353316307067871,-5.706396102905273,7.585808277130127,0.48411133885383606,8.036127090454102,-0.5719530582427979,8.06944465637207,0.3858869969844818,0.29199981689453125,2679.2839905691167,761.4806041844988,2661.8102808791496,438.58740173406966,5533.6998718072755,1657.500294200046,0.12593423471362228,0.057999375041057045,0.16416127979755402,0.051409635692834854,18.513107803040384,4.057839853758091,0.01895510110123784,0.19615035716189944,99.38401442307692,pop
pop.00013.wav,-161.6541290283203,71.40296173095703,85.56669616699219,29.37738800048828,53.27549362182617,21.711931228637695,32.21720886230469,16.9910831451416,27.1954402923584,9.052095413208008,11.300174713134766,13.14598560333252,7.896171569824219,9.876148223876953,8.764694213867188,10.523153305053711,1.2665905952453613,9.5103120803833,13.211441040039062,11.915366172790527,0.0675891637802124,10.536409378051758,4.826746463775635,7.879328727722168,3.1036128997802734,9.238662719726562,0.35619187355041504,0.30772900581359863,2150.085229874043,996.2708973524532,2917.6059092800347,489.49232212808363,5224.360075676035,2593.472212269996,0.05165917364067337,0.039822200395237636,0.173065185546875,0.05223403126001358,20.518545578962367,5.088727102613308,0.03985874285160961,0.25415351020420524,143.5546875,pop
pop.00014.wav,-135.3231201171875,38.98388671875,107.81954193115234,19.78873634338379,-13.443976402282715,21.5800838470459,19.020700454711914,16.763460159301758,8.79883098602295,12.858824729919434,12.496943473815918,9.618504524230957,1.0323983430862427,12.067171096801758,11.318428993225098,9.295811653137207,2.543212413787842,7.274319648742676,1.2272974252700806,7.333885669708252,-6.39171028137207,7.502233505249023,5.854485988616943,6.936276912689209,2.88142991065979,6.526021957397461,0.4260218143463135,0.2881825268268585,1997.9771683248648,527.9996473585622,2291.3767266632785,356.0248542941623,4139.38330304881,1325.6860140210572,0.0880610699255031,0.03587671137964071,0.07802101969718933,0.016500288620591164,16.753397440054258,3.481191278552809,0.005785600628475583,0.09688774510853358,117.45383522727273,pop
pop.00015.wav,-45.75362014770508,65.9845962524414,65.2761459350586,24.050003051757812,12.941987037658691,21.2894229888916,14.516027450561523,16.181419372558594,7.018110275268555,10.648197174072266,4.4085187911987305,13.641645431518555,6.614441394805908,12.281798362731934,3.29875111579895,9.311925888061523,7.736769676208496,8.78024959564209,4.059378147125244,8.791245460510254,3.6551008224487305,7.101800441741943,2.6030385494232178,7.7046356201171875,4.055315017700195,7.614699840545654,0.3867236375808716,0.29843926429748535,3207.220332891123,917.9528105558247,3125.8917931551077,358.1090690827505,7019.807552184114,1561.233890794225,0.14158379994678794,0.08348704875700591,0.1961825042963028,0.07892444729804993,17.604742946411054,4.688981804153035,0.03796720942138435,0.08065288043282323,103.359375,pop
pop.00016.wav,-97.0082015991211,80.70665740966797,51.78600311279297,24.823740005493164,18.738693237304688,20.68486785888672,20.48166275024414,17.1895809173584,5.610452651977539,12.520248413085938,3.5735023021698,13.89914321899414,5.57228946685791,12.055169105529785,0.7373949885368347,11.920443534851074,7.336127281188965,10.801095962524414,1.6588529348373413,8.648101806640625,-2.7012627124786377,10.210402488708496,-0.44397425651550293,9.502669334411621,-1.0818588733673096,7.639265060424805,0.38877132534980774,0.30616825819015503,3490.329748964607,955.841728519582,3205.8190593470636,345.55544493291234,7499.387985560178,1545.6364531540887,0.15341592794601394,0.08587397567031377,0.14658914506435394,0.10215593874454498,17.72244336501215,4.511225695127951,-0.033323022170273324,0.15466763203775563,107.666015625,pop
pop.00017.wav,-53.12335968017578,30.279773712158203,78.31343841552734,20.37066650390625,2.2469546794891357,28.82651710510254,18.838302612304688,14.730525970458984,3.864590883255005,12.805834770202637,2.514279842376709,11.493013381958008,-3.7991859912872314,8.815631866455078,6.814704895019531,10.47785758972168,-0.8102047443389893,7.972328186035156,8.754905700683594,7.942081451416016,-4.800524711608887,7.742353439331055,-2.1519949436187744,6.846826076507568,1.2861206531524658,6.176399230957031,0.4352955222129822,0.2874276340007782,2789.1243751604316,611.1182482322173,2795.4017589510063,416.2201382999899,6112.05470790804,1356.2584261058735,0.12622977336493807,0.05007069434081561,0.14308856427669525,0.032691240310668945,16.646606009870816,3.412379950342467,-0.057233791936171674,0.16411940208551504,107.666015625,pop
pop.00018.wav,-48.95814514160156,46.87895965576172,62.637794494628906,21.44174575805664,34.225830078125,21.343170166015625,12.313788414001465,16.62044906616211,16.560745239257812,10.311507225036621,8.622407913208008,12.417170524597168,8.767117500305176,10.185498237609863,5.245012283325195,9.190916061401367,6.7942399978637695,8.716751098632812,9.059274673461914,9.288530349731445,-4.085325241088867,7.6429901123046875,-0.7463064789772034,7.640413761138916,-0.3756467401981354,6.520731449127197,0.410010427236557,0.29432570934295654,3433.92215467519,916.1818670639261,3405.627632829895,303.2372354670128,7932.5853660748835,1245.7198828667476,0.12773467734133126,0.07461155724662408,0.20742075145244598,0.06118442118167877,18.008052507451165,4.564171726474731,0.002738805992921031,0.111252201004436,123.046875,pop
pop.00019.wav,-25.156341552734375,62.293941497802734,70.81893157958984,28.746152877807617,2.9392478466033936,21.555387496948242,7.554466247558594,17.271482467651367,1.459619402885437,14.102163314819336,2.8461227416992188,15.778701782226562,1.9075497388839722,11.391876220703125,-6.825979709625244,10.191722869873047,0.29145100712776184,11.093761444091797,-1.9537078142166138,9.892241477966309,-6.651635646820068,8.997407913208008,-0.2439810037612915,7.615762710571289,-0.7550277709960938,8.240081787109375,0.37669721245765686,0.29671815037727356,3130.9812160844167,1095.436706078153,2944.782384135563,438.4423239391167,6552.402045187935,1844.7001540464464,0.15605347813467493,0.10766473333368086,0.21087110042572021,0.07619816809892654,17.713955390499716,4.464496805591147,0.03824860345874562,0.12358929798409703,92.28515625,pop
pop.00020.wav,13.536641120910645,57.27313232421875,58.196353912353516,19.893898010253906,-2.2051024436950684,17.67882537841797,5.008135795593262,13.80813980102539,8.070771217346191,11.241044998168945,-0.479264497756958,11.944673538208008,4.105179309844971,9.24446964263916,2.258924961090088,10.309024810791016,4.293473720550537,9.216506958007812,3.586092472076416,9.205240249633789,-0.5052727460861206,7.8682169914245605,2.421469211578369,7.533008575439453,1.8804908990859985,7.861659049987793,0.4123198688030243,0.28568142652511597,3487.4996203779583,817.230845854989,3132.2284173757953,287.25644282349344,7444.24665232561,1303.7236734512069,0.17974985789957432,0.08198335622865997,0.24811077117919922,0.08623802661895752,16.863140984611864,4.258083884381839,0.021963468065226123,0.09731395068376782,107.666015625,pop
pop.00021.wav,-23.23011016845703,83.14923858642578,53.81916809082031,28.88776397705078,-0.6900111436843872,18.764759063720703,14.726738929748535,12.19254207611084,4.871845722198486,11.940741539001465,6.730589866638184,11.653141021728516,4.845880031585693,9.04188346862793,4.945091247558594,8.551549911499023,4.26452112197876,8.812542915344238,3.1102585792541504,8.871914863586426,2.549565076828003,6.349839687347412,2.987947463989258,8.018820762634277,4.636329650878906,6.4025044441223145,0.50439453125,0.27134621143341064,3502.139027387522,904.0858143860261,3026.937586569852,392.1577223619677,7199.581465115857,1567.5347206689746,0.1870177655766254,0.08869752106767362,0.19348683953285217,0.10217398405075073,15.870752620347552,4.030585036289126,0.024554649717072188,0.11564384074279134,99.38401442307692,pop
pop.00022.wav,-45.717811584472656,65.84353637695312,65.28741455078125,24.01433563232422,12.934513092041016,21.27996063232422,14.516592025756836,16.19000244140625,7.03832483291626,10.64028263092041,4.395020961761475,13.630265235900879,6.6337785720825195,12.244917869567871,3.3018980026245117,9.32578182220459,7.729786396026611,8.79740047454834,4.070034980773926,8.800302505493164,3.668118476867676,7.126476287841797,2.6062710285186768,7.683261394500732,4.049002170562744,7.600321292877197,0.3869217038154602,0.2984555661678314,3206.199866093883,915.3078266879843,3126.2162445699487,358.16159195450535,7019.440887734617,1567.560674753165,0.14153920460042568,0.08343343157514205,0.19612179696559906,0.07903552055358887,17.6103147171727,4.723628438976458,0.03816868522792744,0.08041325267422975,103.359375,pop
pop.00023.wav,-44.28742599487305,68.36111450195312,51.32791519165039,31.34282875061035,24.99048614501953,27.001953125,12.160305976867676,19.6402530670166,10.87307357788086,13.328295707702637,7.612086772918701,14.08155345916748,8.211469650268555,11.536487579345703,-0.7733293771743774,10.156928062438965,5.946743965148926,11.064661979675293,4.761636257171631,9.503276824951172,-2.508432626724243,8.408411979675293,1.3215402364730835,8.445813179016113,-1.946599006652832,8.326799392700195,0.3934256434440613,0.30856257677078247,3759.8089732129138,1208.2547412632277,3293.7281764334216,424.24250558113954,7855.135834401606,1795.8613441957934,0.17767428466041021,0.1002428898996104,0.21067363023757935,0.08518179506063461,17.891856907417704,4.801361231175687,0.04482305146589343,0.11301539467344021,103.359375,pop
pop.00024.wav,-40.83016586303711,62.34457778930664,61.52112579345703,23.896560668945312,9.867293357849121,20.21487045288086,10.096549987792969,18.788497924804688,8.454961776733398,13.106618881225586,5.366854190826416,14.18265151977539,8.3766508102417,10.858031272888184,3.5050008296966553,10.690986633300781,8.251043319702148,9.632530212402344,5.880058288574219,9.744565963745117,-0.10423888266086578,8.600013732910156,-0.5703608989715576,8.632116317749023,0.5514452457427979,7.3998332023620605,0.4109809100627899,0.31166648864746094,3301.8647028211412,893.3471712190194,3175.6669505910377,354.75158608234557,7302.64750855626,1530.5484894331205,0.14452671488003097,0.08253261216542591,0.20751021802425385,0.09429661184549332,18.029197071880322,4.784162232946342,-0.016436252026899363,0.11529072581399079,117.45383522727273,pop
pop.00025.wav,-106.8328628540039,71.48497772216797,81.01405334472656,35.26947021484375,47.822872161865234,23.430381774902344,13.640558242797852,15.559965133666992,13.000601768493652,11.218592643737793,6.895191669464111,13.999045372009277,7.581347942352295,11.014925003051758,-2.6333248615264893,10.033035278320312,-2.49831223487854,12.15631103515625,1.8714977502822876,10.098959922790527,-5.139432907104492,9.013422966003418,-2.7431228160858154,7.489660739898682,-3.6675772666931152,7.8704729080200195,0.33036473393440247,0.30631697177886963,2928.6503834649243,1257.9664842880945,3201.0195484910073,541.6163844382222,6817.467109042424,2372.3484650011796,0.10574085719814241,0.08759545864588295,0.1896257996559143,0.08071181178092957,19.30028489701525,4.84190860084954,0.0528587508549229,0.18665734578499088,151.99908088235293,pop
pop.00026.wav,-73.36741638183594,64.5269775390625,97.46427917480469,28.374961853027344,16.87055015563965,23.200817108154297,-0.5790376663208008,16.156267166137695,7.180088996887207,16.342844009399414,4.872416973114014,13.286739349365234,0.7465053796768188,11.831114768981934,-5.550016403198242,12.63792610168457,0.9903746843338013,10.788674354553223,4.916617393493652,9.964783668518066,-5.835443496704102,8.862027168273926,-4.92141580581665,9.272420883178711,-0.03095639869570732,8.476359367370605,0.33502960205078125,0.3009412884712219,2526.130442686517,1004.7266363013686,2848.670626274591,525.6454918464046,5554.674744975087,2227.474448725628,0.10354207986648607,0.06235762847890135,0.19566839933395386,0.08865434676408768,19.143795063793863,4.5758672122964335,0.07359485552975334,0.14451787505450217,75.99954044117646,pop
pop.00027.wav,-75.36612701416016,68.25373077392578,83.33488464355469,28.665206909179688,10.703895568847656,18.708219528198242,14.45510196685791,14.754899978637695,14.244521141052246,12.042403221130371,7.410257339477539,11.473532676696777,5.279713153839111,10.525826454162598,-0.40012580156326294,9.927787780761719,5.717756271362305,10.001590728759766,3.3618035316467285,8.405488967895508,-2.5211021900177,7.8711957931518555,-4.227081298828125,8.066229820251465,-1.8455220460891724,7.7514543533325195,0.37741294503211975,0.29269152879714966,2682.713194799874,897.5989805971124,2924.230379942181,436.79512877802455,5957.288977088574,1974.211235090466,0.1019147276509288,0.05316040356220532,0.15791942179203033,0.052353084087371826,17.915026795996763,4.585619975226943,0.005892019933965369,0.12278519474790182,83.35433467741936,pop
pop.00028.wav,-45.638736724853516,58.072200775146484,74.70451354980469,22.12896156311035,15.980230331420898,16.865333557128906,14.800469398498535,16.194110870361328,8.992414474487305,10.484823226928711,8.204231262207031,10.732841491699219,5.686349391937256,8.088249206542969,5.254493236541748,7.332888126373291,5.396808624267578,8.929600715637207,2.435222625732422,7.193604946136475,0.7794389724731445,7.299778461456299,1.174706220626831,6.984567642211914,-2.3591649532318115,7.105540752410889,0.34934645891189575,0.292934387922287,2946.5774176287164,847.4143529913664,3051.63637253713,403.24977150732684,6656.151417829673,1697.8498027184355,0.1212698638254644,0.05813059690475291,0.1945643424987793,0.06957141309976578,17.587223821114492,4.500355445571252,0.01690941316094692,0.12862901952509087,99.38401442307692,pop
pop.00029.wav,-40.52484130859375,55.59236145019531,73.47651672363281,26.060890197753906,22.62272071838379,19.67798614501953,12.3551025390625,15.392560958862305,14.860798835754395,11.098209381103516,8.94628620147705,11.199151039123535,5.305812835693359,7.9127516746521,9.025768280029297,8.65495491027832,2.0851216316223145,8.035134315490723,4.303849697113037,9.328736305236816,-3.1314620971679688,8.125429153442383,1.8446420431137085,7.568503379821777,2.0324931144714355,6.865235805511475,0.354754239320755,0.3093774914741516,2988.85797981166,819.5208567516285,3143.032661235072,382.78893703840987,6919.399826002564,1609.9436719763416,0.11157037599167957,0.05516761840122668,0.23414307832717896,0.0793541818857193,18.396612372967095,4.435897672141037,-0.04114011184513647,0.14281787433593357,161.4990234375,pop
pop.00030.wav,-18.171194076538086,57.778263092041016,72.29644012451172,22.349441528320312,-4.8672308921813965,17.08220672607422,-0.3595810532569885,15.12605094909668,1.6975715160369873,10.442977905273438,-0.9182093143463135,11.597796440124512,-1.3221728801727295,8.989044189453125,-0.34197288751602173,9.422674179077148,0.647322952747345,10.430055618286133,-0.18098029494285583,8.47562313079834,-1.2175111770629883,8.875635147094727,-1.0574640035629272,7.953417778015137,2.519505262374878,6.356029510498047,0.3576986491680145,0.2910194993019104,3070.6451711304394,780.6889583730654,2975.8591939206276,353.70248458760653,6652.968103745405,1510.7491763894745,0.14873984133126936,0.06785776800372194,0.2031058669090271,0.07963953167200089,17.16764221853058,3.887868469924531,-0.055487589276795,0.13931232351716336,95.703125,pop
pop.00031.wav,-18.854591369628906,58.11324691772461,71.32852172851562,22.26810073852539,-3.743232488632202,16.854276657104492,-1.3965916633605957,15.726243019104004,0.7103475332260132,11.133482933044434,-1.049136757850647,11.935020446777344,-1.052406668663025,9.300848007202148,-0.24947142601013184,9.798742294311523,0.6239636540412903,10.93466854095459,0.42929914593696594,8.958645820617676,-1.4892839193344116,9.20896053314209,-1.0790832042694092,8.447274208068848,2.4154279232025146,6.865727424621582,0.3660338222980499,0.29191744327545166,3111.0610992009765,779.6989860357453,2992.1921120372886,346.90979796364746,6745.27587890625,1478.1482466667355,0.15291026206946595,0.06874453079058775,0.19834771752357483,0.07783123105764389,17.23950699031814,4.071172812630127,-0.05504239412234616,0.13750479822200373,95.703125,pop
pop.00032.wav,-113.16950225830078,78.71343994140625,41.58814239501953,29.644670486450195,21.516307830810547,24.945077896118164,11.092116355895996,20.328977584838867,17.44065284729004,15.414103507995605,0.6074315905570984,14.610729217529297,3.0293283462524414,11.431543350219727,0.08450862765312195,12.274307250976562,3.4569807052612305,12.223600387573242,0.29064029455184937,9.628684043884277,0.6160154342651367,9.176615715026855,1.255563735961914,8.607767105102539,2.8942456245422363,8.535590171813965,0.42664915323257446,0.2986026406288147,4225.564575455603,1279.9727927644924,3404.2193029459822,324.4462952499927,8483.032037599169,1449.3885849335638,0.22873671209849072,0.1366127977782069,0.09789096564054489,0.04633424058556557,17.24316128267704,4.195735126285835,-0.011626475048087665,0.1255616412834026,95.703125,pop
pop.00033.wav,-69.0019302368164,95.91797637939453,73.7699966430664,22.274757385253906,-12.468981742858887,22.896923065185547,9.53662395477295,15.886490821838379,-0.04561026766896248,13.19715690612793,12.718271255493164,15.288372993469238,3.1650595664978027,11.656854629516602,-0.08465765416622162,12.761018753051758,2.5223581790924072,10.502580642700195,2.8746745586395264,7.566196441650391,-1.6729779243469238,8.522183418273926,-3.025171995162964,9.790412902832031,1.6149282455444336,6.65651798248291,0.42290183901786804,0.2921600341796875,2835.0593021892837,661.715013342013,2731.7531718304963,404.98560711205647,5945.014051313371,1437.9361523976654,0.13706266326431887,0.049297444635297116,0.13991199433803558,0.05000879615545273,16.844643910163423,4.133069380027595,0.04651086125655903,0.13638559708030654,99.38401442307692,pop
pop.00034.wav,-59.5895881652832,67.19017791748047,77.30937194824219,27.42001724243164,26.367233276367188,20.140562057495117,3.1743202209472656,16.768964767456055,6.7570414543151855,13.86637020111084,-0.06425405293703079,15.851675987243652,-0.6247923374176025,11.85561466217041,-0.6904833316802979,10.409627914428711,4.141959190368652,10.4288911819458,-0.44033706188201904,9.499360084533691,-4.541955947875977,8.658613204956055,-3.561495780944824,7.342874050140381,-2.203064441680908,7.683871746063232,0.34084367752075195,0.2979363203048706,3141.655140286262,1030.2022539743311,3230.4022459601906,355.03158623073676,7237.0312386622,1699.0163705642033,0.131055518938661,0.08485049866428761,0.18744316697120667,0.06826978921890259,18.721856526918334,4.860885028126637,0.019247214724024634,0.19879956483925662,95.703125,pop
pop.00035.wav,24.466630935668945,55.06078338623047,68.96240997314453,20.378768920898438,-4.211300373077393,17.78660011291504,-1.0326180458068848,14.467451095581055,5.249466896057129,10.757279396057129,2.9858522415161133,11.134644508361816,4.336798191070557,8.782444953918457,4.287288665771484,8.661221504211426,6.422605037689209,8.077998161315918,3.630784511566162,8.001150131225586,0.11548245698213577,7.1089959144592285,-0.00023511762265115976,7.569021701812744,2.0697717666625977,6.763656139373779,0.41207367181777954,0.29130345582962036,3194.1768682916545,729.4969605563456,3052.8892510243627,329.4862560964096,6993.782709552776,1454.6310801300863,0.15937998863196595,0.06434464116516651,0.28261181712150574,0.09794556349515915,16.664791863740206,4.05153432470241,-0.01867152986708998,0.10499725028792938,107.666015625,pop
pop.00036.wav,-44.21401596069336,66.939453125,76.17581176757812,28.591228485107422,22.921127319335938,22.553186416625977,16.81614112854004,17.18918228149414,22.998910903930664,12.9129638671875,3.2665929794311523,15.276001930236816,6.908667087554932,10.578232765197754,0.10313864052295685,8.969620704650879,6.495676517486572,7.990081310272217,6.542088985443115,9.72343635559082,0.8544855713844299,6.746912002563477,2.7243902683258057,6.665082931518555,4.51695442199707,7.162281036376953,0.3945741057395935,0.29917195439338684,2944.4779985642813,1120.7050995774084,3162.425540413327,462.7378918875193,6877.916743511755,2043.1801617109793,0.1151153281008127,0.09077523071222171,0.2564522624015808,0.08442430198192596,18.586741802544193,4.728067617520096,0.0242962448983935,0.08053387786527293,99.38401442307692,pop
pop.00037.wav,4.8043212890625,63.504058837890625,64.50390625,22.887861251831055,-2.501272439956665,27.23341178894043,10.419498443603516,15.820560455322266,3.24208927154541,10.889756202697754,7.8209686279296875,12.687178611755371,3.101567029953003,9.616703987121582,1.405525803565979,10.791540145874023,6.7450032234191895,9.782946586608887,4.88483190536499,9.526392936706543,3.2736434936523438,8.331892967224121,1.747771143913269,8.223913192749023,3.331663131713867,7.3632893562316895,0.4517120122909546,0.2919960021972656,3236.3834897605984,794.3654006906496,2953.665320076075,408.5380437187358,6698.901159327835,1494.690606922149,0.16482477808146284,0.06194899609210134,0.24089603126049042,0.08971920609474182,16.233906265870914,3.9921276762485483,0.03037960750296637,0.07338233755641417,103.359375,pop
pop.00038.wav,-15.679173469543457,63.17884063720703,59.26908493041992,23.550657272338867,-1.5834022760391235,18.496910095214844,12.570526123046875,12.534592628479004,8.758745193481445,11.072176933288574,3.9658687114715576,10.017736434936523,2.0486032962799072,8.29502010345459,4.232301235198975,8.913214683532715,4.989131927490234,8.396166801452637,2.9016716480255127,7.912354469299316,2.3270890712738037,7.251798152923584,1.994311809539795,7.689515590667725,1.7193478345870972,7.369184494018555,0.40059253573417664,0.29458990693092346,3267.580275537532,866.6330088831471,3014.383904612794,340.2519633588189,6921.308147796536,1467.3595596616353,0.14652330144640094,0.07452642432824119,0.22182826697826385,0.07853154838085175,17.713669774414168,4.928045481897506,-0.009973296126568686,0.11742004612001192,92.28515625,pop
pop.00039.wav,-19.479713439941406,63.56332015991211,51.92008972167969,24.688247680664062,37.00408172607422,25.912729263305664,13.116384506225586,19.196744918823242,14.590093612670898,16.247526168823242,3.207625389099121,14.782655715942383,15.297412872314453,10.638873100280762,-0.779464840888977,10.605027198791504,7.2424235343933105,9.7802734375,10.393446922302246,9.639596939086914,-0.37440061569213867,8.53530502319336,6.230769157409668,8.885072708129883,-1.188515305519104,7.414071083068848,0.38415250182151794,0.3075471818447113,3934.6043578715803,1048.5563858384355,3509.582338482005,351.4382701026472,8525.24844898897,1313.6903302522123,0.18717800648219815,0.10335570101726092,0.279705673456192,0.1036297082901001,19.02463783908354,4.52521477633036,0.03032633110331239,0.1706785169050411,83.35433467741936,pop
pop.00040.wav,-76.91657257080078,75.98616027832031,113.29569244384766,21.143749237060547,-6.219377040863037,19.955604553222656,19.946250915527344,11.483431816101074,15.115961074829102,9.999189376831055,-3.2893810272216797,11.982425689697266,4.789510726928711,8.754663467407227,1.0169309377670288,7.614222049713135,2.2929258346557617,7.366936206817627,-0.011468444019556046,7.419275283813477,-3.762733221054077,6.6786932945251465,4.241213798522949,8.22681999206543,2.286330223083496,9.731163024902344,0.2922433316707611,0.2925199866294861,1962.259860440553,511.21086195743004,2325.3182258713837,423.50402889521524,3821.2268935637576,1364.071351699065,0.0958112120259288,0.0384322173955777,0.19927945733070374,0.07511236518621445,20.277005979467038,4.9805431135364495,0.010082078969701468,0.17244199261383156,129.19921875,pop
pop.00041.wav,-204.7529754638672,57.08597183227539,101.60511779785156,28.888463973999023,26.38422393798828,23.72492218017578,9.18571949005127,14.020689964294434,10.460927963256836,18.24578094482422,5.108919143676758,13.689068794250488,-9.447197914123535,14.809242248535156,9.308316230773926,11.120047569274902,-12.491375923156738,11.826024055480957,-2.496669292449951,11.005760192871094,6.212447166442871,11.29609489440918,-9.488957405090332,9.765374183654785,-2.560032844543457,10.819413185119629,0.2823801636695862,0.30068695545196533,2053.894371276876,828.5668897395091,2559.593930825625,397.6317774348078,4508.014407320288,1852.3023952469714,0.0753657574255031,0.055286892803981746,0.08329673856496811,0.03519890084862709,21.729428150842487,4.865686795120512,-0.010644837983482843,0.21074828680025065,107.666015625,pop
pop.00042.wav,-37.0710334777832,53.58881759643555,68.84185028076172,26.49188995361328,10.511308670043945,21.463869094848633,23.959775924682617,14.107497215270996,15.370537757873535,11.666363716125488,3.5479140281677246,12.463334083557129,11.677659034729004,12.363825798034668,2.9124515056610107,9.904220581054688,2.545921564102173,9.2691068649292,4.750341415405273,10.87397289276123,-1.5888675451278687,7.221292018890381,2.5664658546447754,7.351534366607666,-1.017067790031433,7.023037910461426,0.3797297477722168,0.3016606867313385,3002.6169823427717,891.3268703473714,2972.7827670259026,422.9880671982456,6445.919355740857,1796.0608103285517,0.14374780802534828,0.07551759320047853,0.2234424501657486,0.08487153053283691,17.87239793756348,4.925974203823703,-0.0207272397559489,0.14403001481614305,92.28515625,pop
pop.00043.wav,-50.89095687866211,47.966190338134766,68.04222869873047,32.60898971557617,12.08259391784668,18.941165924072266,36.31442642211914,17.669763565063477,8.64687728881836,14.76095962524414,19.502784729003906,12.016830444335938,10.722350120544434,9.469844818115234,12.312873840332031,8.59931468963623,1.6614351272583008,9.0051851272583,10.164873123168945,8.60351276397705,4.839787483215332,7.59541654586792,1.6969051361083984,7.073185920715332,2.731235980987549,6.9082794189453125,0.47344568371772766,0.283853143453598,2703.2416682609646,1065.1892388797723,2725.9617319867466,478.4909684948547,5776.106739339445,1883.6254082950918,0.1032971833881579,0.07288589019101249,0.25419881939888,0.07047601044178009,18.067320817919086,4.640558685683858,-0.038472918315368164,0.10756125635229839,135.99917763157896,pop
pop.00044.wav,-47.93827819824219,56.36447525024414,54.15921401977539,22.846893310546875,-4.00504207611084,26.358062744140625,21.51289939880371,17.31280517578125,13.886649131774902,13.544306755065918,6.00395393371582,15.399080276489258,13.755339622497559,13.03805923461914,1.0669995546340942,11.971299171447754,6.722087860107422,9.213332176208496,6.232227802276611,9.94119930267334,1.6225082874298096,8.136296272277832,0.45345956087112427,8.010660171508789,2.4148380756378174,8.99366569519043,0.4561452567577362,0.3020800054073334,3143.535196698567,783.977456854695,3016.4276117711397,340.3657280022855,6689.351217075029,1528.0443067390704,0.135637501814048,0.07431593239031764,0.2227635383605957,0.09297415614128113,18.311229674866635,5.203962700490948,0.017134376689824076,0.07895489028615252,117.45383522727273,pop
pop.00045.wav,-71.6150131225586,73.73636627197266,81.1212387084961,33.603904724121094,16.355663299560547,31.322946548461914,8.950535774230957,19.985492706298828,13.818387031555176,15.701512336730957,-0.7371726036071777,16.48430824279785,12.522272109985352,14.857587814331055,-0.6393705010414124,12.480363845825195,3.0430493354797363,11.254595756530762,3.054753541946411,11.222677230834961,-3.212191343307495,10.967267990112305,-1.3185770511627197,8.69420051574707,-0.6402586102485657,8.602606773376465,0.412869393825531,0.29891201853752136,2842.6607931089798,1080.5468293981023,3039.1056726884412,577.8457514203352,6479.344153625677,2459.5487890072704,0.12498941805340558,0.08603753371603301,0.20229460299015045,0.07428933680057526,18.743500616156272,5.032370828361928,-0.0027933098813034555,0.09435091177682696,117.45383522727273,pop
pop.00046.wav,-72.17291259765625,73.68394470214844,81.31210327148438,32.998313903808594,16.729719161987305,31.827281951904297,8.680574417114258,20.118610382080078,14.163569450378418,15.755047798156738,-1.0486611127853394,16.26386833190918,12.839071273803711,14.88723087310791,-0.5343492031097412,12.651490211486816,3.1377692222595215,11.466231346130371,3.1529664993286133,11.082728385925293,-3.4740798473358154,10.956467628479004,-1.1388002634048462,8.696066856384277,-0.6851626038551331,8.522594451904297,0.41501155495643616,0.300382137298584,2838.0210737706198,1082.7256265402818,3045.7558870993503,578.8550395052501,6485.7024485112715,2460.3495326464026,0.12218028915924922,0.08498150318899325,0.20336604118347168,0.07455644011497498,18.939451281970875,5.274906903469572,-0.0025139821897117295,0.09379090874693624,117.45383522727273,pop
pop.00047.wav,-45.06425476074219,59.482147216796875,69.78575897216797,28.82413673400879,11.866147994995117,20.103069305419922,8.177106857299805,18.375333786010742,12.603080749511719,14.266875267028809,7.750250816345215,16.10184669494629,11.309998512268066,11.136587142944336,0.258507639169693,11.399487495422363,9.659319877624512,10.672450065612793,2.8038880825042725,9.24470043182373,3.8585238456726074,8.711113929748535,-0.8353043794631958,8.025198936462402,2.1194326877593994,9.098639488220215,0.43353989720344543,0.30208057165145874,3149.97113080032,909.593489435534,3220.089949254964,367.3880609477658,7291.955906540247,1753.1582609496027,0.12735523897058823,0.06973665898059997,0.21580053865909576,0.09098311513662338,18.459024869024574,5.208927462635029,0.041933648522699596,0.13025003130530977,112.34714673913044,pop
pop.00048.wav,-52.64915084838867,53.381927490234375,47.78274154663086,21.983036041259766,13.455156326293945,20.836496353149414,2.2134273052215576,13.186380386352539,13.251046180725098,11.798639297485352,9.133875846862793,9.022963523864746,14.447653770446777,9.674532890319824,0.8738371133804321,9.313042640686035,9.45965576171875,9.183043479919434,7.004076957702637,9.399415969848633,-0.6928577423095703,7.644852161407471,1.7276201248168945,8.189732551574707,8.496527671813965,8.344388008117676,0.4649372696876526,0.2903795540332794,4052.8886703211056,1049.7294093449768,3426.219519828341,391.51564633592864,8382.25764696812,1543.1204011000616,0.21071452326818885,0.09231647542984274,0.15645989775657654,0.06469112634658813,16.78079263434697,4.1748880193079945,0.031614432208893914,0.07506223944207961,129.19921875,pop
pop.00049.wav,-170.92262268066406,72.99459075927734,105.92536926269531,38.288082122802734,31.060644149780273,30.61623191833496,22.226055145263672,19.626834869384766,12.814610481262207,15.396208763122559,-5.166970252990723,19.210010528564453,11.237102508544922,15.993837356567383,-2.1054718494415283,14.980140686035156,-0.1724931001663208,11.458688735961914,5.078826427459717,12.347774505615234,-11.541210174560547,10.878942489624023,-3.624070644378662,10.92396068572998,1.3911012411117554,9.533090591430664,0.32267647981643677,0.3000611662864685,1987.8719219449235,1048.4513377885396,2579.9699093585987,644.9969911020353,4265.424207563371,2565.88110093348,0.06614018962848298,0.06136431114768753,0.14744551479816437,0.061382707208395004,20.38291456120899,5.1922160013691245,-0.0947607070133414,0.2453360037930657,58.72691761363637,pop
pop.00050.wav,-78.19249725341797,64.29338836669922,65.99214172363281,33.26450729370117,24.578516006469727,30.66288948059082,25.65282440185547,19.095691680908203,13.85488224029541,15.245534896850586,3.600048065185547,16.957950592041016,16.225540161132812,13.595918655395508,0.5925538539886475,12.246238708496094,3.325775384902954,10.523064613342285,4.160470485687256,10.002288818359375,2.712695837020874,9.854171752929688,3.649890899658203,9.09556770324707,1.3959064483642578,8.155746459960938,0.414081871509552,0.30335476994514465,3046.2397998563833,1173.1994007513213,3095.3865062358905,432.6132611393528,6630.418240101345,1965.491533121023,0.1186580126499613,0.08799772591675754,0.208364337682724,0.08127359300851822,19.010170712204804,5.24098920937343,-0.013408714309423758,0.1215785263774173,143.5546875,pop
pop.00051.wav,-14.170113563537598,55.35346221923828,44.39023971557617,26.78571128845215,12.68057632446289,18.341176986694336,10.152087211608887,16.375633239746094,11.25930118560791,13.101547241210938,3.9758951663970947,13.579194068908691,12.507779121398926,11.031136512756348,-2.171722412109375,10.006121635437012,10.705039978027344,9.70200252532959,2.2852632999420166,8.55117416381836,5.033559322357178,7.7146806716918945,-0.8662654757499695,7.518006801605225,3.8058700561523438,8.941205024719238,0.447019100189209,0.29194486141204834,4156.136801574854,1032.4801270459143,3451.227813998198,363.2782453384854,8676.447534708785,1425.9988113201655,0.23004509420955882,0.1115601856803759,0.21318002045154572,0.06526785343885422,17.26201178712317,3.9368740396371043,0.007939836044803096,0.1102594390301856,112.34714673913044,pop
pop.00052.wav,-39.98735046386719,61.872047424316406,35.583213806152344,24.10787582397461,8.93850040435791,22.37133026123047,15.0822172164917,20.55558967590332,15.20681381225586,16.249353408813477,10.572661399841309,16.744396209716797,21.824983596801758,13.429132461547852,10.004446029663086,12.522893905639648,13.97350025177002,10.191015243530273,16.557458877563477,10.014578819274902,1.4647634029388428,10.588908195495605,3.2635626792907715,8.729899406433105,0.062112245708703995,9.123517990112305,0.5227214694023132,0.2970636487007141,3662.9266594641513,1023.5826094860564,3276.4112530558,393.51499716907347,7776.786308170472,1609.5085929843567,0.15600737108165635,0.10369340003104864,0.3214349150657654,0.14283347129821777,17.40953202699454,4.847217758022184,0.004890066276010469,0.05192853984260092,103.359375,pop
pop.00053.wav,-145.92575073242188,66.4439926147461,62.535240173339844,40.592628479003906,-23.1148681640625,42.26918411254883,-18.786008834838867,23.348573684692383,-14.782012939453125,21.29298973083496,-28.421491622924805,15.662552833557129,3.134416103363037,15.156932830810547,-24.94000244140625,16.3200740814209,-13.637031555175781,15.78902816772461,-4.607389450073242,14.362966537475586,-24.383533477783203,12.998922348022461,-15.806172370910645,10.856328010559082,-17.455078125,12.364530563354492,0.27737411856651306,0.31794273853302,2639.59187801044,1015.9311431155714,2753.5605024541996,514.864694754682,5626.524310510594,2051.660889486518,0.10700086469620743,0.09702451420472964,0.17211171984672546,0.09636429697275162,21.17654531649615,6.458933434191364,0.02702985126713481,0.18025474496400484,161.4990234375,pop
pop.00054.wav,-46.7030143737793,66.27014923095703,55.87751388549805,30.757108688354492,26.120210647583008,23.69942855834961,16.54320526123047,15.671184539794922,7.104526996612549,14.587162017822266,-3.3266866207122803,18.108234405517578,9.256010055541992,13.761618614196777,-0.871593177318573,10.253114700317383,8.313572883605957,10.935880661010742,7.148099422454834,11.248845100402832,-0.5387219190597534,11.077547073364258,1.7517584562301636,9.048454284667969,-1.8377469778060913,8.819047927856445,0.3904014527797699,0.31590747833251953,3498.3579746722603,1173.369755123734,3295.5183653344498,396.871833976285,7664.611986473249,1764.676690342747,0.13602223115808823,0.09140449231594258,0.2736048698425293,0.12332197278738022,18.44245644767305,4.97090305473084,0.04980196229533003,0.10232261740775424,129.19921875,pop
pop.00055.wav,-56.0911865234375,70.64935302734375,36.46816635131836,34.00102233886719,11.945320129394531,25.290115356445312,-6.441751480102539,21.99197006225586,3.778162717819214,19.625858306884766,5.2841572761535645,17.512374877929688,3.394784450531006,12.96296501159668,4.265097618103027,14.755697250366211,7.993917465209961,11.857970237731934,5.8644280433654785,12.538739204406738,1.5971134901046753,10.568184852600098,4.861390113830566,10.344464302062988,0.4924771785736084,10.409398078918457,0.43286314606666565,0.3072008490562439,3940.3499208914445,1162.587795806774,3361.504206090715,313.394186037969,8259.450056235488,1196.3921352169589,0.16739883659055727,0.1340251424355649,0.24087685346603394,0.13041552901268005,17.449412990247662,4.999449611118749,-0.0024268098266658667,0.09954966612867955,103.359375,pop
pop.00056.wav,-80.39633178710938,77.74699401855469,35.96251678466797,41.019832611083984,20.40726661682129,29.62041473388672,26.376535415649414,21.16563606262207,17.379703521728516,15.643430709838867,4.580235958099365,14.919622421264648,13.489165306091309,12.681516647338867,3.6187565326690674,11.7300443649292,7.324075222015381,11.731486320495605,5.479913234710693,11.861949920654297,3.9538543224334717,10.561568260192871,5.313695907592773,10.238905906677246,3.5346319675445557,10.454733848571777,0.47309404611587524,0.3125457167625427,3681.430351016257,1462.3320395313963,3221.829158023403,482.26338315001016,7566.579245930486,2155.747427551291,0.14562421391253869,0.13077850513533304,0.2499428689479828,0.12312223762273788,18.40166656266434,4.757452566601524,0.00802506964464628,0.1067182843570921,89.10290948275862,pop
pop.00057.wav,-39.691375732421875,62.874507904052734,33.95167541503906,24.44597816467285,9.604388236999512,22.9344482421875,16.657577514648438,20.48895263671875,14.90616226196289,15.611289978027344,11.198782920837402,15.547722816467285,21.502826690673828,12.896657943725586,9.886200904846191,12.237979888916016,14.732352256774902,9.799872398376465,15.628254890441895,9.295985221862793,2.0403950214385986,9.711287498474121,2.579495906829834,8.453936576843262,0.35728561878204346,9.214375495910645,0.518531322479248,0.29892539978027344,3672.6739422013616,1033.5953630335036,3279.7424058326787,402.5479886362256,7783.686266447368,1631.52824609348,0.15406445010158668,0.10243915143345804,0.3293133080005646,0.14713779091835022,17.376706083491804,4.8194638296311325,0.004721155554558591,0.05135375436915448,103.359375,pop
pop.00058.wav,-87.72349548339844,73.62454223632812,64.30924987792969,45.21534729003906,-12.97658634185791,26.987340927124023,16.03264617919922,20.17856216430664,0.4861660301685333,15.879156112670898,0.40709489583969116,13.491313934326172,4.431544780731201,11.717214584350586,-2.723747491836548,11.607643127441406,-0.30932480096817017,10.389350891113281,-0.049745164811611176,10.024211883544922,-5.9292988777160645,9.23943042755127,-4.2699689865112305,8.92879581451416,-3.509701728820801,8.524794578552246,0.3399387300014496,0.3135783076286316,2940.0005210928985,1289.731079422966,2629.4641540033667,546.0192095810241,5750.6902263629545,2204.9440863939603,0.14575422068498453,0.10831296937395703,0.16742224991321564,0.07983134686946869,18.583728038111182,5.064797566584949,-0.047144224379432824,0.1390650870829444,99.38401442307692,pop
pop.00059.wav,-77.94188690185547,78.43608093261719,32.36495590209961,41.633880615234375,20.07725715637207,29.1519775390625,27.63348388671875,20.476806640625,16.262773513793945,14.894384384155273,5.319163799285889,14.54846477508545,13.481538772583008,12.2927827835083,3.5032267570495605,11.31946086883545,7.344143867492676,11.44056224822998,5.271801948547363,11.940817832946777,4.001197814941406,10.546060562133789,5.271228790283203,10.206476211547852,3.752624988555908,10.162226676940918,0.4754621684551239,0.31197601556777954,3727.2488351836582,1448.2872267287696,3223.867461789819,468.5629919605026,7633.178843211833,2116.7144220102086,0.14478748427825078,0.12835208210972282,0.25179001688957214,0.12356319278478622,18.279127086049986,4.8428734132531766,0.008709000271523078,0.10641443592442315,89.10290948275862,pop
pop.00060.wav,-46.7030143737793,66.27014923095703,55.87751388549805,30.757108688354492,26.120210647583008,23.69942855834961,16.54320526123047,15.671184539794922,7.104526996612549,14.587162017822266,-3.3266866207122803,18.108234405517578,9.256010055541992,13.761618614196777,-0.871593177318573,10.253114700317383,8.313572883605957,10.935880661010742,7.148099422454834,11.248845100402832,-0.5387219190597534,11.077547073364258,1.7517584562301636,9.048454284667969,-1.8377469778060913,8.819047927856445,0.3904014527797699,0.31590747833251953,3498.3579746722603,1173.369755123734,3295.5183653344498,396.871833976285,7664.611986473249,1764.676690342747,0.13602223115808823,0.09140449231594258,0.2736048698425293,0.12332197278738022,18.44245644767305,4.97090305473084,0.04980196229533003,0.10232261740775424,129.19921875,pop
pop.00061.wav,-65.1854476928711,50.84254837036133,65.4745101928711,33.73363494873047,4.127747535705566,26.10863494873047,32.74247360229492,19.717182159423828,16.918561935424805,15.171616554260254,-5.8376946449279785,18.211978912353516,14.960991859436035,12.291873931884766,-0.24383582174777985,12.041298866271973,9.038333892822266,12.225996971130371,8.441268920898438,12.504765510559082,-6.576153755187988,9.834235191345215,-4.484363555908203,8.171102523803711,-2.6280577182769775,8.778903007507324,0.45551931858062744,0.3022395968437195,2949.270014966028,1168.9591584098973,2908.876601117744,532.9376303318071,6067.7883089142315,2241.645102236061,0.11195132606907894,0.08741418361769308,0.2208092212677002,0.0877147912979126,17.90169398224993,4.62947323902732,0.028758176987733603,0.0639627124846334,95.703125,pop
pop.00062.wav,-6.926640033721924,39.80280303955078,68.88017272949219,22.303665161132812,3.770587205886841,22.68771743774414,28.195871353149414,15.503458023071289,2.293225049972534,13.4027738571167,13.625752449035645,12.250885963439941,1.0469883680343628,10.655037879943848,6.0046467781066895,12.142552375793457,2.7504959106445312,12.395137786865234,15.018391609191895,14.032780647277832,-8.786577224731445,13.714873313903809,0.7954419255256653,12.929704666137695,-7.219668388366699,12.96691608428955,0.32964274287223816,0.31376346945762634,2468.498529319245,558.4235712570307,2625.1515768457407,351.5752754477661,5481.816852203464,1267.1368243186332,0.09820877878289473,0.03577884501724589,0.3978508710861206,0.08474578708410263,21.6500778309591,5.654569705011807,0.005001992412828616,0.11280786947143373,161.4990234375,pop
pop.00063.wav,-125.9814224243164,45.55116653442383,117.33393096923828,24.42949104309082,-0.07229245454072952,17.26431655883789,10.211121559143066,14.457426071166992,4.490170001983643,11.893839836120605,2.18886661529541,11.67538833618164,-3.63608455657959,10.235020637512207,3.376340866088867,10.501570701599121,1.737519383430481,8.915644645690918,4.551119327545166,8.430843353271484,0.8427296876907349,8.575002670288086,2.4246017932891846,8.325170516967773,-3.112574815750122,8.199466705322266,0.31671932339668274,0.29960647225379944,1826.5420467927368,583.2940420706718,2294.444461991146,457.0091836227379,3796.335377412684,1685.655012791442,0.07464656298374613,0.025637080539983016,0.12609246373176575,0.03565271943807602,19.277472234697655,4.023831651183243,0.04209752510216978,0.17266546180219614,80.74951171875,pop
pop.00064.wav,-88.45124816894531,96.3078384399414,34.333656311035156,38.48298645019531,-11.282462120056152,28.93631935119629,2.2004079818725586,18.82230567932129,-4.858425140380859,13.948355674743652,-6.127730369567871,20.023000717163086,0.3310779631137848,14.026768684387207,2.440187931060791,10.586729049682617,-8.177470207214355,16.909875869750977,5.635985851287842,11.78622817993164,-9.3944091796875,12.829051971435547,-7.359539031982422,10.590404510498047,-3.9459164142608643,12.439919471740723,0.34651315212249756,0.3161318600177765,3647.8594016331967,1043.5802529678017,2886.6604007045057,433.87355858951094,7112.756990131579,1528.6771491788468,0.205950001814048,0.11147007658987343,0.16902655363082886,0.11092297732830048,18.38385827776089,5.230275058455468,0.002924410913541706,0.13657612388197457,129.19921875,pop
pop.00065.wav,-111.61652374267578,69.69513702392578,85.57909393310547,27.927257537841797,3.515357494354248,17.369762420654297,16.35746955871582,16.952892303466797,2.205944776535034,15.479386329650879,5.980132102966309,11.138311386108398,-5.045757293701172,12.577305793762207,-3.9625244140625,9.404693603515625,-0.09616854041814804,10.928711891174316,1.5746028423309326,9.587990760803223,-5.793351173400879,9.92379379272461,-5.087190628051758,8.104610443115234,-0.20802831649780273,8.72713565826416,0.34565117955207825,0.31188422441482544,2518.6680120349943,760.1870113877194,2683.946956917925,397.25154113580885,5496.225098412104,1586.5160218493313,0.10014338537635449,0.06023898969619625,0.1334853619337082,0.07795899361371994,18.080907217976428,4.245612130779395,0.009804097298214945,0.17660729015374207,117.45383522727273,pop
pop.00066.wav,-63.63505554199219,60.386863708496094,79.04566192626953,28.750808715820312,42.744022369384766,25.028656005859375,16.095537185668945,14.535032272338867,15.268360137939453,13.182616233825684,10.78914737701416,12.191261291503906,13.311583518981934,11.272436141967773,3.6857290267944336,9.856542587280273,4.92832612991333,10.003786087036133,10.677057266235352,10.398938179016113,-0.012671975418925285,8.929573059082031,3.4803085327148438,9.131060600280762,3.4220938682556152,8.617561340332031,0.35411641001701355,0.2917899489402771,2844.070407885239,953.5933561802592,3219.148147976031,436.9323562868889,6839.566975407556,1982.2355596722398,0.09974656237906347,0.0544008387510597,0.24325013160705566,0.08165175467729568,19.36230068530502,4.691443877812476,0.00410083115650364,0.16261503234022623,80.74951171875,pop
pop.00067.wav,-52.5379753112793,52.11351776123047,37.49602127075195,27.876596450805664,14.121390342712402,21.777366638183594,18.18031120300293,15.007811546325684,16.78276824951172,12.426166534423828,5.95809268951416,14.02653694152832,6.432402610778809,11.502769470214844,2.7082066535949707,10.845087051391602,-0.44743841886520386,10.278704643249512,3.2196102142333984,9.958032608032227,-3.928455114364624,9.89277458190918,1.5937503576278687,9.30277156829834,0.2905823290348053,9.761544227600098,0.44740769267082214,0.30494001507759094,3889.787116785757,1024.7184776080483,3271.6627619560186,313.4302387485187,8057.209612489116,1277.82862294702,0.19104230662248453,0.11539418739104917,0.19137336313724518,0.0884222537279129,16.948179983838468,4.362358650106649,0.03050268854456485,0.09856831553199381,112.34714673913044,pop
pop.00068.wav,-29.26038932800293,56.47330093383789,53.86872482299805,37.647220611572266,-1.7002240419387817,22.533565521240234,15.506246566772461,20.718090057373047,1.0880837440490723,21.060781478881836,0.5439647436141968,18.69355583190918,4.902141094207764,12.929069519042969,-3.222588300704956,11.18968677520752,-1.6917724609375,11.384503364562988,2.2325522899627686,12.044819831848145,-7.122958660125732,9.212841987609863,-5.9894914627075195,9.378534317016602,-2.980396270751953,8.842297554016113,0.40740537643432617,0.3065386414527893,3262.9124447410586,1108.6680145667733,2930.999781412338,439.0095614401549,6714.734396919746,1881.212100626662,0.15505650759481424,0.10557602048645401,0.24570654332637787,0.1165027767419815,17.548042028850315,4.875076722735337,-0.015166405887813476,0.13301472704965628,129.19921875,pop
pop.00069.wav,-30.211868286132812,47.89326477050781,88.44852447509766,22.53129768371582,-6.587007999420166,16.833080291748047,32.78564453125,9.824921607971191,8.500259399414062,7.851471424102783,8.388699531555176,7.63381290435791,2.04252028465271,8.807304382324219,6.8641839027404785,7.580271244049072,3.576993942260742,6.967376232147217,2.720842123031616,6.775491237640381,1.294276237487793,6.333983421325684,3.29060697555542,6.0593671798706055,1.5695496797561646,5.121210098266602,0.49696141481399536,0.2722010016441345,2327.9956325128483,571.0905287457952,2516.8257860719295,280.03742952815,4930.953516532024,1099.4696422663942,0.09549942252805728,0.051514945594883295,0.2155563086271286,0.06711795926094055,15.62887946103641,3.5895786154798124,0.008133124355478354,0.04940584772830686,107.666015625,pop
pop.00070.wav,-91.8537368774414,98.32369995117188,56.674156188964844,27.32868194580078,13.763751983642578,28.385093688964844,15.050705909729004,20.06884765625,0.9011204242706299,15.898468017578125,-4.079192161560059,15.68589973449707,-0.22235451638698578,13.11112117767334,0.5639135837554932,11.010969161987305,-4.600769996643066,10.935924530029297,-2.616190195083618,10.175644874572754,-2.761265993118286,9.514545440673828,-3.0964155197143555,9.121893882751465,1.7973816394805908,8.534893035888672,0.43713656067848206,0.29915735125541687,3142.2532583222696,1005.614854975292,3001.708558953997,547.0256521584498,6825.458727384868,1881.6911632539911,0.13644399731520898,0.08527817711769424,0.16782020032405853,0.11190055310726166,17.306549832774625,4.341824229753705,0.01733717120247195,0.12019043003252958,123.046875,pop
pop.00071.wav,-52.5379753112793,52.11351776123047,37.49602127075195,27.876596450805664,14.121390342712402,21.777366638183594,18.18031120300293,15.007811546325684,16.78276824951172,12.426166534423828,5.95809268951416,14.02653694152832,6.432402610778809,11.502769470214844,2.7082066535949707,10.845087051391602,-0.44743841886520386,10.278704643249512,3.2196102142333984,9.958032608032227,-3.928455114364624,9.89277458190918,1.5937503576278687,9.30277156829834,0.2905823290348053,9.761544227600098,0.44740769267082214,0.30494001507759094,3889.787116785757,1024.7184776080483,3271.6627619560186,313.4302387485187,8057.209612489116,1277.82862294702,0.19104230662248453,0.11539418739104917,0.19137336313724518,0.0884222537279129,16.948179983838468,4.362358650106649,0.03050268854456485,0.09856831553199381,112.34714673913044,pop
pop.00072.wav,9.675073623657227,46.41845703125,88.8260726928711,28.384328842163086,-20.29368019104004,17.13142204284668,5.1013054847717285,13.709638595581055,-2.917802095413208,10.917518615722656,-0.18818092346191406,9.436493873596191,0.3274819254875183,9.818373680114746,1.604320764541626,7.884111404418945,-2.2592055797576904,7.231013774871826,-0.9406509399414062,8.026522636413574,-6.212249279022217,7.281336784362793,-2.9767894744873047,6.818095684051514,-1.8151838779449463,6.149150848388672,0.4807797074317932,0.27550405263900757,2569.255822724336,634.3898918712331,2559.52936247521,417.7361603148995,5351.900971120356,1494.0979660617786,0.13165642233455882,0.0510417805484458,0.2344522327184677,0.06977619975805283,16.214630666579218,4.191254136356245,-0.013325839487783313,0.05228432902799381,117.45383522727273,pop
pop.00073.wav,-8.531340599060059,55.02736282348633,54.25175476074219,23.107736587524414,20.96331024169922,20.575763702392578,13.099079132080078,13.011524200439453,9.721153259277344,10.34862995147705,6.01505184173584,11.043411254882812,10.720785140991211,9.928481101989746,6.102119445800781,8.2119140625,0.6942644715309143,8.241311073303223,5.00238561630249,9.336304664611816,-3.4498136043548584,8.607124328613281,0.8725568056106567,7.26969051361084,-1.93904709815979,7.936915397644043,0.42336025834083557,0.28641656041145325,3671.2604882708424,937.0246795761713,3295.553788823971,333.3961293001645,7879.044023165393,1286.8252011674888,0.16189735814144737,0.08461007200126341,0.2598068118095398,0.09610067307949066,17.70509581669737,4.309882753772601,-0.024550237510947356,0.12718454678949379,129.19921875,pop
pop.00074.wav,-93.63922119140625,65.22879791259766,59.690269470214844,35.96247482299805,32.07737731933594,24.096616744995117,13.127490043640137,22.074066162109375,13.270319938659668,15.436902046203613,-6.869358539581299,18.99683380126953,2.3390274047851562,14.93292236328125,-7.887984752655029,15.97413444519043,2.2946646213531494,12.259510040283203,4.487583637237549,12.092626571655273,-4.040566444396973,12.915273666381836,2.6735634803771973,11.047422409057617,-3.086395502090454,9.938515663146973,0.3494405448436737,0.3130541443824768,3419.3447490583962,1252.649738892475,3368.7113595438686,402.24854531449114,7789.061233945676,1835.83054465652,0.1308480372000774,0.10671303271369453,0.2103721648454666,0.14509207010269165,18.884941975018233,4.9204097318750435,0.008469107517149015,0.10399141880259824,83.35433467741936,pop
pop.00075.wav,-68.85472106933594,56.88771438598633,40.457462310791016,25.77576446533203,25.354524612426758,18.065160751342773,35.76828384399414,17.092761993408203,13.383127212524414,13.016623497009277,2.8213696479797363,13.800984382629395,12.759581565856934,11.705869674682617,4.48354434967041,9.752758026123047,3.357187509536743,9.470382690429688,10.026521682739258,9.150654792785645,-2.375098466873169,9.240365982055664,2.9945144653320312,8.192708015441895,-1.8024030923843384,9.479772567749023,0.40938666462898254,0.30295464396476746,3645.470694057959,969.7527249662887,3200.7208510864684,313.4771004725805,7658.53702320772,1273.7772567098514,0.15924053369291796,0.09825617698213585,0.1856050342321396,0.09238667041063309,18.92763311394163,4.907667221085029,-0.014917051656591875,0.10495498297955895,95.703125,pop
pop.00076.wav,-38.288414001464844,67.64142608642578,47.80237579345703,25.418603897094727,20.052776336669922,20.147268295288086,23.84808921813965,17.01503562927246,19.795454025268555,15.719467163085938,13.665191650390625,15.513419151306152,14.684334754943848,10.711771965026855,4.572096347808838,9.948593139648438,7.713704586029053,8.924386978149414,8.956254959106445,9.503460884094238,5.42100191116333,7.10090970993042,1.1439083814620972,6.54971981048584,1.0811883211135864,7.3222432136535645,0.4757270812988281,0.2898065149784088,3544.132839481264,967.8218370210268,3311.301496368,396.9409994447981,7780.519618928986,1628.051192507132,0.14281924221168732,0.08201173828453147,0.24529977142810822,0.09136548638343811,18.246185063222267,4.529353181903238,-0.052119767460886875,0.0747933885034047,215.33203125,pop
pop.00077.wav,-34.209938049316406,70.9094467163086,40.39930725097656,30.60845947265625,17.510662078857422,22.24101448059082,13.42147159576416,16.210025787353516,13.2406005859375,11.786317825317383,7.449265003204346,10.883463859558105,18.18345832824707,11.177122116088867,2.7254276275634766,8.971407890319824,4.339627742767334,8.489418029785156,5.8252973556518555,10.007192611694336,-1.125758171081543,8.948469161987305,3.1106064319610596,8.49690055847168,2.4149975776672363,8.150874137878418,0.44544219970703125,0.30446910858154297,4037.153770826656,1137.7191375888099,3342.3644138556137,329.4029906962062,8331.4746207128,1382.60336751614,0.21392576613293343,0.11606557221244702,0.23102271556854248,0.12739554047584534,17.228048447894,4.894189578567994,-0.0019506382208662207,0.06753419561731216,112.34714673913044,pop
pop.00078.wav,-42.77943420410156,67.9239730834961,62.79966735839844,32.246299743652344,4.760207653045654,26.307676315307617,24.068391799926758,18.578994750976562,9.64216136932373,16.60727882385254,-1.8881843090057373,15.438838958740234,9.252785682678223,14.046732902526855,-2.969123125076294,11.210792541503906,3.1815617084503174,11.427427291870117,5.934004306793213,10.549777030944824,-4.773739337921143,9.856783866882324,3.019498348236084,9.253277778625488,-1.240799903869629,8.38814926147461,0.454754501581192,0.2940787971019745,3124.14935420786,972.9570316316733,2970.2727587674012,471.098570417519,6618.043314930825,1892.6492165038558,0.14272098127902477,0.09283304265737555,0.22333700954914093,0.11409100145101547,17.412807143077625,4.914762665359704,-0.006156281804813846,0.07844144998792266,103.359375,pop
pop.00079.wav,-273.28631591796875,86.0329818725586,103.14757537841797,34.6728401184082,8.722428321838379,22.627241134643555,31.69770050048828,13.940790176391602,12.511966705322266,10.335474014282227,3.492265462875366,13.713993072509766,3.939650297164917,8.549172401428223,-0.16230230033397675,8.04502010345459,-3.9216830730438232,8.56192398071289,3.2304422855377197,7.737228870391846,-6.373683929443359,6.51006555557251,-1.5361915826797485,7.070916652679443,-3.2130470275878906,5.802968502044678,0.35192859172821045,0.30590173602104187,1995.3281824967328,977.4697902819355,2425.0406811254434,556.7937545248911,4383.806825053212,1981.2543566774273,0.07255095963138544,0.07490883312033969,0.03756089508533478,0.019951337948441505,18.66256449643092,4.69699765476584,-0.01681099380249753,0.10202984716709836,112.34714673913044,pop
pop.00080.wav,-44.972015380859375,59.46461486816406,69.76532745361328,28.84046745300293,11.851114273071289,20.173131942749023,8.137467384338379,18.400344848632812,12.623069763183594,14.286171913146973,7.798754692077637,16.13156509399414,11.307398796081543,11.142199516296387,0.19175654649734497,11.323832511901855,9.630409240722656,10.640457153320312,2.842668294906616,9.274187088012695,3.8571951389312744,8.699971199035645,-0.8326628804206848,8.024008750915527,2.1378021240234375,9.092288970947266,0.43361696600914,0.30202516913414,3151.445800513278,911.0488503451962,3220.4070745387885,368.22242790682685,7293.239232113487,1755.4569690306985,0.1275974899622678,0.06983669051193582,0.21570029854774475,0.09080833196640015,18.501843463427946,5.237214204184477,0.041600477380204594,0.130012052646195,112.34714673913044,pop
pop.00081.wav,-137.73312377929688,62.248531341552734,100.24317932128906,25.013261795043945,14.383044242858887,20.0091495513916,15.40381145477295,18.49704933166504,2.3205363750457764,15.152515411376953,-1.081811547279358,11.295534133911133,-2.106971502304077,12.087756156921387,-1.6870852708816528,8.916868209838867,-5.311201095581055,11.232406616210938,-1.784702181816101,10.120052337646484,1.748408555984497,9.705567359924316,-6.183539867401123,8.525162696838379,-3.0364274978637695,8.540506362915039,0.3698594868183136,0.2896561324596405,2246.9998668388666,710.3990174574898,2684.4523036223895,443.3161884340348,5155.910489581318,1723.0171580527137,0.08601724252612229,0.04229347117417399,0.09215401113033295,0.034905459731817245,18.585513345656707,4.902801512313441,0.03225045825026712,0.15025821232866535,143.5546875,pop
pop.00082.wav,-62.04381561279297,50.00823974609375,64.23981475830078,21.058605194091797,29.874727249145508,13.784273147583008,23.244829177856445,10.125138282775879,16.247188568115234,10.052916526794434,7.438479423522949,10.171747207641602,8.871021270751953,7.7806243896484375,6.4075446128845215,8.177472114562988,7.394821643829346,7.281885623931885,3.0163872241973877,7.966479778289795,1.4878419637680054,6.407523155212402,2.975710868835449,6.270001411437988,1.8600913286209106,6.220590114593506,0.46213287115097046,0.30022773146629333,3168.3771358678678,791.5148850162831,3341.5360777099304,288.53325049009646,7555.42098006966,1300.3243228805447,0.1003391513883514,0.05975121796205029,0.20798876881599426,0.08525139838457108,17.26282847545774,4.040952592654285,-0.005552516230820528,0.11535881030172357,129.19921875,pop
pop.00083.wav,-104.4753189086914,45.67570114135742,86.85540771484375,22.556291580200195,28.76275062561035,18.750905990600586,26.635526657104492,16.74127960205078,8.927456855773926,15.404425621032715,5.674565315246582,12.395870208740234,7.759279727935791,9.851663589477539,0.46634581685066223,9.82113265991211,6.630064010620117,8.800313949584961,6.563311576843262,9.934540748596191,0.3774837255477905,9.304469108581543,2.1488523483276367,8.152048110961914,-0.019938135519623756,8.534920692443848,0.2981050908565521,0.28816983103752136,2489.577623717522,742.5360475560685,2941.99075457532,455.07810233348806,5977.07219079552,1743.2647838148318,0.08429578657120743,0.04035524591315496,0.1429828703403473,0.04445537179708481,19.071966042250438,4.552484094234571,-0.013682229056170154,0.16691460905267777,123.046875,pop
pop.00084.wav,-112.39599609375,70.89734649658203,59.759735107421875,48.26494598388672,14.483948707580566,30.287540435791016,19.19007110595703,16.226228713989258,15.127423286437988,17.717082977294922,-3.211503267288208,15.87592887878418,6.109609127044678,14.147208213806152,-6.668193817138672,12.599379539489746,1.4637219905853271,12.687443733215332,-1.1876869201660156,11.764971733093262,-1.2330448627471924,11.532204627990723,-0.758741557598114,10.01747989654541,1.8843271732330322,10.269611358642578,0.40918561816215515,0.3108818829059601,3262.336283566903,1613.3248762755131,3046.9965393068346,688.4888386778695,6827.983712116631,2868.488688603094,0.13586614744582043,0.11821614924974304,0.17935271561145782,0.09711546450853348,19.401941600063196,4.989137124989054,0.019802010194104765,0.11825080119783038,99.38401442307692,pop
pop.00085.wav,-81.77599334716797,84.58856964111328,78.6092758178711,41.179412841796875,-17.26093292236328,33.06412124633789,24.51177406311035,17.36254119873047,8.410554885864258,16.456520080566406,2.144618272781372,14.083282470703125,5.520015239715576,14.917074203491211,1.9346674680709839,10.743086814880371,8.799278259277344,11.123784065246582,-0.1222967877984047,9.958932876586914,0.49543994665145874,8.384025573730469,4.642273902893066,8.02270221710205,2.3893165588378906,8.812604904174805,0.4438236653804779,0.30864694714546204,2516.4589514571976,1023.4275279600389,2465.640306694536,626.4819245306977,5087.48590333543,2122.5874366180988,0.1220960115131579,0.07674440495887433,0.19525384902954102,0.06699530780315399,18.316261753703525,4.863231320859383,0.0536317351960207,0.1041418252532196,117.45383522727273,pop
pop.00086.wav,-50.44928741455078,41.68366241455078,56.416481018066406,18.905410766601562,12.563282012939453,13.112893104553223,11.288338661193848,13.073721885681152,-2.739751100540161,9.411330223083496,1.3628129959106445,10.787100791931152,4.539969444274902,8.833916664123535,-0.9632134437561035,8.71607780456543,2.289421558380127,8.468236923217773,2.7384727001190186,8.214362144470215,-1.9891647100448608,7.383575916290283,2.5949509143829346,7.300402641296387,-4.0203375816345215,7.002165794372559,0.3876946270465851,0.27966415882110596,3594.167118271268,722.3497338115999,3170.8583483099096,252.09226320047748,7634.353836106811,1066.9004072330738,0.18523244001547987,0.07679396298969991,0.1324763000011444,0.03868616372346878,17.685694446323645,4.035539246994904,0.019322475560357665,0.12096016588874137,129.19921875,pop
pop.00087.wav,-47.05376052856445,43.4896354675293,55.78174591064453,26.670452117919922,27.61712646484375,20.826622009277344,19.19342803955078,15.309707641601562,15.186062812805176,10.529546737670898,3.1757607460021973,12.735674858093262,5.627553462982178,9.428787231445312,1.6121147871017456,9.98081111907959,4.148367881774902,9.339195251464844,1.6211522817611694,7.771651744842529,-1.587005853652954,8.65607738494873,-3.0055181980133057,6.780391693115234,-7.636995315551758,8.34130573272705,0.3523111045360565,0.30007851123809814,3587.4721810924966,972.5589751764932,3336.2277931206263,331.3178763572155,7947.001945566467,1286.110940691189,0.1464783281733746,0.08836463346109234,0.1909152865409851,0.04674719646573067,18.634842529860126,4.661282685856632,0.08369994429700821,0.17678259424508955,103.359375,pop
pop.00088.wav,-42.68938064575195,89.41024780273438,54.88202667236328,33.37063980102539,17.061819076538086,21.087587356567383,19.764541625976562,18.309032440185547,6.852839946746826,13.992018699645996,2.7781906127929688,16.060579299926758,11.820236206054688,12.533038139343262,1.2058560848236084,11.107810974121094,7.93871545791626,9.697848320007324,1.138253092765808,9.847017288208008,-4.071281909942627,8.409517288208008,0.13736186921596527,7.934170246124268,-4.236570358276367,8.378362655639648,0.43150874972343445,0.2980633080005646,3510.9284752203253,1150.70622700234,3148.809837219885,419.0641888904073,7257.397782175164,1946.9433567510525,0.17203410712558048,0.1055784682183664,0.23498305678367615,0.130036860704422,16.989825670939553,4.6072945350106025,0.001707043839094459,0.1139735516301962,99.38401442307692,pop
pop.00089.wav,-47.68193435668945,89.36140441894531,55.53718948364258,34.97943115234375,19.17885971069336,25.197612762451172,24.482961654663086,18.010709762573242,4.039877891540527,12.87684440612793,1.5440773963928223,16.720033645629883,6.966500759124756,12.44990348815918,-1.0461180210113525,11.182172775268555,3.082868814468384,10.994794845581055,1.795280933380127,9.158175468444824,-3.03511905670166,9.95802116394043,1.9345390796661377,9.15562629699707,-4.678550720214844,9.051362037658691,0.4371242821216583,0.2942994236946106,3401.2336884828965,1119.578897286797,3070.3590067421464,464.2775865087791,7052.665686828802,1969.8202219663171,0.16573822682856038,0.09891643065449823,0.2205497771501541,0.10774678736925125,17.635626565130174,4.904294873157451,-0.006541980772675534,0.08237044966737504,99.38401442307692,pop
pop.00090.wav,-44.72324752807617,43.74986267089844,55.059226989746094,26.195844650268555,27.137182235717773,20.935964584350586,19.502979278564453,15.078904151916504,14.696993827819824,10.796006202697754,3.204047441482544,12.81887149810791,5.509529113769531,9.48042106628418,1.4237080812454224,9.94526195526123,4.496978759765625,9.272295951843262,1.3679072856903076,7.711553573608398,-1.6663117408752441,8.648557662963867,-3.534416675567627,6.737419128417969,-7.9148335456848145,8.311955451965332,0.3531476557254791,0.2996053993701935,3603.429553551326,967.9418147157721,3334.0083043535483,332.59599416439727,7959.451870283475,1265.7865114742262,0.14755995428599072,0.08846918969243606,0.19408726692199707,0.04728341102600098,18.96957043177059,5.090351066954554,0.08422526116049042,0.17737353403809006,103.359375,pop
pop.00091.wav,-8.406137466430664,55.24052810668945,42.00487518310547,21.486536026000977,8.297647476196289,24.456010818481445,17.972023010253906,18.168731689453125,14.039093017578125,14.955220222473145,7.345696926116943,15.054895401000977,5.725320816040039,12.853076934814453,-1.8997341394424438,10.243962287902832,4.603677272796631,10.02885913848877,2.0709261894226074,8.303540229797363,-1.0726747512817383,8.09694766998291,-0.6631825566291809,8.040436744689941,-2.4345152378082275,7.295742988586426,0.4245191514492035,0.3094058036804199,3696.287748409418,877.7518842986608,3246.71775600717,348.7008362691968,7871.152404218266,1240.9513568123614,0.1668300569611068,0.09941433929321998,0.26530829071998596,0.09270405769348145,17.390460342887877,4.53730488980777,-0.029842967505908875,0.10054323050033348,117.45383522727273,pop
pop.00092.wav,-25.935338973999023,56.464515686035156,60.87203598022461,27.549793243408203,6.071952819824219,26.0933895111084,17.71719741821289,15.169331550598145,5.132509708404541,13.374208450317383,10.431290626525879,11.371493339538574,2.450117349624634,10.69318675994873,4.924422264099121,10.019925117492676,8.108928680419922,9.873549461364746,3.8508596420288086,10.295499801635742,-0.18614745140075684,8.754676818847656,7.252810478210449,7.93006706237793,4.946840286254883,9.276280403137207,0.4873383641242981,0.29075467586517334,3271.2458605975758,931.6883723681627,2989.851208660016,473.3480780089569,6883.5083763665825,1696.0407364480402,0.14535890939434984,0.07793121615609189,0.22711193561553955,0.09121059626340866,17.45700639823341,4.743181821131332,0.010191019029822392,0.10668675012316076,107.666015625,pop
pop.00093.wav,-20.228376388549805,35.74537658691406,57.7734489440918,19.20936393737793,16.77764892578125,18.44624900817871,18.24957847595215,11.943984985351562,8.958151817321777,10.37533187866211,14.899964332580566,11.671761512756348,2.669635772705078,8.960855484008789,3.752622127532959,8.824468612670898,1.1145035028457642,8.549851417541504,1.8456721305847168,7.432008266448975,-5.980838298797607,6.996672630310059,-3.6137545108795166,6.843764305114746,-3.6554596424102783,7.0848164558410645,0.4152349829673767,0.29795631766319275,3258.8665238179296,626.4220436445214,3144.2281341811336,262.24368591320643,7268.872712787829,975.6342949947621,0.1316624691611842,0.05899813120011993,0.24578635394573212,0.0866069421172142,18.129586373370017,4.908762144668345,0.034268923609350264,0.08904487372648637,135.99917763157896,pop
pop.00094.wav,-42.26880645751953,52.37480163574219,82.17974853515625,29.913650512695312,-2.2469732761383057,19.6771183013916,19.916231155395508,13.866059303283691,13.862177848815918,10.965286254882812,0.8657801151275635,13.30778980255127,7.920979976654053,10.476832389831543,-0.7182552814483643,9.502274513244629,6.87735652923584,8.06404972076416,-1.9071584939956665,9.043771743774414,-4.687560558319092,7.833616733551025,-3.164194107055664,7.902188301086426,-2.9416699409484863,8.137539863586426,0.3330983817577362,0.29336103796958923,2806.432725529733,899.7542289646402,2857.788083353668,527.9872570848191,6102.421432825803,2024.3275756096361,0.12854835344910992,0.059247529474173964,0.19856701791286469,0.08376726508140564,19.29499322441869,4.461129472185035,-0.03943130834111203,0.22443803637207108,151.99908088235293,pop
pop.00095.wav,-36.62918472290039,56.40973663330078,73.09261322021484,29.32013511657715,39.12303924560547,22.160991668701172,20.328523635864258,18.229740142822266,12.493546485900879,13.007393836975098,2.1519129276275635,13.456992149353027,11.737693786621094,11.03001880645752,-2.4324147701263428,11.196683883666992,6.64672327041626,11.27093505859375,3.182790994644165,8.791183471679688,-5.380570888519287,9.318605422973633,-3.14936900138855,8.800877571105957,-5.775080680847168,8.362703323364258,0.3657050132751465,0.29872843623161316,3046.1865869262933,985.8321226983294,3306.415151404711,443.1230695477843,7384.438680642898,1879.17640534721,0.10639353654702012,0.06583206529646518,0.303727388381958,0.09865164011716843,18.73183687818267,4.769549069372492,0.04418755050722993,0.12449961597527336,103.359375,pop
pop.00096.wav,-59.098690032958984,58.972076416015625,60.998294830322266,30.391305923461914,27.750640869140625,24.983076095581055,23.867935180664062,18.90724754333496,12.298356056213379,13.260621070861816,7.372222423553467,12.96072769165039,12.321167945861816,10.157805442810059,7.1516923904418945,11.35731029510498,13.415489196777344,9.142634391784668,2.485731840133667,8.392098426818848,-1.967411756515503,8.79513931274414,-2.414119243621826,8.036195755004883,-4.519556522369385,10.012953758239746,0.3400040566921234,0.30900922417640686,3126.3938966039664,1137.9887592829612,3162.6817626437364,447.0133938087716,6931.116421820579,1956.061194968397,0.10534554590750773,0.06440893787505508,0.2511536777019501,0.069996677339077,19.938135437753015,5.25216860782509,-0.010562474789943748,0.2589123905023296,92.28515625,pop
pop.00097.wav,-125.53952026367188,73.49761962890625,51.196956634521484,34.00556182861328,38.51710510253906,33.58127975463867,14.49169635772705,22.169940948486328,16.2325382232666,16.512142181396484,4.642958164215088,14.833390235900879,12.308260917663574,14.794329643249512,1.1730316877365112,13.259659767150879,1.724549651145935,9.407231330871582,9.770825386047363,10.808727264404297,-2.822416305541992,9.272698402404785,2.078929901123047,9.139955520629883,0.8530097603797913,8.270904541015625,0.4669703245162964,0.30232343077659607,3510.042356894514,1511.7661482951257,3310.2784279907473,421.3931230130348,7587.437453137094,2068.593969900478,0.13724822525638544,0.14166575104819387,0.20417360961437225,0.14006829261779785,17.52094390533833,4.507809069270814,0.0322669740815514,0.09684031939202684,99.38401442307692,pop
pop.00098.wav,-26.936580657958984,66.54706573486328,46.71036911010742,24.287046432495117,8.70817756652832,23.49233627319336,8.604124069213867,19.00336456298828,6.086184024810791,11.04422378540039,12.425230026245117,12.22962760925293,6.958877086639404,12.219382286071777,2.5068418979644775,11.645808219909668,1.1593010425567627,11.426616668701172,7.2573089599609375,9.012417793273926,-3.1307191848754883,10.227399826049805,1.253766417503357,9.49412727355957,3.838254928588867,10.754308700561523,0.39934101700782776,0.30842792987823486,3634.106563927481,820.1911985984315,3134.284751630451,312.9876737331477,7534.996103576093,1169.8543386347537,0.18310584667666407,0.088114889256061,0.21293947100639343,0.07502681016921997,17.987869373075704,4.587499230786386,0.03860181792928775,0.08356898623533303,117.45383522727273,pop
pop.00099.wav,-119.3464584350586,67.55061340332031,85.94365692138672,26.23935317993164,33.886932373046875,21.38456916809082,9.992517471313477,13.475892066955566,17.7014102935791,11.026412963867188,0.5190526247024536,14.622502326965332,9.565488815307617,11.424295425415039,-5.299007892608643,13.402918815612793,4.170094013214111,9.898432731628418,8.1222505569458,9.893080711364746,-7.977633476257324,10.140719413757324,1.5659162998199463,8.330488204956055,-2.933182954788208,7.619242191314697,0.3605327904224396,0.30250877141952515,2765.6481348893653,916.7970203860294,3222.6973193873114,417.43249967127633,6873.341771175987,1970.7459690396138,0.09601491449787151,0.06038996347141779,0.1381460428237915,0.05032879859209061,19.091998827561675,4.613153158332613,-0.006275008840092076,0.20822131603879007,78.30255681818181,pop
reggae.00000.wav,-159.4761962890625,57.44623947143555,104.84811401367188,19.543415069580078,-10.300141334533691,22.16700553894043,34.65602493286133,16.80227279663086,-4.9666266441345215,12.636354446411133,26.805261611938477,11.36610221862793,-21.953397750854492,11.649113655090332,23.45207977294922,10.26708984375,-14.029751777648926,9.367115020751953,19.586170196533203,10.263371467590332,-8.298797607421875,9.917136192321777,9.717496871948242,10.637545585632324,-10.065848350524902,9.81188678741455,0.32887840270996094,0.30040618777275085,2133.437132679841,525.8420492003531,2289.9243153801012,361.77071633604334,4801.820964045569,1383.3045555775163,0.09781082200561146,0.03579468036068824,0.09414240717887878,0.04209568351507187,23.401007528769668,8.718658649337014,-0.022312622517803454,0.14551602022187007,123.046875,reggae
reggae.00001.wav,-190.9176483154297,54.28944396972656,127.40975952148438,27.926025390625,-3.763439416885376,20.739234924316406,26.714160919189453,11.384340286254883,-12.804948806762695,11.202204704284668,23.936830520629883,8.805426597595215,-8.225953102111816,9.735060691833496,9.973004341125488,10.677637100219727,-12.233067512512207,8.942631721496582,13.443713188171387,8.892956733703613,-7.079031944274902,8.735716819763184,1.6518702507019043,7.987151622772217,-14.517786979675293,7.533698081970215,0.3490114212036133,0.29704514145851135,1638.9674121345956,639.8554885028834,1995.4037341423593,462.44350015398885,3575.111715121904,1645.9205779754832,0.06396144241002322,0.036835097891346,0.08202815800905228,0.040169693529605865,22.185207765827858,8.0351532095206,-0.0368537784545283,0.17691814404742387,151.99908088235293,reggae
reggae.00002.wav,-189.03758239746094,79.61468505859375,110.84746551513672,26.816530227661133,2.952471971511841,25.145854949951172,48.38526916503906,17.913007736206055,-6.414886474609375,13.849786758422852,20.739728927612305,15.606925964355469,-12.55073070526123,12.9899263381958,15.891012191772461,11.889963150024414,-13.61220932006836,11.420591354370117,9.429014205932617,11.249465942382812,-8.036865234375,9.365615844726562,8.0992431640625,9.451798439025879,-10.633535385131836,10.105441093444824,0.378512978553772,0.3037611246109009,1797.2984668713393,653.6927354423228,2103.0795885096622,390.80070990076183,3926.451257286426,1600.9165890978068,0.07512652984713622,0.04207189472459372,0.09248043596744537,0.04284489154815674,21.565449219454404,8.795500947840885,0.0338632650985141,0.08963357236987674,103.359375,reggae
reggae.00003.wav,-201.14634704589844,73.91918182373047,104.1486587524414,33.578948974609375,-15.473288536071777,27.6346378326416,30.80438232421875,17.73638153076172,14.252315521240234,17.3061466217041,31.42222023010254,14.770943641662598,-7.867557048797607,15.00635051727295,17.963144302368164,13.770472526550293,-4.0559983253479,10.724529266357422,16.943933486938477,10.016441345214844,-11.217153549194336,10.195488929748535,12.121106147766113,9.70180892944336,-5.287185192108154,9.615592002868652,0.3913434147834778,0.30600830912590027,1924.062787400072,830.2872676958027,2107.849824229109,551.6628291881523,4154.89154260594,1950.3443833361296,0.08493448263351393,0.06347003014835992,0.09416088461875916,0.04642554000020027,23.090336894315005,8.179878765830969,0.004381787592575971,0.16833426481375238,143.5546875,reggae
reggae.00004.wav,-175.64170837402344,83.98261260986328,104.89667510986328,29.60338020324707,-15.691055297851562,23.650697708129883,27.549057006835938,19.392005920410156,-8.112590789794922,15.620262145996094,24.01068115234375,14.102789878845215,-10.33552360534668,16.009117126464844,18.850736618041992,13.679450035095215,-8.387436866760254,13.580802917480469,11.847503662109375,12.620140075683594,-7.593305587768555,11.604511260986328,12.554908752441406,11.233837127685547,-6.044675827026367,9.770432472229004,0.40186622738838196,0.3050031363964081,2009.3766964303295,701.2091330922617,2140.9098581701173,423.96814801342975,4303.540643745163,1550.683676887082,0.08446849905669504,0.04918898307252047,0.10106945037841797,0.05232610926032066,22.360494409925824,8.261254716081073,-0.021535722593498424,0.112265818961334,123.046875,reggae
reggae.00005.wav,-176.69528198242188,73.52381134033203,116.83857727050781,28.46030044555664,-21.323230743408203,23.11674690246582,38.7664909362793,15.649288177490234,-5.47161865234375,18.87706184387207,26.622394561767578,13.599817276000977,-8.185519218444824,13.675995826721191,15.7808837890625,10.237658500671387,-10.489776611328125,10.568615913391113,11.041742324829102,10.877320289611816,-10.061266899108887,9.14453125,9.915604591369629,9.204191207885742,-3.2601382732391357,9.336796760559082,0.36461248993873596,0.3063144385814667,1798.6538836861723,628.496334126617,1964.0250538224557,398.68183415231533,3797.0103733310757,1407.3667864724493,0.07305095660797213,0.04155342918074895,0.10033389925956726,0.05001441761851311,22.243662500466066,8.437984209513392,0.04953293172662768,0.1080275876284608,161.4990234375,reggae
reggae.00006.wav,-207.34693908691406,71.95503997802734,134.6690673828125,33.263267517089844,-9.072053909301758,26.91780662536621,38.46156692504883,20.662736892700195,6.294405460357666,19.954849243164062,22.612716674804688,13.584485054016113,-8.29777717590332,17.714527130126953,16.307374954223633,12.317659378051758,-8.460723876953125,11.017836570739746,4.160749435424805,11.835187911987305,-4.351009368896484,10.53474235534668,6.347874164581299,9.608550071716309,-6.902564525604248,9.36423110961914,0.3424329161643982,0.30341002345085144,1418.2807056387026,739.0556343102762,1704.9426029358353,496.7370659972816,2881.0659119219235,1614.9481744841119,0.060822383538119196,0.05101173401405865,0.10510128736495972,0.05081724375486374,22.467928546365567,7.81353916193857,-0.030971077738620765,0.17138261390705545,75.99954044117646,reggae
reggae.00007.wav,-192.26953125,70.89920043945312,116.49671173095703,25.799955368041992,-10.948331832885742,26.94211196899414,29.89508056640625,20.42806625366211,-0.6437026262283325,18.55174446105957,21.41599464416504,11.947805404663086,-11.890398025512695,20.07054901123047,18.631174087524414,12.477191925048828,-13.072376251220703,12.627945899963379,14.453670501708984,12.10323429107666,-7.383002758026123,11.798381805419922,4.824288368225098,10.385795593261719,-2.811899423599243,10.729825973510742,0.3859999477863312,0.30278629064559937,1754.296876028464,676.2418969658652,2026.1579061758764,459.2464262862944,3769.0188759251646,1710.6166830488605,0.07391149562209752,0.044730506407744765,0.0905776098370552,0.03905056044459343,22.62105079976904,8.172879510375266,-0.005986938581325081,0.13967184907118696,151.99908088235293,reggae
reggae.00008.wav,-194.59451293945312,76.89493560791016,118.5517349243164,33.720741271972656,-6.407085418701172,24.33143424987793,40.793235778808594,22.47486114501953,-3.2897934913635254,17.969364166259766,25.464677810668945,12.328011512756348,-9.305264472961426,15.336752891540527,11.397987365722656,12.792351722717285,-6.148848533630371,14.1863374710083,15.34121036529541,11.301658630371094,-5.157905578613281,10.271879196166992,5.756854057312012,9.137056350708008,-6.2863240242004395,10.233524322509766,0.3687390983104706,0.30845096707344055,1691.9918927541255,706.5910589524012,1963.6870059672096,459.80222002041353,3657.736215502854,1639.8896023080738,0.06947274695239938,0.045968972309658976,0.10185106098651886,0.04788769781589508,22.918521683415182,7.8178523856384325,-0.01417810085133736,0.12056463174822618,95.703125,reggae
reggae.00009.wav,-232.593017578125,80.03518676757812,131.2395477294922,36.60907745361328,2.662842273712158,24.731565475463867,18.392391204833984,17.375713348388672,11.315526962280273,17.569610595703125,22.940380096435547,15.980234146118164,-10.487954139709473,16.420719146728516,16.76371192932129,12.785229682922363,-15.250353813171387,13.114860534667969,15.543020248413086,11.666890144348145,-8.380157470703125,11.534479141235352,8.02341365814209,9.968342781066895,-3.7811055183410645,9.918808937072754,0.3829874098300934,0.31237685680389404,1609.7558037303509,1026.232567160231,1990.2806356947426,617.3379813073738,3270.7802220394738,2218.0958591574217,0.06057597535313467,0.04951183818621845,0.08663682639598846,0.04325848072767258,22.02781684273612,7.85667294286278,0.012201765705776755,0.1021993916440805,161.4990234375,reggae
reggae.00010.wav,-233.6129608154297,70.68213653564453,87.49832916259766,30.409542083740234,-22.208412170410156,20.113590240478516,52.04625701904297,18.571430206298828,-8.596837043762207,20.343320846557617,24.979408264160156,10.129725456237793,-18.240001678466797,18.13848114013672,1.8987337350845337,10.661789894104004,-9.137019157409668,10.457408905029297,-0.22734659910202026,9.238911628723145,-17.065608978271484,10.102763175964355,-3.0177414417266846,9.281794548034668,-9.790681838989258,9.307132720947266,0.29494279623031616,0.30405673384666443,2149.7748681954477,836.3917055027446,2037.01320453109,361.3772558910381,4427.873225256385,1373.1194756449731,0.10279038373161764,0.07014406672519193,0.06166275218129158,0.04198453575372696,25.359322221700285,7.032930306581271,0.06842174347614548,0.21118690693649947,117.45383522727273,reggae
reggae.00011.wav,-198.63279724121094,69.82244873046875,102.41358184814453,22.857038497924805,-10.031448364257812,25.073043823242188,30.802383422851562,17.655513763427734,-3.310605764389038,15.686372756958008,20.27692413330078,12.100143432617188,-5.637373447418213,12.11655330657959,28.095630645751953,10.646368980407715,-11.512124061584473,9.615288734436035,18.20206642150879,9.288545608520508,-7.365782260894775,8.801789283752441,12.278468132019043,8.849416732788086,-4.360509395599365,8.292119026184082,0.41850125789642334,0.31280648708343506,1995.6005146508553,545.0741464630041,2295.4662396097137,361.2645079523056,4557.697440227119,1409.7378812637944,0.07032270401993033,0.03830244686763856,0.0784122422337532,0.0426761619746685,21.412199535579887,8.25898989598087,0.021452741785917075,0.10609570752456608,123.046875,reggae
reggae.00012.wav,-191.17173767089844,72.85302734375,96.34012603759766,31.431581497192383,-17.656991958618164,26.02090835571289,24.872455596923828,21.617496490478516,-0.8780677914619446,19.00954818725586,26.344680786132812,15.704109191894531,-12.918913841247559,16.971542358398438,19.642457962036133,14.812453269958496,-9.785496711730957,11.563430786132812,16.9770565032959,10.326154708862305,-8.600343704223633,10.64511775970459,11.421409606933594,9.675589561462402,-8.215002059936523,9.649078369140625,0.4273662567138672,0.2976318299770355,2300.0529187574825,952.2549798855363,2303.614904048928,485.2967169538623,4920.020249310662,1835.9682508703388,0.1137952302631579,0.08840022252356414,0.07557864487171173,0.04256827384233475,21.506714200546604,8.737741260660382,0.03260414627660806,0.10830956013352419,129.19921875,reggae
reggae.00013.wav,-206.4923553466797,80.26113891601562,122.64485931396484,30.435020446777344,-0.6156088709831238,29.327550888061523,29.371662139892578,16.715024948120117,10.252774238586426,18.063194274902344,28.223461151123047,13.845476150512695,-9.92139720916748,15.647546768188477,13.379462242126465,12.387286186218262,-8.442612648010254,12.137275695800781,11.284242630004883,14.031378746032715,-7.274707317352295,11.352160453796387,7.082518100738525,10.277169227600098,-10.333574295043945,10.783051490783691,0.3621758818626404,0.3122365176677704,1606.560170615663,794.6074196600532,1974.1980410603148,551.7224944587019,3432.80424230239,1942.4049622345265,0.07054114563177244,0.05929702345633586,0.11165975779294968,0.05102162808179855,22.505957447389846,8.341924277446564,0.007907134077295049,0.1170327719365813,123.046875,reggae
reggae.00014.wav,-209.72825622558594,81.99922943115234,105.23511505126953,36.137237548828125,2.5971052646636963,28.509645462036133,34.90690994262695,20.10396385192871,15.330764770507812,18.703449249267578,25.211894989013672,13.570322036743164,-6.054940700531006,17.106847763061523,18.222579956054688,14.683525085449219,-5.076517105102539,14.453990936279297,8.924583435058594,11.243632316589355,-0.9967100620269775,11.15799331665039,8.245265007019043,9.5203218460083,-4.022233963012695,9.844048500061035,0.3949899971485138,0.306508868932724,1716.1117225999903,959.423985220608,2062.763193139659,598.7867380633198,3791.193741836784,2176.192733961067,0.06411563648897059,0.05822072335346724,0.11409615725278854,0.06342325359582901,21.538663640819514,7.603033057056782,0.009540409651577434,0.12452192723815517,129.19921875,reggae
reggae.00015.wav,-157.72598266601562,62.13489532470703,109.83527374267578,29.06319236755371,8.463047981262207,22.807374954223633,41.79172134399414,16.599201202392578,5.113607883453369,14.199529647827148,25.760814666748047,13.919641494750977,-12.964588165283203,13.700432777404785,22.06696128845215,11.06113338470459,-15.514671325683594,11.176077842712402,14.3726806640625,11.576602935791016,-11.921098709106445,8.917393684387207,11.602115631103516,9.246171951293945,-10.626171112060547,8.549433708190918,0.35863691568374634,0.3077426850795746,1923.7123234958624,814.6537902095738,2314.448964060522,521.7021200089056,4493.747826921682,1965.473761478321,0.06821916420762383,0.04309297372704605,0.13193196058273315,0.054587628692388535,21.528529081080293,8.741916568829321,-0.011488503731444461,0.1172435135473785,129.19921875,reggae
reggae.00016.wav,-76.04833221435547,61.58922576904297,101.12716674804688,17.499202728271484,-11.63193416595459,20.72220230102539,46.23291778564453,11.66918659210205,-11.216928482055664,8.7923002243042,31.394113540649414,8.702265739440918,-9.462058067321777,9.219526290893555,22.460752487182617,7.420934200286865,-16.815595626831055,7.500181198120117,15.975831985473633,7.871674060821533,-9.508243560791016,7.331257343292236,11.81232738494873,7.2296576499938965,-7.84501838684082,6.808553695678711,0.4195210337638855,0.28427067399024963,2118.326028871004,474.5591623378415,2302.8563870316257,286.54715225136636,4852.278992266109,1043.0519668200411,0.07927087364551083,0.03588569373134594,0.1855965256690979,0.048732299357652664,21.744952541753975,9.217555546968462,-0.0016916531922723337,0.12534908816602536,143.5546875,reggae
reggae.00017.wav,-154.8780975341797,68.32787322998047,110.04191589355469,37.38716506958008,-18.444852828979492,24.625886917114258,36.64432907104492,18.527454376220703,0.5231587290763855,20.655126571655273,31.58628273010254,13.735361099243164,-10.428807258605957,17.95487403869629,18.810909271240234,11.662639617919922,-7.182783603668213,14.965903282165527,13.130121231079102,11.5958251953125,-5.2511677742004395,11.365354537963867,8.890393257141113,9.41630744934082,-6.71835994720459,10.9931640625,0.4259522259235382,0.30311959981918335,1803.5661063308723,812.0345431879231,1972.8008640329158,449.0341798839668,3777.985488371952,1621.5186030809757,0.07796513702109133,0.05959570950443023,0.13965924084186554,0.059971727430820465,21.664726497619068,8.364796692555675,-0.01967025534505709,0.13131545615625662,129.19921875,reggae
reggae.00018.wav,-170.92190551757812,71.68163299560547,107.74945831298828,31.161775588989258,-1.754551887512207,23.326740264892578,46.44015884399414,15.133687973022461,-0.19604642689228058,18.56515884399414,24.946035385131836,13.678574562072754,-10.681297302246094,14.136490821838379,18.073284149169922,10.93679428100586,-10.796637535095215,12.87254524230957,11.152105331420898,10.599048614501953,-7.2524518966674805,10.825947761535645,6.203108310699463,9.590995788574219,-6.464095592498779,9.92098617553711,0.394586443901062,0.3009425699710846,1907.381884489025,868.3066543658438,2124.3866543657846,503.6021794928056,4220.232814162878,1906.129904808793,0.07739862495162539,0.05845871678912975,0.10636913776397705,0.051863450556993484,20.08860920621825,8.68788350901629,0.016011123255866403,0.1507520473639724,151.99908088235293,reggae
reggae.00019.wav,-184.5159454345703,92.13807678222656,106.18036651611328,34.655521392822266,4.0202484130859375,28.459991455078125,38.73769760131836,16.612594604492188,8.40831470489502,23.556367874145508,30.45932960510254,12.368803977966309,-3.355588436126709,19.4785099029541,20.299545288085938,11.401658058166504,-1.5513797998428345,12.894392967224121,15.9221773147583,9.799732208251953,-6.521013259887695,10.174271583557129,13.197271347045898,9.387105941772461,-1.7158337831497192,10.346053123474121,0.39388507604599,0.3183292746543884,1754.5284525268162,955.9632528965839,2068.6260106561267,582.5606632886587,3841.8934352626743,2114.444714340454,0.07129926651993033,0.06445115865730949,0.1387546807527542,0.06816056370735168,22.07390629206275,8.369616916593149,-0.01817996456214207,0.10534273292264783,143.5546875,reggae
reggae.00020.wav,-177.68386840820312,77.68804931640625,113.61753845214844,28.76833724975586,2.316892147064209,22.294519424438477,35.84281539916992,18.348346710205078,1.594757318496704,16.16912841796875,34.69797897338867,12.357512474060059,-8.755849838256836,16.22173309326172,16.296052932739258,12.963264465332031,-9.335260391235352,13.417856216430664,14.175699234008789,11.198151588439941,-2.073439598083496,12.284769058227539,13.142420768737793,11.467373847961426,-7.247561454772949,11.327325820922852,0.37093374133110046,0.30808717012405396,1637.9263684990146,758.277709838855,2045.9357051126192,457.3052340822045,3596.253253948578,1820.6050719682084,0.05678045786571207,0.04789884175603162,0.13927479088306427,0.05313524976372719,22.121210013853414,8.13429808638948,0.02787388853970949,0.14714542942240696,129.19921875,reggae
reggae.00021.wav,-88.09089660644531,38.995277404785156,109.4167251586914,21.043737411499023,-25.173023223876953,17.716432571411133,40.403038024902344,12.394756317138672,-8.781225204467773,11.640758514404297,24.70951271057129,12.198534965515137,-11.537566184997559,12.17241382598877,18.49916648864746,8.767510414123535,-8.295320510864258,8.941944122314453,17.030208587646484,7.98463249206543,-8.444005966186523,8.625373840332031,9.802780151367188,7.0861711502075195,-12.90077018737793,7.344080448150635,0.3900379240512848,0.29417404532432556,2007.372657971661,524.6149174193421,2120.535241338682,317.8556514908789,4324.615516308291,1137.4100521402834,0.09286754123935759,0.039902825540715704,0.15503212809562683,0.062519371509552,20.20730310684104,9.08814177326908,0.03548774627831642,0.1294078933213696,151.99908088235293,reggae
reggae.00022.wav,-91.33976745605469,55.248653411865234,98.83060455322266,21.6927433013916,-23.198654174804688,18.170856475830078,46.87973403930664,15.179001808166504,-6.8574090003967285,10.567938804626465,29.266338348388672,11.150140762329102,-9.967306137084961,10.72127628326416,25.659387588500977,8.621003150939941,-10.211893081665039,8.462172508239746,19.611228942871094,9.588784217834473,-8.218379974365234,8.559430122375488,13.4072265625,7.144589424133301,-6.49976110458374,8.151049613952637,0.4554273784160614,0.29666224122047424,2059.3588992585837,493.25667142180646,2227.0664146910767,312.8717576755535,4552.972468798374,1119.4960579600322,0.0723423441128096,0.03569558494854113,0.182183176279068,0.046521153301000595,21.179391572356682,9.205491515328106,-0.004821736511323728,0.10458339654564054,151.99908088235293,reggae
reggae.00023.wav,-161.81602478027344,70.0731201171875,78.71281433105469,30.722244262695312,-19.275562286376953,19.571104049682617,55.1133918762207,16.01389503479004,13.201412200927734,14.47684383392334,30.957822799682617,12.230000495910645,-7.024675369262695,13.301794052124023,24.269943237304688,9.997946739196777,-12.833857536315918,11.920068740844727,21.512704849243164,11.155529975891113,-13.528580665588379,8.951412200927734,12.77205753326416,7.875665664672852,-7.446732521057129,8.223127365112305,0.42847755551338196,0.2986924946308136,2354.2710703063417,859.5887613581737,2335.857887101552,366.9946713752675,5048.41113961518,1601.6671620048176,0.1202902779121517,0.09112250223852493,0.10780409723520279,0.05244870111346245,21.062378540233002,8.945857184192327,-0.018243574655115186,0.14837562309405258,129.19921875,reggae
reggae.00024.wav,-169.24366760253906,76.76116180419922,110.44771575927734,34.87289810180664,-8.553956985473633,22.23798942565918,43.8986930847168,18.108243942260742,0.2664538323879242,15.6741943359375,26.646509170532227,11.998333930969238,-14.365674018859863,16.124858856201172,13.026835441589355,11.390905380249023,-11.14289665222168,12.906303405761719,8.14470100402832,10.958412170410156,-7.690255641937256,10.152737617492676,10.9099702835083,8.841719627380371,-8.17238712310791,9.60209846496582,0.3486715257167816,0.3124586045742035,1811.3582154873116,810.1451025407114,2019.2526860338724,442.32342525027985,3854.901689936871,1697.9631337259036,0.0721775680872678,0.05171073026795023,0.12365177273750305,0.05308030545711517,22.132185639210544,8.192333111526743,0.025853423675228054,0.19514146863026857,135.99917763157896,reggae
reggae.00025.wav,-177.34091186523438,90.30091857910156,110.98352813720703,31.679880142211914,-15.655527114868164,31.575393676757812,36.77762985229492,17.347267150878906,0.06121807172894478,19.046709060668945,24.468961715698242,13.633293151855469,-3.7678868770599365,16.286720275878906,18.42662239074707,13.589874267578125,-3.3727521896362305,14.338095664978027,13.775833129882812,10.315824508666992,-2.107057571411133,9.607917785644531,8.593649864196777,9.754894256591797,-5.945119857788086,10.273201942443848,0.362489253282547,0.3097802400588989,1709.0354342543874,774.6447834637473,1899.2199943519847,521.5661805778511,3582.7866687125097,1760.6668154924982,0.07374974300986842,0.051299621555574666,0.12678320705890656,0.05457450821995735,22.22290954730173,7.758618781091151,0.05185506767342058,0.1738044066566727,123.046875,reggae
reggae.00026.wav,-171.674560546875,85.86494445800781,99.35704040527344,30.394485473632812,-8.266291618347168,25.43639373779297,49.60402297973633,19.854372024536133,1.087764024734497,19.576780319213867,31.122861862182617,13.568796157836914,-7.134890556335449,14.917633056640625,15.888199806213379,11.70641803741455,-1.3654099702835083,13.52197551727295,12.733199119567871,12.246623039245605,-5.199900150299072,11.084176063537598,11.809978485107422,10.322797775268555,-5.325465679168701,10.080655097961426,0.40271538496017456,0.3123190104961395,1840.8054757537875,771.2713640112629,2054.3627295419174,479.4984609387312,4007.0841030439724,1725.73879656926,0.07455850607101393,0.047762171574204,0.13427872955799103,0.05919807404279709,22.047190250030102,8.245576610572236,-0.0022951699674153554,0.1608318788989295,135.99917763157896,reggae
reggae.00027.wav,-177.61338806152344,83.23368072509766,89.95230102539062,31.853120803833008,4.605282783508301,27.25537872314453,40.16279220581055,23.161760330200195,0.16708143055438995,17.697309494018555,23.18253517150879,13.971966743469238,-9.905035018920898,15.250513076782227,12.76270866394043,12.19741153717041,-7.30821418762207,11.94035816192627,18.73248291015625,11.527487754821777,-5.735256195068359,11.320279121398926,6.114346027374268,10.835124969482422,-9.921317100524902,10.134181022644043,0.403734028339386,0.31617727875709534,2086.5315028359455,911.328301486395,2317.9605384924525,492.29894748521235,4678.97170689822,1889.7224982340838,0.08737815644349846,0.07514190382036555,0.12768055498600006,0.07165392488241196,21.19370025562851,8.43456968169334,0.031195929412619134,0.11834367289704832,135.99917763157896,reggae
reggae.00028.wav,-256.3182678222656,95.21336364746094,104.26258850097656,34.323089599609375,-7.273194789886475,31.356794357299805,56.24643325805664,16.119909286499023,11.09731674194336,26.190109252929688,27.300397872924805,13.682034492492676,5.819084167480469,13.378209114074707,17.78363609313965,9.835362434387207,-1.2736736536026,10.44487190246582,14.663481712341309,9.394566535949707,-3.464660167694092,8.645386695861816,10.8682279586792,7.240447998046875,-2.4614923000335693,8.176448822021484,0.48730456829071045,0.29219692945480347,1640.0485302065747,891.7748577963979,1906.2950902164441,470.143785140082,3494.9705330580014,1770.003232535659,0.06783783620356038,0.06378219731575013,0.07285960763692856,0.0419660247862339,20.92210361246066,7.944240976612836,-0.009836759857045654,0.09349763787907216,78.30255681818181,reggae
reggae.00029.wav,-202.02220153808594,77.64641571044922,111.09486389160156,20.075878143310547,8.87687873840332,31.031076431274414,51.826438903808594,11.55514907836914,1.2931866645812988,14.108054161071777,30.04319190979004,10.029157638549805,-4.508890151977539,10.216959953308105,22.452714920043945,9.8132905960083,-7.146487236022949,8.512899398803711,11.500770568847656,9.718663215637207,-4.760858058929443,7.732481956481934,10.600747108459473,7.853679180145264,-2.6392035484313965,7.119983673095703,0.42890921235084534,0.29789456725120544,1585.601293881055,543.0890547964221,2126.9648563718615,365.8383221735478,3736.244074109907,1495.7397545632973,0.04367887420181889,0.02332330172149772,0.10383700579404831,0.042810048907995224,20.91258015983324,9.020785586397622,0.018622011506799784,0.10357707070567881,151.99908088235293,reggae
reggae.00030.wav,-239.17886352539062,88.48331451416016,98.96217346191406,34.77266311645508,19.201751708984375,30.97385025024414,50.79389953613281,18.19523048400879,2.8389906883239746,21.69629669189453,32.244686126708984,11.189356803894043,-1.5015263557434082,15.047698974609375,16.732337951660156,8.713418960571289,-7.452125072479248,9.3753023147583,16.716909408569336,10.343148231506348,1.497063159942627,7.503562927246094,16.056482315063477,9.456324577331543,2.8027048110961914,8.548117637634277,0.4876407980918884,0.2896890640258789,1814.19900091257,945.0558363952011,2187.883147011966,538.8166524788465,4068.258733129354,2164.7082631074854,0.07047840980553406,0.06953823215658099,0.08051517605781555,0.03692645579576492,20.765190736539928,8.650158580467895,-0.019707194975222407,0.08490836263817506,75.99954044117646,reggae
reggae.00031.wav,-226.4188232421875,92.42017364501953,103.35993194580078,25.574260711669922,0.16650240123271942,31.469831466674805,43.97385787963867,18.803571701049805,10.650589942932129,22.81344223022461,35.2100715637207,16.587390899658203,8.444856643676758,14.03542423248291,21.14563751220703,10.041272163391113,-3.2926626205444336,12.015164375305176,15.537871360778809,9.791696548461914,-3.010856866836548,9.389944076538086,11.102892875671387,9.5216064453125,1.7772817611694336,8.013422012329102,0.4904192388057709,0.2880154550075531,1578.9797524821934,722.6497866961328,2022.4438370808307,508.3853515711098,3540.945255055147,1815.7771116188135,0.05862247242647059,0.040125812220501475,0.09199360013008118,0.04321678727865219,21.910560180084765,7.883140100260533,0.047083200041095445,0.07558199273062592,161.4990234375,reggae
reggae.00032.wav,-243.80943298339844,69.27429962158203,123.34759521484375,27.691038131713867,-15.570890426635742,30.91278839111328,38.88397216796875,22.293615341186523,6.487192153930664,17.810701370239258,25.511737823486328,12.782254219055176,3.0363428592681885,11.747681617736816,17.17544174194336,9.254646301269531,-0.21269448101520538,9.3250093460083,8.983331680297852,9.08253002166748,-2.4875261783599854,7.471930027008057,6.7616143226623535,7.735802173614502,-3.453197956085205,7.073690891265869,0.48696228861808777,0.29040566086769104,1510.806650097002,576.6243240770474,1850.300559898857,471.4963282095523,3319.1299296754064,1434.6679138476113,0.0658639252370356,0.03831987556988722,0.06389627605676651,0.03992343693971634,20.455582420464925,7.702905230774032,-0.0056179447865432565,0.08293515275324108,151.99908088235293,reggae
reggae.00033.wav,-249.427734375,80.3694839477539,111.49365234375,28.54595947265625,11.282425880432129,37.62648010253906,41.32826614379883,17.40452003479004,-2.885129928588867,17.24058723449707,34.55427551269531,15.127076148986816,0.42364582419395447,14.44539737701416,22.34600067138672,10.366449356079102,-9.96639633178711,9.940526008605957,10.20838451385498,11.559432983398438,-2.821761131286621,7.950320243835449,8.728781700134277,8.437294960021973,-1.4477806091308594,6.583012580871582,0.44672203063964844,0.29822996258735657,1615.9036118108686,807.4753747442071,2062.8677397297074,441.9344399577137,3560.1451389560757,1944.7814165514724,0.059147790489551086,0.06101540799930658,0.07420201599597931,0.03653832525014877,21.043126963886866,8.80913986477906,0.008990573681017057,0.09887255765660422,89.10290948275862,reggae
reggae.00034.wav,-238.86949157714844,76.68228912353516,132.3236541748047,28.23642349243164,-0.12489058822393417,24.079166412353516,41.23384475708008,15.476981163024902,2.4230198860168457,15.841840744018555,19.093399047851562,15.50385570526123,7.968852996826172,14.050263404846191,19.944677352905273,9.692867279052734,-0.6315844058990479,10.10289192199707,11.098160743713379,11.157658576965332,-1.719542145729065,8.681995391845703,9.940313339233398,8.544785499572754,3.0247061252593994,8.118110656738281,0.47058528661727905,0.297168105840683,1291.482455169567,688.327638931512,1746.2980689654746,537.6385024443413,2827.566235427148,1726.74021722914,0.04461386476876935,0.028460355880413568,0.08248903602361679,0.04310359060764313,21.231464862454622,7.478377172774869,0.02444763540799259,0.08013527076847418,184.5703125,reggae
reggae.00035.wav,-223.3667755126953,80.1363754272461,114.21255493164062,26.57589340209961,-4.424648761749268,24.224794387817383,40.1878662109375,17.52337074279785,-5.098538398742676,17.616836547851562,24.676881790161133,15.85410213470459,0.7235718965530396,14.475471496582031,17.04950523376465,11.430975914001465,-2.365762233734131,10.409415245056152,11.154623031616211,8.699994087219238,-3.084627866744995,8.819904327392578,6.129700660705566,7.606213569641113,-5.687175750732422,7.188629150390625,0.4585399925708771,0.29507559537887573,1699.8353933233097,743.438883577462,2030.7174837332313,459.9990036258188,3787.3354318341235,1689.037225002736,0.061317467468072755,0.04246129247250051,0.0732119157910347,0.04346752539277077,20.451797950403677,8.197292924606352,0.012617656830206948,0.09131035569165356,107.666015625,reggae
reggae.00036.wav,-236.62388610839844,74.17494201660156,91.68299102783203,26.556821823120117,1.8581238985061646,24.623231887817383,45.465084075927734,13.960929870605469,1.2693517208099365,16.2791805267334,32.25914764404297,15.106913566589355,9.054457664489746,17.19964599609375,19.607553482055664,14.079791069030762,-5.063745498657227,10.57632827758789,10.957539558410645,12.614964485168457,-4.013187408447266,9.438797950744629,7.537910461425781,10.103775024414062,-0.33258384466171265,10.598706245422363,0.4345426559448242,0.30601269006729126,1811.5147924120354,809.0012247005089,2166.3124683929723,427.14144364203133,4119.283424590025,1694.7782495897256,0.05923924874226006,0.044961716386086814,0.0799814909696579,0.05635073035955429,22.19071719731192,7.944848138781043,-0.018238843393265952,0.1166882176536936,86.1328125,reggae
reggae.00037.wav,-242.55130004882812,102.44207763671875,98.30878448486328,24.342144012451172,-3.8207767009735107,28.19310760498047,46.03242492675781,17.300874710083008,3.2868471145629883,21.580236434936523,29.200767517089844,13.71679973602295,8.863107681274414,13.69813346862793,26.982606887817383,13.510059356689453,4.722848415374756,11.067316055297852,13.119674682617188,11.12155818939209,-0.6375584602355957,9.887115478515625,12.055010795593262,9.597829818725586,3.004189968109131,8.922966957092285,0.5177375674247742,0.2920839786529541,1709.714456389326,724.1798019919919,2068.0062617750314,437.30257177261666,3837.6684608105165,1664.4157454699014,0.06328759916795666,0.05206298795170147,0.0862402692437172,0.05245516449213028,20.20094622794299,8.116145282403133,0.011836058029307527,0.06450464827666755,151.99908088235293,reggae
reggae.00038.wav,-240.00929260253906,91.01213836669922,108.7555160522461,25.63971710205078,-8.202256202697754,34.21803283691406,32.19762420654297,15.578716278076172,-8.816149711608887,15.058053016662598,18.640666961669922,15.542858123779297,-4.701402187347412,14.515226364135742,15.518406867980957,14.206274032592773,-3.718203544616699,12.333477020263672,14.536972999572754,14.07129192352295,-4.792446136474609,12.99311351776123,6.403633117675781,14.155662536621094,-2.9500248432159424,11.204139709472656,0.37383952736854553,0.3227059543132782,1701.103192532159,723.5883288630971,2000.4313412268452,468.76568929187044,3693.844330495356,1680.5257678198918,0.0655547812258127,0.05124306271332017,0.07575374841690063,0.03767506033182144,22.53174612976758,8.298317888466524,0.006122090461073463,0.1444838453402966,95.703125,reggae
reggae.00039.wav,-300.35504150390625,109.0774154663086,99.2526626586914,32.981727600097656,52.999855041503906,47.119384765625,43.22673797607422,22.40555191040039,18.883024215698242,18.40608787536621,24.84849739074707,14.081854820251465,-7.955613136291504,13.692716598510742,22.17586898803711,10.47359561920166,1.7826728820800781,8.437956809997559,24.794260025024414,9.288201332092285,8.393651008605957,8.915881156921387,20.713451385498047,8.947892189025879,2.8040072917938232,7.848930835723877,0.5074149370193481,0.3049966096878052,1312.7373064527953,735.3694856041109,2137.4601402385933,474.0482874604041,2649.925642928841,2260.614056421187,0.02594957853618421,0.018791419961418688,0.10385958850383759,0.06112676486372948,21.71253220205707,8.089532892082797,-0.024625958252533393,0.07338874647505557,151.99908088235293,reggae
reggae.00040.wav,-296.0807800292969,118.71295928955078,93.19380950927734,39.59824752807617,-31.427438735961914,25.02300262451172,29.488937377929688,30.047882080078125,-18.940149307250977,18.865278244018555,1.9491981267929077,18.829309463500977,-19.498470306396484,17.294269561767578,-6.245118141174316,14.427742004394531,-24.019805908203125,11.91253662109375,-7.098768711090088,10.766697883605957,-14.191152572631836,14.556262969970703,3.2708816528320312,14.205061912536621,-10.612778663635254,15.198711395263672,0.3026154935359955,0.30829963088035583,2031.8882309842427,919.5724806449037,1850.2019356993098,366.38116716275675,3837.843459752322,1397.650131930698,0.10104549632352941,0.08690607634035401,0.039068758487701416,0.02996041625738144,21.33648353180536,7.0881349522937525,0.016675786077967162,0.19140259838511672,92.28515625,reggae
reggae.00041.wav,-177.2906036376953,69.7099609375,89.63706970214844,32.11911392211914,9.614038467407227,27.02680778503418,65.46782684326172,17.415163040161133,-1.0167573690414429,18.086841583251953,15.51467227935791,14.934309959411621,8.01046085357666,11.45020580291748,16.342636108398438,9.776666641235352,0.26795142889022827,9.452103614807129,2.6445178985595703,10.638875961303711,2.896160364151001,9.59982967376709,0.6422156691551208,8.142791748046875,2.5766916275024414,8.252394676208496,0.3736055791378021,0.3032248020172119,1931.4896901504014,766.9669636171722,2205.638614424234,393.6866259310053,4123.183401007402,1454.3131645091848,0.05904763992356811,0.03767263328559756,0.11992645263671875,0.031211627647280693,19.731121770505716,4.7308021654468515,-0.02316110982962367,0.11541069787536393,143.5546875,reggae
reggae.00042.wav,-174.81072998046875,62.61976623535156,79.29305267333984,24.764474868774414,-24.333023071289062,27.943687438964844,17.978055953979492,18.905466079711914,24.47028350830078,16.14629364013672,15.726946830749512,11.245223999023438,7.472576141357422,12.697011947631836,4.225911617279053,9.882994651794434,3.9170730113983154,9.603582382202148,4.806662559509277,9.632735252380371,2.760658025741577,9.256529808044434,1.7235027551651,8.194046974182129,-2.3440120220184326,8.956591606140137,0.43341031670570374,0.2893618047237396,2480.8459326909738,827.9204018190551,2521.7094790983374,546.065723734881,5049.419466851296,1926.1644558793141,0.10571062306501548,0.057513855159720136,0.0712503045797348,0.038430675864219666,18.304398507121924,4.097408158855289,0.021788015225603478,0.11007402629745403,123.046875,reggae
reggae.00043.wav,-164.68896484375,58.33504867553711,142.69796752929688,19.435026168823242,-41.4739875793457,18.00067710876465,41.2348518371582,10.12646770477295,16.1884708404541,15.657766342163086,-5.570958614349365,11.502952575683594,7.642460823059082,8.071735382080078,5.620356559753418,8.52951431274414,0.8028852343559265,7.3834381103515625,-10.47752571105957,8.744705200195312,-2.348062753677368,8.731524467468262,-0.4949834942817688,7.421059608459473,-3.0664114952087402,7.166475772857666,0.3347782790660858,0.2921368181705475,1484.7434261821936,338.49129449046075,1644.3137702371994,226.47729099244583,2775.2082186955786,461.93803709493073,0.07602637323432662,0.033675190594016,0.1106187105178833,0.04219457134604454,19.47890306119866,4.860370097195397,0.07044011968128662,0.13195359522078123,151.99908088235293,reggae
reggae.00044.wav,-104.24897003173828,61.88536071777344,83.94451141357422,27.667139053344727,18.881547927856445,22.2062931060791,28.945411682128906,16.801437377929688,10.635660171508789,12.980586051940918,9.320363998413086,12.766408920288086,9.311715126037598,12.641864776611328,6.5240044593811035,11.35367202758789,3.0084590911865234,10.211037635803223,2.4963021278381348,10.212903022766113,2.7950141429901123,7.783044815063477,-0.2027198225259781,7.517246246337891,3.1010100841522217,6.352802753448486,0.449276328086853,0.28476768732070923,2454.215349177034,942.1222606043639,2820.883466207411,462.86390832265306,5582.274578082673,1960.4603223860345,0.08757694586880804,0.050584796549271165,0.1524408608675003,0.05807136744260788,17.555427427118428,4.397083515409101,0.012560734149133905,0.09343427392316282,172.265625,reggae
reggae.00045.wav,-120.32481384277344,78.24610137939453,16.383319854736328,29.566415786743164,25.046579360961914,32.31177520751953,37.259220123291016,21.32481575012207,9.280131340026855,15.007610321044922,13.014446258544922,11.561944007873535,3.22973370552063,13.80750846862793,5.967851161956787,10.017645835876465,4.083349704742432,10.192133903503418,1.6961599588394165,9.558192253112793,1.8896632194519043,9.931258201599121,2.6729698181152344,8.124801635742188,2.0346596240997314,7.915016174316406,0.4575735628604889,0.28531304001808167,4283.044762530106,992.0255488050609,3112.0550806340652,377.3497590696028,7926.302070735778,1353.3694583892132,0.22392041469136997,0.09241312543894102,0.09121400862932205,0.03632581606507301,17.63099807497833,4.204144465959058,-0.004520177379958707,0.11377812742277424,161.4990234375,reggae
reggae.00046.wav,-169.03961181640625,54.81899642944336,79.50440979003906,27.208019256591797,15.242740631103516,20.884248733520508,42.74113082885742,18.204912185668945,7.687920093536377,13.303885459899902,17.028827667236328,10.061046600341797,-5.982692718505859,10.685722351074219,0.5410266518592834,8.344913482666016,0.06319968402385712,8.627484321594238,-0.9479883909225464,9.39812183380127,0.8362159132957458,8.88916015625,-1.5890545845031738,7.438712120056152,-2.892287015914917,7.805775165557861,0.3243007957935333,0.31974878907203674,2322.2929756125877,873.7506339390666,2592.9071385788216,474.2057306806459,5228.026720171004,1749.0417561396391,0.08097759046052631,0.051526130824463875,0.09348248690366745,0.033470869064331055,18.910273448953205,4.631059577547904,-0.02422277627480227,0.15339717508304038,172.265625,reggae
reggae.00047.wav,-140.3178253173828,64.2683334350586,69.63296508789062,33.091678619384766,-9.986164093017578,25.195995330810547,52.16775131225586,20.653539657592773,3.2691404819488525,17.876876831054688,4.559303283691406,12.253495216369629,-3.4938628673553467,13.562667846679688,2.923150062561035,12.522597312927246,-6.571258068084717,12.080330848693848,-2.6421220302581787,11.444185256958008,-1.731411337852478,10.011027336120605,-6.943737506866455,9.804570198059082,-5.825411319732666,9.234517097473145,0.3424767553806305,0.3067001700401306,2477.9298991117516,789.0163851093765,2309.8552804001843,291.3016753758852,4759.787884880515,1126.815615005446,0.1149788965750774,0.07017387461748197,0.10929273068904877,0.0461517795920372,19.20157902782598,4.593794313915507,0.039191836427207645,0.13023731426623417,143.5546875,reggae
reggae.00048.wav,-123.73369598388672,62.23849105834961,66.19564819335938,31.925579071044922,8.181811332702637,21.790555953979492,49.75967788696289,17.158693313598633,8.538769721984863,15.079885482788086,25.883350372314453,13.910380363464355,-5.392043590545654,12.888940811157227,12.895174980163574,9.827478408813477,-2.5414345264434814,8.520544052124023,6.796806335449219,8.954377174377441,-3.5781760215759277,8.634355545043945,7.636993885040283,8.098736763000488,-2.055896282196045,7.373307228088379,0.3901548683643341,0.30400800704956055,2673.271677146015,912.6953540190198,2550.062750195988,348.95118860308736,5607.916089698626,1422.5273068185502,0.11121021188080496,0.07094721929625661,0.12016338855028152,0.03935106098651886,19.495876803311585,4.4449857390691285,-0.024601884065435682,0.1226985585345637,89.10290948275862,reggae
reggae.00049.wav,-121.49298858642578,64.1299057006836,89.57814025878906,27.19406509399414,23.786144256591797,20.8397274017334,32.76792907714844,18.303186416625977,8.8570556640625,11.800644874572754,-2.615966320037842,10.666744232177734,6.627801418304443,9.014761924743652,1.7668997049331665,7.413735389709473,-2.9514718055725098,7.430819988250732,-3.099351167678833,7.562356948852539,-0.6974905729293823,6.67338752746582,-5.429426193237305,6.471570014953613,-6.5477986335754395,6.618269443511963,0.3696117699146271,0.2962331771850586,2322.9386798777355,746.5233836361524,2804.1799088004796,517.9613520315517,5452.1336983601,1851.0908838488283,0.08073911873548761,0.04923545480842872,0.1328657567501068,0.04721131548285484,18.744965197908012,4.603189859107069,0.015443530563951927,0.13489739608420087,95.703125,reggae
reggae.00050.wav,-104.88101959228516,73.28288269042969,66.38381958007812,43.84635543823242,-2.305335760116577,20.87590789794922,24.606273651123047,18.174287796020508,8.414865493774414,13.672072410583496,6.770360946655273,14.103067398071289,1.6772854328155518,13.20076847076416,5.181164741516113,12.57532024383545,1.0552061796188354,11.90776252746582,2.198810338973999,10.041572570800781,2.956277370452881,9.014445304870605,4.582302570343018,8.004523277282715,4.2084527015686035,9.372614860534668,0.4603503346443176,0.2892288565635681,2955.9154393104704,1356.7761757197497,2690.613294287067,530.6025152402734,5871.231164135062,2296.343907897219,0.12710883078560373,0.09335015184822179,0.1310683637857437,0.06346971541643143,18.05379328358461,4.224407571543576,-0.017753244771587687,0.10858328802443742,95.703125,reggae
reggae.00051.wav,-154.9625244140625,77.94847869873047,-1.539153814315796,50.22166061401367,22.388729095458984,27.6480712890625,30.425212860107422,19.941593170166016,2.1195714473724365,13.601004600524902,28.59612274169922,10.161699295043945,16.995512008666992,11.417681694030762,13.418903350830078,11.946738243103027,8.493890762329102,8.282158851623535,6.48397159576416,9.607427597045898,9.772991180419922,7.730343341827393,10.905425071716309,7.624070644378662,2.174382448196411,8.08491325378418,0.5696021318435669,0.2703140676021576,4276.113111170075,1580.180665764398,2877.5263742277384,448.8261290596052,7677.036911341428,1869.1369317782467,0.27482940390383126,0.16938005266985642,0.1173657551407814,0.0572771281003952,15.010391038312703,3.6088453840109773,-0.012102496398326829,0.023970248690834965,86.1328125,reggae
reggae.00052.wav,-85.30075073242188,57.457305908203125,60.94269943237305,34.30242919921875,34.7901496887207,24.395254135131836,19.804203033447266,20.475881576538086,16.715721130371094,18.262557983398438,7.975334167480469,14.211280822753906,9.312554359436035,11.45448112487793,11.3640718460083,10.87402629852295,1.3941991329193115,11.635337829589844,-0.0879477858543396,9.489387512207031,6.4077630043029785,9.611568450927734,3.6292879581451416,8.540583610534668,5.676822185516357,9.066689491271973,0.5022181272506714,0.2893522381782532,3288.43329145076,1228.7946357598498,3252.779178641027,469.0820899317838,7285.10594796101,1967.1382721745351,0.13413826673761609,0.09848473106054367,0.19002780318260193,0.09150679409503937,16.251765635954282,3.70675159051974,-0.028765295779409315,0.06619671435743475,99.38401442307692,reggae
reggae.00053.wav,-251.39256286621094,87.3302993774414,105.85577392578125,34.71240997314453,2.220024585723877,34.755950927734375,32.48439407348633,16.879959106445312,16.563274383544922,15.786505699157715,8.290815353393555,12.091306686401367,10.365556716918945,11.81554126739502,5.504936695098877,9.68464183807373,0.869962215423584,10.015470504760742,8.355298042297363,8.55193042755127,-0.6317737698554993,9.398956298828125,9.898768424987793,8.339197158813477,-1.8497397899627686,7.972741603851318,0.46941009163856506,0.29878902435302734,2004.3538474526456,1230.9242909614672,2298.145721741871,719.2932603916348,4159.908178937693,2577.824634108125,0.08977950246710527,0.08659562758269188,0.06305282562971115,0.042924538254737854,17.699402364529696,5.689622181107659,0.0015114738833385938,0.09091140295427806,75.99954044117646,reggae
reggae.00054.wav,-182.1938934326172,78.9648208618164,83.51700592041016,40.33549499511719,4.844893455505371,30.63572883605957,12.691200256347656,20.40543556213379,30.07164192199707,15.35462474822998,17.201648712158203,13.066758155822754,6.103977680206299,11.945294380187988,7.693450927734375,11.022408485412598,7.146999835968018,9.518832206726074,8.883383750915527,8.522915840148926,-2.1501874923706055,9.987060546875,5.713592052459717,7.96506404876709,1.4522558450698853,8.55096435546875,0.39628836512565613,0.3050025403499603,2541.9768822749897,1291.991361218305,2725.503663441282,732.7400670392922,5475.575223279073,2714.4117242127268,0.10153566720684984,0.08207393234680609,0.0968751609325409,0.046674951910972595,18.957181589598882,4.902732666858364,0.003605332632682936,0.16953277114123044,151.99908088235293,reggae
reggae.00055.wav,-130.3925018310547,65.20664978027344,84.2853775024414,33.7319221496582,29.355722427368164,26.391695022583008,23.84440803527832,17.80908966064453,8.28787899017334,11.994011878967285,13.861769676208496,8.627634048461914,2.22910737991333,7.964846134185791,2.9254555702209473,7.8091349601745605,2.576493978500366,6.843747138977051,0.09832215309143066,7.49817419052124,2.340669631958008,6.780798435211182,2.746436834335327,5.627124309539795,3.7561285495758057,6.258176326751709,0.4619710147380829,0.2845616340637207,2525.883148548213,1008.803455082772,2840.031024653128,502.5576237603724,5595.957828675261,2225.1505523043993,0.0822270160119969,0.05415496678426754,0.11290561407804489,0.025733143091201782,17.14655875769987,3.9464947131727786,0.012462498723213242,0.08424099589792186,129.19921875,reggae
reggae.00056.wav,-162.5088348388672,77.97103881835938,98.48662567138672,32.55353927612305,-1.6052876710891724,23.719173431396484,20.81171417236328,19.066469192504883,12.058052062988281,17.829891204833984,11.743512153625488,13.711368560791016,6.093583106994629,11.797195434570312,4.958357810974121,10.141060829162598,1.7059441804885864,10.737954139709473,3.0551607608795166,9.186829566955566,-0.8599134683609009,8.531679153442383,4.120586395263672,8.228407859802246,3.4256598949432373,8.227385520935059,0.37026241421699524,0.30526959896087646,2174.1042292536513,955.4035219583218,2460.904693392289,598.9087575066715,4659.646823753144,2163.150740171886,0.08318468217879257,0.055350395491732526,0.10052798688411713,0.04971672222018242,17.845314050047858,4.2322685538747935,0.04919209381689027,0.10909605380569079,161.4990234375,reggae
reggae.00057.wav,-177.292724609375,81.36964416503906,98.2851791381836,40.31391525268555,14.708465576171875,26.045652389526367,21.133085250854492,22.208175659179688,14.94108772277832,16.013132095336914,10.188179969787598,11.621784210205078,4.973139762878418,12.387261390686035,0.8437903523445129,11.077926635742188,4.830460071563721,11.601029396057129,6.869421005249023,10.524567604064941,3.5429000854492188,8.362067222595215,-0.35623595118522644,8.913838386535645,0.5778768062591553,9.183345794677734,0.37290987372398376,0.30841439962387085,2170.729333695411,1036.9216703806096,2577.52397771507,657.290812307356,4776.804448650349,2414.3777260214806,0.07889861588138544,0.05717966768115937,0.10334067046642303,0.04792135953903198,18.68059726991415,4.7891360847046585,0.005350286417572663,0.13280555049827286,95.703125,reggae
reggae.00058.wav,-169.340576171875,83.31694793701172,83.90910339355469,32.506202697753906,11.203278541564941,27.889047622680664,12.13480281829834,17.272424697875977,21.07720375061035,17.84195327758789,9.5333833694458,13.542439460754395,0.9363659620285034,13.444350242614746,2.1945178508758545,11.064079284667969,0.8756653666496277,10.504450798034668,1.64301335811615,11.86673355102539,-0.41765838861465454,10.184904098510742,0.7432358860969543,9.029536247253418,-4.787158489227295,9.727767944335938,0.37186235189437866,0.3076491355895996,2631.8490363841825,1149.8445902999651,2827.839241374862,576.7271238002429,5700.073865766496,2400.1987295586196,0.11201028262867647,0.08852550926515093,0.091152623295784,0.03944992274045944,17.86779578517069,4.354635695794596,0.002718781200762095,0.1242448683557378,123.046875,reggae
reggae.00059.wav,-93.51580810546875,62.41758728027344,80.18165588378906,27.46268081665039,-0.3042791783809662,19.964529037475586,15.263566017150879,18.625959396362305,4.348327159881592,16.604938507080078,9.056693077087402,11.503560066223145,1.6918386220932007,17.825815200805664,2.54801869392395,10.833460807800293,-4.297323226928711,10.927572250366211,1.0002483129501343,11.185738563537598,-1.6963750123977661,9.38023853302002,-2.996873378753662,8.472545623779297,2.2530195713043213,8.704728126525879,0.37597787380218506,0.2925134003162384,2671.9431591250614,907.5180857804231,2716.8459265601514,451.13505268409637,5700.315530971846,1785.9372832447661,0.11742559379837461,0.06140480231984907,0.12639175355434418,0.04436572641134262,17.872258978583165,3.855842806436692,-0.011713040448990039,0.1276071229248547,151.99908088235293,reggae
reggae.00060.wav,-301.4396667480469,74.49874114990234,77.22313690185547,33.77778625488281,-13.575448989868164,22.930349349975586,39.30436706542969,21.074533462524414,1.6029993295669556,15.99216079711914,16.89271354675293,9.518397331237793,-7.25034761428833,14.805237770080566,-3.6011550426483154,8.696405410766602,1.1691408157348633,8.978076934814453,-3.2648887634277344,8.044342041015625,-8.437726974487305,8.791792869567871,-3.6016147136688232,7.651642799377441,-2.6015775203704834,9.79334831237793,0.2991151213645935,0.3029209077358246,2395.785250668999,927.1074778655345,2301.0001364932536,387.7751850169587,4792.521020281057,1487.2734395827815,0.11853254099748452,0.07775228450303662,0.02583705447614193,0.018483683466911316,21.5258199730988,4.264027717698918,0.06726954165773111,0.21446482564792302,112.34714673913044,reggae
reggae.00061.wav,-74.0531005859375,55.23530960083008,58.015201568603516,32.273502349853516,9.140951156616211,26.763113021850586,29.25894546508789,18.8206844329834,12.535322189331055,16.174352645874023,-0.18953324854373932,12.417433738708496,0.1652970016002655,13.177149772644043,1.3719069957733154,11.696270942687988,-5.0914998054504395,14.047222137451172,1.3520698547363281,11.356430053710938,2.8511605262756348,10.663228034973145,-1.5608810186386108,9.030465126037598,0.8852589130401611,9.057451248168945,0.3953620195388794,0.3053167164325714,3122.9386087150997,1105.9568797098402,2918.2212026844577,552.8157170438438,6473.494188999613,2098.859323269055,0.1335615506482198,0.08103398711275576,0.18103952705860138,0.05409057065844536,19.34724205313804,5.275435565193186,-0.04077149641215311,0.11790222457495494,92.28515625,reggae
reggae.00062.wav,-265.6949768066406,86.59229278564453,80.61592102050781,33.865360260009766,9.72202205657959,25.859878540039062,36.65708541870117,19.218048095703125,27.836795806884766,13.905712127685547,12.086828231811523,12.777511596679688,15.014477729797363,11.624734878540039,15.116936683654785,11.063264846801758,6.558818817138672,8.647854804992676,6.284592151641846,8.482059478759766,7.486023426055908,9.877029418945312,5.644510269165039,8.35043716430664,4.349678993225098,7.33528995513916,0.44482913613319397,0.31213364005088806,2113.391953819571,1065.2363548385804,2595.2174679502996,660.1353100635134,4785.929393473055,2454.7869226617227,0.06088285180437306,0.05410309808913386,0.05732228606939316,0.030636975541710854,17.7576116374858,4.13037598354732,-0.05386049801451573,0.21087539767442673,151.99908088235293,reggae
reggae.00063.wav,-168.56568908691406,64.00984954833984,109.54734802246094,28.59622573852539,-20.666072845458984,25.452816009521484,38.95631408691406,17.982816696166992,7.960122108459473,15.262267112731934,0.33540141582489014,11.325749397277832,6.036591053009033,10.198161125183105,4.08657169342041,8.820961952209473,-1.3609743118286133,9.230945587158203,0.11973302811384201,9.188338279724121,0.2429877072572708,7.8842644691467285,0.35119831562042236,8.234049797058105,5.302457332611084,8.26931381225586,0.41585445404052734,0.2997211217880249,1910.6006441535096,710.2863491427696,2114.9895233091474,583.3747948898374,3939.834509693063,1653.0866914391431,0.0833796923374613,0.04718642927251708,0.09758127480745316,0.047118205577135086,18.48319245548893,4.565576227573281,0.003368439917750469,0.09600994446986269,184.5703125,reggae
reggae.00064.wav,-70.11164855957031,56.0561637878418,54.3621826171875,28.537622451782227,15.596424102783203,27.372779846191406,19.821365356445312,16.503761291503906,27.005250930786133,14.246822357177734,13.251235008239746,13.072863578796387,0.7004848718643188,13.79520034790039,10.07564926147461,11.039179801940918,6.688830375671387,10.60763168334961,-0.30473044514656067,10.934976577758789,2.9781808853149414,11.024291038513184,6.023298263549805,8.172842025756836,1.0923577547073364,9.155533790588379,0.41680505871772766,0.31406334042549133,3094.02220916496,1026.489573313231,3135.97809929496,445.32601033819606,6973.949496148171,1845.4228989813428,0.10088072029798761,0.08721834163536085,0.2677714228630066,0.08550897985696793,20.14568357194341,5.355722105302356,0.011396709555088312,0.1762026080723403,172.265625,reggae
reggae.00065.wav,-66.1877670288086,83.54720306396484,97.88822174072266,42.47425842285156,-18.818099975585938,23.855199813842773,26.937904357910156,17.510684967041016,14.020184516906738,15.799302101135254,6.029330253601074,15.482123374938965,9.445992469787598,13.050877571105957,10.570343971252441,10.292349815368652,-0.13658703863620758,11.359923362731934,8.126069068908691,10.214678764343262,10.541821479797363,12.126108169555664,8.009013175964355,10.45645809173584,3.8083314895629883,8.032320022583008,0.3758155405521393,0.3090078830718994,2080.8998101028196,939.3417917752264,2264.8255954836695,663.0220849192943,4366.306930872678,2063.296160027724,0.08281998294794891,0.052548488565404936,0.2980850338935852,0.12083007395267487,18.12511373100123,4.302863474940963,-0.03207847923170635,0.14094167002443952,89.10290948275862,reggae
reggae.00066.wav,-147.0893096923828,59.456626892089844,120.09329986572266,30.879854202270508,-21.591428756713867,20.737586975097656,39.64054870605469,18.37961196899414,6.949150085449219,13.317411422729492,15.087430953979492,12.927783012390137,-1.0081932544708252,13.963143348693848,15.945317268371582,11.027426719665527,2.54323410987854,11.265530586242676,4.510831356048584,10.8737154006958,0.02295200526714325,10.46157169342041,4.332127094268799,9.792040824890137,4.638779163360596,8.269281387329102,0.38920077681541443,0.305164098739624,1629.3916759342683,579.1095879329065,1886.700233620657,384.73252455981594,3259.1219592020607,1194.8726277188155,0.06711183908184984,0.035780370271778335,0.12912783026695251,0.051514022052288055,19.832773805924436,5.179626811622136,0.030522520563878434,0.09830469896288073,161.4990234375,reggae
reggae.00067.wav,-132.95237731933594,49.5497932434082,117.09168243408203,23.696508407592773,-2.7985999584198,17.95954132080078,22.529333114624023,14.393726348876953,25.919849395751953,13.454771995544434,0.2901603877544403,11.338647842407227,13.511026382446289,10.358613014221191,3.395885467529297,9.331887245178223,4.522271156311035,7.752634525299072,0.5429567098617554,8.402734756469727,-0.07208136469125748,7.801196098327637,5.095772743225098,6.815547943115234,-0.15914742648601532,6.962416648864746,0.39610007405281067,0.2998722493648529,1729.221510067004,521.1995233847096,2362.468419705552,442.44143196635605,3520.153714112084,1390.2550690212354,0.06049774453366873,0.03252700210273019,0.14007322490215302,0.044373851269483566,17.912264281259606,4.034154857645021,0.015977447836047792,0.0952946424116831,83.35433467741936,reggae
reggae.00068.wav,-194.80711364746094,77.96741485595703,83.02938842773438,37.41593933105469,-0.7573574781417847,22.2302303314209,32.375301361083984,19.393306732177734,2.8250601291656494,14.72971248626709,23.1677303314209,12.132975578308105,2.9668242931365967,17.0768985748291,14.221725463867188,9.951496124267578,8.545363426208496,10.516639709472656,10.447763442993164,12.526095390319824,7.068881034851074,10.528953552246094,8.804685592651367,9.016929626464844,1.4087899923324585,7.964676380157471,0.3586420714855194,0.31666362285614014,2104.9458967015426,947.5952432720669,2311.3974771349967,443.4436558070954,4381.623504922117,1784.6317691931458,0.07786158511513158,0.055757234590360166,0.09532419592142105,0.04228885471820831,19.861135028095635,4.913249099285378,0.020635465836455456,0.1072689388256429,135.99917763157896,reggae
reggae.00069.wav,-142.7815399169922,66.79782104492188,83.62422943115234,31.51665687561035,21.906211853027344,25.077360153198242,33.849456787109375,17.2210750579834,4.624049186706543,17.082494735717773,4.1626973152160645,13.684197425842285,1.9368715286254883,11.101943969726562,21.812685012817383,9.103970527648926,-5.94234561920166,9.143980026245117,0.5001415610313416,9.78560733795166,17.423234939575195,9.157663345336914,-11.433121681213379,8.294672012329102,10.545722961425781,8.483160972595215,0.36254438757896423,0.298277348279953,2461.457562285525,974.3750798078858,2683.171027864963,423.18716167072694,5288.368021962075,1757.59063817827,0.08041447973103716,0.05618300810164227,0.12575796246528625,0.038681093603372574,19.22645888591367,4.468563923825812,-0.03367900215067408,0.1282953698631701,143.5546875,reggae
reggae.00070.wav,-136.78912353515625,70.87399291992188,75.59191131591797,27.323766708374023,-5.333469867706299,22.30732536315918,23.440128326416016,20.34717559814453,0.7612742185592651,14.814382553100586,12.29259204864502,11.157227516174316,4.4802775382995605,12.920982360839844,5.157850742340088,10.875118255615234,-0.07490865141153336,9.118036270141602,9.033966064453125,10.376559257507324,4.9023919105529785,10.765122413635254,2.3301923274993896,9.678472518920898,5.475173473358154,9.657008171081543,0.3805536925792694,0.3103064000606537,2288.9314176081257,754.8974927584633,2534.0413134160685,457.8789736446686,5006.536392826045,1585.0363512191448,0.06099963114357585,0.03435669048469414,0.14901283383369446,0.04236200451850891,19.811619068953863,5.814460322030629,0.007736751849202501,0.17007024748537822,172.265625,reggae
reggae.00071.wav,-141.76731872558594,92.36203002929688,44.17989730834961,46.61698532104492,21.71708869934082,24.445770263671875,43.29201126098633,19.967266082763672,21.742549896240234,19.58974838256836,11.178961753845215,16.082706451416016,3.543303966522217,14.373454093933105,15.015563011169434,10.350808143615723,-1.7441002130508423,10.798502922058105,6.4359941482543945,9.959319114685059,6.909985542297363,11.267165184020996,0.7032585144042969,10.618480682373047,3.9693093299865723,9.896942138671875,0.4089176654815674,0.31084465980529785,3109.580608719877,1347.4707836295997,2852.420966793385,518.2577602367081,6392.311346567822,2188.513019281678,0.12166630889609133,0.10428591542679047,0.15084101259708405,0.06998156756162643,19.58241360620462,5.461428384041646,0.04239750403276822,0.14088235599264093,143.5546875,reggae
reggae.00072.wav,-94.1405258178711,79.14727783203125,68.22994232177734,32.725433349609375,3.975480079650879,27.26725959777832,7.631386756896973,22.513486862182617,12.791033744812012,19.83263397216797,-3.185734748840332,14.465553283691406,-3.9074442386627197,13.754462242126465,3.8176004886627197,11.900470733642578,-6.1216511726379395,12.85980224609375,-0.35184234380722046,11.267132759094238,0.33756333589553833,12.432518005371094,-4.674421310424805,9.341509819030762,-3.0098025798797607,9.721795082092285,0.4327182471752167,0.2932782769203186,3086.1860008884605,1138.4575068713755,2974.065400197414,521.2406104313634,6572.1602590460525,2157.3218815760597,0.13607514089106038,0.08655133705950373,0.14293235540390015,0.06894710659980774,17.979076631278144,5.2124823037923464,-0.00264343686663062,0.09404775878619265,112.34714673913044,reggae
reggae.00073.wav,-105.88101196289062,44.447174072265625,87.99615478515625,27.46799087524414,19.37270736694336,22.06183624267578,30.62493133544922,15.706683158874512,10.02409553527832,14.578686714172363,18.020151138305664,10.167635917663574,3.6549272537231445,9.494030952453613,8.923995971679688,8.640727996826172,5.825234413146973,8.386857032775879,8.873672485351562,8.66079330444336,5.6649580001831055,7.326793193817139,10.555123329162598,6.113071441650391,5.9011640548706055,6.980130672454834,0.4494660794734955,0.3007233738899231,2153.2951509096097,811.5503293373595,2667.525534673681,514.5754856373042,5073.910985421101,1829.6877231751612,0.05106696255804954,0.029544396890259724,0.19222165644168854,0.03613923862576485,17.979462097514105,4.793123696669313,-0.04448907788093647,0.17898223669994237,83.35433467741936,reggae
reggae.00074.wav,-105.86871337890625,44.45033645629883,88.18165588378906,27.382295608520508,19.30242347717285,22.010255813598633,30.579696655273438,15.737412452697754,9.983685493469238,14.636905670166016,17.954727172851562,10.181325912475586,3.689756155014038,9.553987503051758,8.922590255737305,8.658770561218262,5.854973793029785,8.402524948120117,8.851582527160645,8.683584213256836,5.623591899871826,7.351020336151123,10.514842987060547,6.087230682373047,5.916852951049805,6.991640090942383,0.4546491503715515,0.3050089180469513,2148.603575494345,808.7054637724887,2665.358067100445,513.3101120674922,5064.42770943184,1824.3968116846872,0.051022745138351394,0.02961135106819544,0.19221866130828857,0.03615637123584747,17.954243748032727,4.798982544279417,-0.025544681155219965,0.16757796205902525,172.265625,reggae
reggae.00075.wav,-63.82210159301758,52.6270637512207,88.2540512084961,26.497434616088867,-27.603097915649414,23.93340301513672,18.600967407226562,16.068906784057617,-3.577483654022217,20.277780532836914,5.198116302490234,11.14781665802002,0.9838290810585022,10.85905647277832,8.052980422973633,11.153793334960938,-4.396183013916016,9.426427841186523,2.2758755683898926,8.607772827148438,4.154455661773682,9.718111038208008,-2.2084977626800537,7.533567905426025,10.26652717590332,8.421232223510742,0.38970285654067993,0.3012296259403229,2481.191325890234,658.5147966571161,2323.8040355304543,427.68803382305555,4846.387361225329,1416.4053976517218,0.13506002987132354,0.054856134932716225,0.17095790803432465,0.08145701140165329,18.135163652811,4.4338272572412105,0.024191226696272716,0.12293331478127603,143.5546875,reggae
reggae.00076.wav,-105.70984649658203,95.27084350585938,76.1017837524414,42.594520568847656,19.5106143951416,27.130720138549805,36.70929718017578,17.24335289001465,3.749850273132324,15.446476936340332,11.684267044067383,13.637657165527344,0.07589343935251236,11.051779747009277,7.092369079589844,10.932847023010254,7.659843444824219,11.770544052124023,10.457496643066406,11.226961135864258,0.9903631806373596,11.076533317565918,-2.199362277984619,8.651796340942383,-1.5104166269302368,9.372976303100586,0.44042614102363586,0.30715495347976685,2456.1544092561144,1216.724431819346,2559.7410978450016,560.0449994075443,5054.527769295424,2315.552418722907,0.08827233093072756,0.07635196516638545,0.21068911254405975,0.0814746841788292,18.058932677579104,4.757732920595611,0.04144332952520562,0.11434841682810189,161.4990234375,reggae
reggae.00077.wav,-151.77394104003906,51.68040466308594,105.12451934814453,27.392248153686523,-6.166162967681885,22.30231285095215,47.94609832763672,14.039176940917969,11.344108581542969,15.201231002807617,15.08799934387207,9.992402076721191,11.635066986083984,10.618481636047363,6.607783794403076,10.350971221923828,6.817538738250732,7.721703052520752,2.3976094722747803,7.584708213806152,-1.0347644090652466,6.8747944831848145,-0.22057226300239563,6.512406349182129,-0.6423186659812927,6.746163845062256,0.39548975229263306,0.3012000024318695,1778.3264606974715,574.7001125485367,2174.118858547304,389.4103869744014,3821.9518891798084,1201.3301594965185,0.06091951069078947,0.03629368485464639,0.11652950942516327,0.038973722606897354,17.390660262142152,3.9830721690636777,0.013764070439019456,0.12456674708378046,143.5546875,reggae
reggae.00078.wav,-175.48696899414062,83.08338928222656,78.02301788330078,40.39674758911133,-2.5604965686798096,34.67095184326172,52.86769104003906,20.7025089263916,15.842401504516602,15.764379501342773,24.755294799804688,12.595290184020996,5.295869827270508,10.311878204345703,8.655302047729492,10.9517240524292,6.652233600616455,9.41450023651123,9.806406021118164,10.47670841217041,-3.3547556400299072,12.307450294494629,4.118610858917236,9.646784782409668,2.3579514026641846,8.8699369430542,0.45281919836997986,0.28794947266578674,2317.4758286832307,1022.8497317534874,2334.685756399186,604.2562977548483,4680.663363335671,2040.24237025902,0.09380782277960527,0.052912457238999254,0.09433407336473465,0.03133738785982132,18.991241504543677,3.9383246909538263,0.02441658991904376,0.11515165539113187,161.4990234375,reggae
reggae.00079.wav,-155.67242431640625,67.4690933227539,57.027366638183594,43.881587982177734,-35.24770736694336,28.02376365661621,33.28634262084961,14.99045181274414,-14.187575340270996,12.548246383666992,25.281808853149414,15.576859474182129,2.5339672565460205,12.880059242248535,4.247923851013184,8.330419540405273,8.487785339355469,9.029988288879395,4.567988395690918,7.3283305168151855,2.8205196857452393,7.400880336761475,2.5739941596984863,8.445209503173828,2.8225185871124268,7.826560974121094,0.47635507583618164,0.3018483519554138,3003.0228526329006,1042.456900164503,2214.713375068283,319.56835455478677,5294.126320475764,1223.6861960762806,0.18643386888061145,0.11089932004705305,0.08061355352401733,0.0513848252594471,16.822624278088263,4.774504012597503,0.01087446815341745,0.11175355104211408,151.99908088235293,reggae
reggae.00080.wav,-103.10472106933594,76.34895324707031,67.23043823242188,29.176319122314453,2.2398650646209717,26.826499938964844,28.497493743896484,16.898632049560547,4.176846027374268,14.821677207946777,11.877420425415039,15.034126281738281,14.268192291259766,15.694615364074707,14.302058219909668,11.016231536865234,3.2598321437835693,10.35439682006836,15.845577239990234,12.06263542175293,8.033733367919922,11.2830228805542,4.457915782928467,7.177511215209961,8.679057121276855,7.662876605987549,0.477048397064209,0.30633991956710815,2538.8183244874817,936.359439579804,2644.457246211116,407.9218410142465,5260.409857687935,1670.4713287254988,0.09431537828947369,0.07066754984854563,0.19575418531894684,0.10297495126724243,17.456057683607117,4.502987284046314,-0.010336292878981928,0.05805338133293486,99.38401442307692,reggae
reggae.00081.wav,-115.72032165527344,78.96916198730469,67.04470825195312,31.10226058959961,1.9207347631454468,29.652545928955078,29.12337875366211,17.83783721923828,4.00742769241333,16.00091552734375,12.044657707214355,16.077953338623047,13.98845100402832,16.308692932128906,14.918452262878418,11.426681518554688,2.2994468212127686,10.662606239318848,17.055818557739258,12.934041023254395,7.568181037902832,11.205810546875,4.992762088775635,7.401849746704102,8.547550201416016,7.829174041748047,0.4735247790813446,0.3047967851161957,2567.6720453746466,990.2586995401847,2630.235731297356,465.8323870284688,5315.526191073674,1771.1465755266702,0.0994389300744969,0.07508152885551328,0.17930914461612701,0.09963789582252502,17.748713885817587,4.6962363084282135,-0.008462687057528975,0.06125258923025307,99.38401442307692,reggae
reggae.00082.wav,-115.72032165527344,78.96916198730469,67.04470825195312,31.10226058959961,1.9207347631454468,29.652545928955078,29.12337875366211,17.83783721923828,4.00742769241333,16.00091552734375,12.044657707214355,16.077953338623047,13.98845100402832,16.308692932128906,14.918452262878418,11.426681518554688,2.2994468212127686,10.662606239318848,17.055818557739258,12.934041023254395,7.568181037902832,11.205810546875,4.992762088775635,7.401849746704102,8.547550201416016,7.829174041748047,0.4735247790813446,0.3047967851161957,2567.6720453746466,990.2586995401847,2630.235731297356,465.8323870284688,5315.526191073674,1771.1465755266702,0.0994389300744969,0.07508152885551328,0.17930914461612701,0.09963789582252502,17.748713885817587,4.6962363084282135,-0.008462687057528975,0.06125258923025307,99.38401442307692,reggae
reggae.00083.wav,-285.9736022949219,87.07784271240234,138.68746948242188,37.68546676635742,19.94764518737793,31.634889602661133,35.245121002197266,20.932559967041016,-7.994090557098389,18.378223419189453,7.078868865966797,12.522883415222168,5.4051289558410645,16.13981819152832,-3.206392288208008,9.054814338684082,-1.1585745811462402,10.082586288452148,3.208261728286743,10.238616943359375,1.4964436292648315,11.267142295837402,-4.035818576812744,10.993000984191895,-6.334192752838135,12.197220802307129,0.3267635405063629,0.3024275600910187,1366.429347381977,684.9165947290661,1737.328608890746,430.8544969933774,2562.884502588042,1613.2904586728703,0.07119609254063468,0.052428499629134706,0.05672549828886986,0.03275388479232788,21.09292098298022,5.480503438009675,0.02128850598276194,0.23984453410335893,129.19921875,reggae
reggae.00084.wav,-150.912109375,64.87861633300781,111.76167297363281,28.973196029663086,2.91566801071167,21.46571159362793,42.73334884643555,14.279202461242676,-3.5954196453094482,15.868216514587402,15.153263092041016,9.888249397277832,3.4516782760620117,11.195344924926758,0.1891777068376541,9.715522766113281,-4.718381881713867,9.57463264465332,3.858656883239746,9.560626983642578,-0.8896032571792603,8.213764190673828,-5.351660251617432,7.790121078491211,0.6894755363464355,8.301337242126465,0.3190639615058899,0.2995263636112213,1788.5445972751872,653.3943960702352,2121.0282353750026,374.45799875431834,3820.201899761755,1299.6626002847536,0.07602221604102168,0.03889219076157057,0.11420159786939621,0.03604789450764656,18.671631178018348,4.332406079471934,-0.03456718491666573,0.15113408997590783,198.76802884615384,reggae
reggae.00085.wav,-175.1691436767578,90.001708984375,116.6299819946289,27.5822811126709,-55.12920379638672,26.053869247436523,59.90557861328125,15.830105781555176,1.961409568786621,18.55228614807129,1.0681368112564087,14.536877632141113,14.60234546661377,12.255494117736816,-3.2314059734344482,11.948845863342285,2.789919137954712,10.082608222961426,5.709691047668457,10.441856384277344,-1.8400206565856934,10.138487815856934,7.874343395233154,9.321044921875,0.40650472044944763,8.368387222290039,0.3958238661289215,0.3045167624950409,1797.4051726737525,526.7886466561417,1649.7447379348403,213.62599111112007,3440.079198311726,670.3471728506538,0.09941020764802631,0.06202163933407184,0.11948926001787186,0.0597703717648983,19.154556532002793,5.1547138071299585,0.0413654833359661,0.13392000709044133,86.1328125,reggae
reggae.00086.wav,42.11286544799805,121.22608184814453,37.424171447753906,63.492549896240234,-7.922309398651123,25.49063491821289,4.491989612579346,15.430569648742676,8.947957038879395,18.650676727294922,3.5308403968811035,9.144104957580566,3.0852081775665283,10.959046363830566,1.6274316310882568,7.01190710067749,6.2675347328186035,7.8396453857421875,1.821806788444519,7.941692352294922,-0.5613662004470825,4.878547668457031,-0.3943432867527008,4.320406913757324,1.6282494068145752,4.886856555938721,0.663541316986084,0.21933363378047943,4434.948742523192,1742.272545660003,2844.427231290672,698.0186106932296,7624.545562082769,2942.9597453326232,0.2602225383368808,0.11250027306805091,0.35094302892684937,0.12005413323640823,13.494408246646016,4.47371777349984,-0.0156442482181246,0.08832359837717155,129.19921875,reggae
reggae.00087.wav,-110.20217895507812,78.93010711669922,48.54799270629883,39.13410186767578,29.644615173339844,21.26270294189453,18.442466735839844,20.73618507385254,-0.47234880924224854,14.538483619689941,4.6547112464904785,14.684128761291504,-2.267070770263672,13.023008346557617,-6.58841609954834,12.758110046386719,-2.1527016162872314,11.944551467895508,-0.15998108685016632,11.572064399719238,-0.6845912933349609,10.363197326660156,0.5441741943359375,11.711840629577637,1.9038584232330322,10.591594696044922,0.3877294957637787,0.31885212659835815,3296.209659000533,1454.3656806760134,3064.6375918381927,468.64186456367526,6908.908222777187,2223.547018863295,0.1218802153879644,0.10951695867506624,0.2078382819890976,0.11355698108673096,19.530519306603146,5.644447781006132,0.030305502387507566,0.1699015320973044,83.35433467741936,reggae
reggae.00088.wav,-75.23249816894531,50.30556106567383,44.853004455566406,22.408483505249023,10.078606605529785,17.940153121948242,1.1481961011886597,18.014625549316406,1.1562961339950562,13.642661094665527,-3.140685796737671,14.33092212677002,0.13975977897644043,13.07381534576416,0.07932741940021515,10.442974090576172,-3.4337422847747803,10.34097671508789,0.1106780469417572,9.925555229187012,-1.9280569553375244,9.072168350219727,-2.3146519660949707,8.746158599853516,-0.07721783220767975,8.46538257598877,0.3756997883319855,0.3061487078666687,3881.383875119963,697.3446439636266,3361.8478582878743,239.8250147140509,8250.366777827496,867.1177674427735,0.18931631554760062,0.08509864811734172,0.12002135813236237,0.04169773310422897,18.54145290703945,5.050160071169885,-0.037273418775697856,0.09694816521626934,107.666015625,reggae
reggae.00089.wav,-194.45693969726562,90.65779876708984,157.13970947265625,38.93114471435547,-14.128241539001465,27.869733810424805,44.053367614746094,20.877126693725586,3.478423833847046,13.5304594039917,17.465808868408203,9.18894100189209,2.9772441387176514,9.900577545166016,5.833763599395752,6.838865280151367,3.0153088569641113,7.685135364532471,1.0755280256271362,6.862888813018799,2.5912234783172607,7.455427646636963,0.7998103499412537,5.481785297393799,0.6491768956184387,5.6393327713012695,0.36949577927589417,0.3093760013580322,1052.002100832135,544.2246559586799,1401.116765374744,363.5193446678253,2054.704242151219,1155.1983500770039,0.03803831874032508,0.026561536380940772,0.1513819396495819,0.06290867924690247,18.079400153312577,3.774791221753858,0.014502363754696955,0.1516158844756038,151.99908088235293,reggae
reggae.00090.wav,-127.36402893066406,70.34577941894531,65.99180603027344,35.888404846191406,4.458125114440918,29.460206985473633,30.05898666381836,16.31705093383789,16.64737319946289,13.67447280883789,16.52498435974121,12.91644287109375,-6.399656772613525,12.095494270324707,15.2887601852417,9.977581024169922,4.620022773742676,10.138855934143066,5.104029655456543,10.471912384033203,5.585709571838379,8.815264701843262,-0.7697422504425049,7.5534138679504395,6.062219142913818,7.753693580627441,0.47000405192375183,0.2946881651878357,2867.992801312542,1163.7989274357194,2676.037975462006,474.95445735603687,5796.573282247727,1889.9865909640835,0.13065151533475233,0.09885469574750745,0.14426259696483612,0.09096024930477142,18.488280268330257,4.645698460986126,0.03437502260433559,0.11602748749319473,151.99908088235293,reggae
reggae.00091.wav,-159.94081115722656,51.319637298583984,92.8108901977539,25.125452041625977,-28.70952606201172,23.416669845581055,31.46426010131836,16.363096237182617,-6.610722541809082,19.241504669189453,12.638018608093262,11.170100212097168,0.8522681593894958,11.099041938781738,10.961094856262207,10.802773475646973,-2.074934959411621,9.77648639678955,3.666249990463257,8.641048431396484,3.5795059204101562,9.483721733093262,0.3230552077293396,7.434533596038818,8.548465728759766,8.669529914855957,0.3979944586753845,0.2988399267196655,2314.4949684089943,559.4413706520235,2180.528443145433,366.3653226881863,4561.047419970249,1119.7028209690557,0.12388965146091331,0.04818122652856555,0.0688135027885437,0.030584881082177162,18.14321727960239,4.376146328872029,0.024555618655928556,0.11056128121511342,143.5546875,reggae
reggae.00092.wav,-138.14389038085938,51.24348449707031,101.46946716308594,24.608360290527344,-35.31705093383789,22.717660903930664,36.16295623779297,16.128400802612305,-9.493778228759766,18.849254608154297,14.76218318939209,11.53217887878418,-0.23332861065864563,11.89593505859375,11.528227806091309,10.80778980255127,-2.106008768081665,10.215712547302246,3.405216693878174,8.984789848327637,4.204795837402344,9.781469345092773,0.13827942311763763,7.695688724517822,9.009115219116211,9.17485237121582,0.39897421002388,0.3004481792449951,2170.7030022441018,497.12240245617045,2054.8194306433775,333.7586057676533,4306.940623185952,1030.5460893281731,0.12004009046052631,0.046923070042571915,0.09213820099830627,0.041324030607938766,17.9617959082827,4.432022265288468,0.024839516815731613,0.11187910152501983,143.5546875,reggae
reggae.00093.wav,-147.45053100585938,74.5461196899414,113.27776336669922,27.703632354736328,-6.279628753662109,26.711950302124023,9.088613510131836,17.42610740661621,24.541444778442383,21.02396583557129,-9.802510261535645,16.459453582763672,13.13619613647461,14.745208740234375,-1.9909199476242065,13.444754600524902,-2.7045507431030273,11.979971885681152,12.23032283782959,12.097564697265625,-4.112524509429932,9.792985916137695,-1.0004732608795166,9.969696044921875,1.969944953918457,8.337808609008789,0.37084782123565674,0.29703035950660706,2109.6362127896273,836.435148931279,2528.099436488882,702.9138970020846,4606.555478122581,2543.0312583465056,0.08934072961010062,0.04462972391776663,0.10712717473506927,0.0419689416885376,19.711283408165443,5.604461124357164,0.05056343082514351,0.1289097505700739,89.10290948275862,reggae
reggae.00094.wav,-97.76292419433594,45.20420837402344,108.83715057373047,28.811269760131836,-24.9234619140625,18.419269561767578,21.319738388061523,13.7411527633667,12.549696922302246,10.576103210449219,7.765998363494873,10.002289772033691,-3.3035850524902344,9.593777656555176,3.5284223556518555,8.46531867980957,0.6894371509552002,8.509577751159668,4.195521831512451,7.286217212677002,-9.684724807739258,7.3610053062438965,4.261557579040527,6.508817195892334,2.4569170475006104,6.859558582305908,0.36561715602874756,0.2948559820652008,2022.437501264683,738.8769098957176,2129.4475446132888,429.3062459627638,3834.176815257353,1546.7318773668508,0.09566646611358359,0.05108440476826419,0.13470537960529327,0.03621601313352585,19.48537644974518,5.0994982756521905,0.0003181545684550846,0.18011237867856172,129.19921875,reggae
reggae.00095.wav,-69.03168487548828,52.68788528442383,79.13812255859375,16.9104061126709,13.08932113647461,22.857465744018555,29.37102508544922,11.680779457092285,0.26556169986724854,10.27648639678955,4.156529903411865,8.534005165100098,-0.4426138699054718,10.931841850280762,0.18855522572994232,8.961524963378906,2.8111448287963867,7.816736221313477,0.597999095916748,8.878719329833984,-2.7980496883392334,5.969211101531982,-0.5165507197380066,6.4612627029418945,-3.1858015060424805,6.757849216461182,0.42458441853523254,0.2842516005039215,2617.582608076272,713.5715515017517,2787.620433735666,395.13942658545307,5720.398742864744,1351.469264871593,0.10321517330205109,0.05123071935770796,0.16228151321411133,0.06425696611404419,17.6000111469546,3.8827947043740023,0.03662518557942936,0.08518276643713457,123.046875,reggae
reggae.00096.wav,-167.01210021972656,82.8782730102539,116.64276885986328,27.34156036376953,-44.190364837646484,30.052278518676758,70.5038070678711,15.16426944732666,2.320695161819458,19.79135513305664,16.017593383789062,11.445685386657715,12.50334644317627,12.545660972595215,4.100355625152588,10.984814643859863,5.3281402587890625,9.997220039367676,4.525841236114502,9.174728393554688,7.307661056518555,8.43472671508789,7.58745813369751,7.940422534942627,2.9061529636383057,7.638186931610107,0.4162684679031372,0.30864831805229187,1629.473422777735,715.1470857036228,1578.5745901784658,291.8583217667415,3183.1557518926566,1194.6451536105915,0.07962990397639319,0.06443671932503761,0.16214606165885925,0.07133422791957855,18.583523162350385,4.280734845234324,0.062369414421951805,0.15971162436226116,89.10290948275862,reggae
reggae.00097.wav,-142.7908935546875,63.74301528930664,103.1174545288086,20.322477340698242,-15.2323579788208,23.12516212463379,38.268043518066406,17.67008399963379,-12.985987663269043,11.950963973999023,2.749526023864746,12.519440650939941,-1.6750327348709106,13.996947288513184,-3.4322702884674072,9.265416145324707,-4.448258876800537,9.387142181396484,-9.285492897033691,9.292593002319336,-10.124065399169922,8.248270988464355,-2.116806983947754,8.215597152709961,-4.4709153175354,7.62788200378418,0.27204999327659607,0.29498234391212463,2007.1841367892719,552.7055685878354,2111.065943270962,344.47460314137084,4137.408314991292,1045.048756634248,0.09403079951141641,0.04153411097945919,0.11071928590536118,0.05104498192667961,19.25355492532629,4.0525067700551505,0.05131446031541925,0.212206415285005,161.4990234375,reggae
reggae.00098.wav,-134.68275451660156,71.07861328125,93.56442260742188,22.706256866455078,8.521570205688477,17.790950775146484,34.86943054199219,14.475590705871582,3.285515308380127,9.978087425231934,15.515955924987793,10.64005184173584,4.963840007781982,10.026114463806152,8.545495986938477,7.7741241455078125,-1.2880831956863403,10.114011764526367,2.734834909439087,8.955799102783203,5.069406509399414,9.78973388671875,11.860010147094727,8.25065803527832,4.410373687744141,6.4368109703063965,0.41004911065101624,0.2980476915836334,2025.3801449478724,757.8166806914471,2397.7380593665207,394.042712148256,4461.0230248040825,1745.3119635720893,0.06482538276412539,0.04142857278995524,0.13910417258739471,0.04685841500759125,17.98517738641128,4.34684094195273,0.0665821481644888,0.14373347759748945,123.046875,reggae
reggae.00099.wav,-67.13854217529297,53.120506286621094,80.72981262207031,30.958967208862305,-43.87337875366211,17.563623428344727,57.72443389892578,8.306715965270996,-12.790911674499512,8.203133583068848,33.593772888183594,8.387038230895996,-7.733452320098877,7.4278059005737305,14.125051498413086,7.362526893615723,-1.232595682144165,8.309574127197266,7.419583320617676,6.823573589324951,-2.0364298820495605,6.463257312774658,6.110561847686768,6.9121174812316895,-6.631473064422607,6.5880351066589355,0.4312293827533722,0.28638339042663574,2466.3392174966807,673.5117468926259,2006.3142764902855,175.97260275248377,4722.8464415937015,799.3202925070041,0.13958721338041796,0.06456079525441209,0.18010452389717102,0.03856836259365082,21.06479491285182,6.937427287454381,0.021601915766703884,0.11472279498194651,117.45383522727273,reggae
rock.00000.wav,-116.63066864013672,76.48397827148438,109.2781753540039,22.023754119873047,-23.151485443115234,19.208175659179688,40.68846130371094,12.692880630493164,-11.896858215332031,13.991223335266113,23.155595779418945,11.283404350280762,-15.398656845092773,11.411636352539062,15.127642631530762,7.982919216156006,-13.522637367248535,10.575396537780762,12.695952415466309,7.6960272789001465,-10.886425018310547,8.777677536010742,8.50553035736084,7.392217636108398,-11.578760147094727,6.253847122192383,0.38740280270576477,0.29315289855003357,1995.8245086755824,503.24795182655333,2096.911802823571,310.04778845038726,4226.8911072344235,1127.2372989612477,0.09019522179760062,0.04045990416296029,0.12913727760314941,0.07199099659919739,21.333584712497434,8.859645287572995,-0.0048873693536470395,0.1729746160760905,123.046875,rock
rock.00001.wav,-111.17635345458984,56.11677169799805,134.16851806640625,27.3072566986084,-24.667322158813477,17.848079681396484,41.55748748779297,14.262845993041992,-3.0730130672454834,11.459232330322266,28.49441909790039,8.553893089294434,-10.584973335266113,12.104330062866211,14.932526588439941,7.324203014373779,-14.398836135864258,10.905067443847656,8.850727081298828,7.040130138397217,-4.554006576538086,8.44820499420166,9.948248863220215,7.877291202545166,-4.670233726501465,7.349253177642822,0.3655102252960205,0.3034685254096985,1529.3175590522962,476.452127165991,1845.256202909195,343.79022256978755,3271.6468834655575,1167.2510682961654,0.054981526944659444,0.029165058446442287,0.18045319616794586,0.07010670006275177,22.37664362069382,8.165294729292706,0.025259408903986365,0.1524048117767085,151.99908088235293,rock
rock.00002.wav,-120.49427795410156,89.97152709960938,117.59748840332031,29.26311683654785,-27.599687576293945,23.40628433227539,42.825843811035156,13.932435989379883,-6.756321907043457,17.219053268432617,21.662517547607422,12.474016189575195,-12.098572731018066,10.67799186706543,17.94340705871582,7.72216796875,-10.448060989379883,10.851480484008789,12.274320602416992,7.817481994628906,-6.567336082458496,9.615035057067871,13.52841854095459,6.6857991218566895,-2.413078784942627,8.0728759765625,0.43683382868766785,0.2942594289779663,1874.829786811176,685.1540593805545,1984.0571930092751,410.3759017628688,3929.9762359713623,1428.9818656808743,0.0767569054760062,0.047500401201067785,0.14855237305164337,0.08097606897354126,20.35718532032847,8.644424904862394,0.014811637752831983,0.09472993662717241,107.666015625,rock
rock.00003.wav,-156.60325622558594,73.25850677490234,130.69366455078125,27.10174560546875,-1.466776728630066,20.15492820739746,36.23871612548828,12.291648864746094,0.37273526191711426,15.680835723876953,31.98138999938965,9.767736434936523,-0.6227638125419617,11.944807052612305,20.14137840270996,8.534289360046387,-11.3350830078125,10.297795295715332,13.838637351989746,7.017065525054932,-3.776273488998413,9.130505561828613,11.534398078918457,8.3715181350708,-3.22218918800354,8.297585487365723,0.3801327347755432,0.31368929147720337,1421.4880254979385,654.5894348003784,1902.54483821092,414.9608191978795,3042.939933091863,1592.0604233743104,0.04309724506578947,0.03065007736724035,0.15116913616657257,0.0631122961640358,20.725413111503872,8.141224083856391,-0.016501595128972455,0.11650674071133071,95.703125,rock
rock.00004.wav,-127.97257232666016,56.44478225708008,134.4472198486328,28.794815063476562,1.0256680250167847,21.240262985229492,54.43772888183594,12.438632011413574,-0.4669768512248993,12.697244644165039,35.82834243774414,10.122142791748047,-10.860185623168945,11.542875289916992,16.37975311279297,6.603129863739014,-10.032896041870117,10.635013580322266,6.600140571594238,9.36312198638916,-6.69980525970459,8.150160789489746,11.046619415283203,8.206789016723633,-8.382891654968262,8.10334300994873,0.37273654341697693,0.29901251196861267,1345.8882551385968,690.441503787613,1841.7380789268302,408.2263489685849,2939.2572267136707,1597.9519871609227,0.04109914679276316,0.03642771763540523,0.20868326723575592,0.04268563166260719,21.53228079302501,8.395747119320529,0.04337574448495042,0.14631288187542915,103.359375,rock
rock.00005.wav,-62.381717681884766,39.66604232788086,153.77310180664062,31.235017776489258,-55.11629104614258,14.936363220214844,28.01772689819336,11.970962524414062,-6.851470470428467,12.543203353881836,17.476470947265625,9.986397743225098,-22.606952667236328,13.792401313781738,18.144702911376953,8.86340618133545,-12.58642864227295,11.532647132873535,4.494895935058594,8.702205657958984,-8.387154579162598,7.866520881652832,7.204118251800537,6.883687496185303,-2.525789260864258,6.90971040725708,0.3767895996570587,0.2862309217453003,1542.2216281068565,335.92140443788736,1591.905796324303,357.1107665372646,2870.274310510594,799.776855035603,0.07701994243421052,0.01786228881351821,0.20368444919586182,0.05564926937222481,21.936424886572862,8.860001824075553,0.04878375921863965,0.15592146733882994,99.38401442307692,rock
rock.00006.wav,-98.37913513183594,51.92980194091797,136.61773681640625,25.8707332611084,-46.71824645996094,18.429702758789062,46.47606658935547,15.982410430908203,-17.166423797607422,14.61317253112793,10.520159721374512,12.116451263427734,-14.581245422363281,10.815343856811523,16.5507869720459,10.638205528259277,-12.337285041809082,9.935461044311523,3.6909735202789307,9.262659072875977,-12.654891014099121,9.37397575378418,2.955455780029297,8.875714302062988,-12.512314796447754,8.032099723815918,0.34448832273483276,0.29674264788627625,1675.4999364261096,457.6768065675634,1653.1161464908155,283.60323550181243,3253.7969914014125,854.0661959525676,0.0872942567240712,0.03640515147997517,0.1801149994134903,0.05979727953672409,22.667294946266253,7.754974374946751,-0.025515964245517643,0.1731261202565856,112.34714673913044,rock
rock.00007.wav,-140.4444122314453,54.19249725341797,149.3003387451172,23.61785125732422,-10.059852600097656,16.540916442871094,38.7481803894043,11.64642333984375,1.5280160903930664,12.756277084350586,20.129011154174805,8.460497856140137,-11.331474304199219,9.503098487854004,16.294490814208984,8.201509475708008,-13.257333755493164,12.088171005249023,10.190116882324219,9.632684707641602,-9.253554344177246,9.295868873596191,4.700298309326172,7.136807918548584,-8.369612693786621,7.147740364074707,0.35925552248954773,0.29616501927375793,1282.2760121933156,547.6809784030427,1729.5806039581284,414.8571407209407,2675.950485560178,1274.6942982329115,0.04718867913119195,0.03225144107326819,0.15703405439853668,0.06032674387097359,22.542983731192905,7.584635870353085,0.018646340888237595,0.12808158047457077,89.10290948275862,rock
rock.00008.wav,-14.93718147277832,24.219329833984375,138.4250946044922,13.924360275268555,-41.89853286743164,8.450453758239746,22.075092315673828,9.86602783203125,-18.672731399536133,7.565879821777344,31.993650436401367,6.0829596519470215,-20.37347984313965,6.370882987976074,15.69235897064209,6.6394548416137695,-17.352710723876953,7.109902381896973,14.868898391723633,4.385247230529785,-8.898109436035156,5.062298774719238,12.249725341796875,6.066831588745117,-5.823009967803955,5.927915573120117,0.40882959961891174,0.2864079177379608,1717.3419433944864,217.17296868198622,1842.4239227784153,180.568131729234,3362.8629985608554,658.5760817830944,0.0849809676131966,0.01758438500609017,0.26079556345939636,0.030358949676156044,21.983795244229253,9.868225771918876,0.013131583824550576,0.11937726503422916,89.10290948275862,rock
rock.00009.wav,-178.59237670898438,68.96820068359375,153.9897918701172,29.770408630371094,-4.949500560760498,21.371631622314453,21.926918029785156,14.189249992370605,-2.061847448348999,11.671279907226562,23.677854537963867,8.736836433410645,-1.291935920715332,11.331212043762207,11.55847454071045,8.459187507629395,-6.040379524230957,10.49998664855957,4.9552412033081055,8.274884223937988,-2.951673746109009,7.904085636138916,5.406179904937744,6.104921340942383,-4.1217041015625,7.954728126525879,0.3761739730834961,0.30409714579582214,1181.5495135430565,524.8676053405902,1607.91698724318,509.3997476457609,2367.927348133949,1443.7121118875248,0.04254093701625387,0.019729796434762095,0.12820887565612793,0.061624884605407715,22.333713075357508,7.311543438358581,-0.012121227195287063,0.09601693769279955,75.99954044117646,rock
rock.00010.wav,-108.9864273071289,51.73974609375,114.9559097290039,21.439998626708984,-5.198552131652832,18.295875549316406,46.206581115722656,13.040315628051758,-9.133127212524414,11.195235252380371,20.515317916870117,11.838807106018066,-17.025161743164062,10.373614311218262,24.2147216796875,9.242598533630371,-8.057453155517578,8.819037437438965,13.43820571899414,7.996963977813721,-18.381256103515625,7.297346115112305,8.588361740112305,7.504061698913574,-11.405960083007812,6.9220356941223145,0.3982071578502655,0.2963019013404846,1857.8624034566847,616.6346826628054,2182.352453903645,325.8644902152543,4191.499654575029,1284.533139650013,0.07170251427051083,0.04235086299071824,0.15343888103961945,0.051899880170822144,22.0644900852914,8.754159854738871,0.012641067170651185,0.15157522262215528,161.4990234375,rock
rock.00011.wav,-169.74000549316406,53.807716369628906,119.11503601074219,24.85920524597168,7.171098709106445,20.006654739379883,53.4308967590332,14.706700325012207,4.141932010650635,11.816131591796875,23.13068962097168,11.264790534973145,-5.7138543128967285,9.551438331604004,24.995336532592773,8.455161094665527,-9.326623916625977,8.292572975158691,13.470993041992188,7.762689113616943,-14.286961555480957,7.426736831665039,5.954391002655029,7.226846694946289,-13.598769187927246,6.877386569976807,0.34322381019592285,0.29809850454330444,1536.9871799571386,701.2435196697215,2036.9220735430445,416.10208611818825,3415.26268170714,1542.0760064478222,0.05433413856907895,0.04011039565297944,0.12337732315063477,0.030746936798095703,22.55686249831925,7.819843052856395,-0.0029438441490272325,0.1827562935198914,117.45383522727273,rock
rock.00012.wav,-204.65545654296875,76.10554504394531,107.00343322753906,29.6483154296875,-10.197385787963867,18.806678771972656,45.55988693237305,15.393078804016113,3.0363900661468506,15.254056930541992,24.00913429260254,12.848666191101074,-7.501374244689941,13.382771492004395,20.05852699279785,11.629501342773438,-5.170926570892334,12.50566291809082,8.742727279663086,9.16046142578125,-10.101094245910645,8.901384353637695,4.365466594696045,8.646595001220703,-6.959644317626953,7.763425350189209,0.3388994336128235,0.31368252635002136,1863.089813447186,901.4165685854452,2067.227436057664,456.6520536307795,3985.167568903589,1653.0687863338749,0.06819006385448917,0.05652586771788083,0.07588578760623932,0.03612931817770004,20.4796667759351,7.830162357864536,-0.026952839399894412,0.13985991450146068,112.34714673913044,rock
rock.00013.wav,-211.2082977294922,68.30924987792969,95.76803588867188,29.287776947021484,40.58082962036133,27.423892974853516,68.30281066894531,16.549833297729492,5.315100193023682,12.756937980651855,30.97361183166504,12.039965629577637,-5.270473003387451,10.825572967529297,22.828838348388672,10.890972137451172,-1.6150609254837036,12.170084953308105,17.489036560058594,8.92310905456543,-11.487265586853027,7.768587112426758,8.734695434570312,7.820880889892578,-10.45601749420166,7.367739677429199,0.4404309391975403,0.30438077449798584,1596.5231665437618,839.024486043989,2237.4643641966177,525.4864182611794,3824.085209613245,2132.8898684197543,0.046099872411958204,0.03847871738150854,0.13374000787734985,0.044163357466459274,22.58356855354374,8.09777874517839,0.024839257657967153,0.1275404365026765,123.046875,rock
rock.00014.wav,-256.5845031738281,111.65917205810547,103.17071533203125,36.63250732421875,-8.463652610778809,25.54079246520996,48.5931510925293,19.01959228515625,-4.183111667633057,20.75356674194336,17.341554641723633,14.502182960510254,-6.668195724487305,16.790903091430664,17.03863525390625,13.753728866577148,-4.599119663238525,13.820826530456543,5.321588516235352,10.498368263244629,-10.013155937194824,11.523848533630371,8.242727279663086,9.958647727966309,-6.199188709259033,9.439867973327637,0.3805248737335205,0.3165861964225769,1935.4498295716771,957.9746071198674,2007.3329170232043,427.99789678874157,3982.742583567144,1638.2239409820354,0.08359435468266253,0.07475118088407692,0.05352145433425903,0.03353569284081459,20.28142528141682,7.459656331706427,0.0066119038610959625,0.1285605449326168,117.45383522727273,rock
rock.00015.wav,-174.94175720214844,59.995689392089844,90.89378356933594,40.53704071044922,-18.696542739868164,25.117477416992188,41.621612548828125,16.075162887573242,-8.882181167602539,17.561330795288086,9.097589492797852,13.204436302185059,-12.460493087768555,14.268253326416016,13.123887062072754,13.02295207977295,-9.697834014892578,11.621983528137207,4.337836742401123,10.512312889099121,-13.489968299865723,11.025653839111328,6.743155002593994,10.540956497192383,-10.383935928344727,10.376206398010254,0.3437172472476959,0.3039444088935852,2336.111675735068,1023.5346240634933,2099.3117468270693,431.44946137389894,4501.422780512287,1705.5898142971305,0.11420150142705109,0.08064180492087063,0.0822996273636818,0.055679500102996826,21.179827527488168,8.43948388732568,-0.01821441742390009,0.11592723001465623,135.99917763157896,rock
rock.00016.wav,-15.687385559082031,18.379215240478516,100.0982666015625,13.598681449890137,-37.590457916259766,13.127217292785645,45.97100067138672,11.228865623474121,-20.77373695373535,9.332348823547363,25.637006759643555,7.326930046081543,-18.643869400024414,7.078005313873291,26.51662254333496,5.885647773742676,-20.163169860839844,7.124575138092041,21.129619598388672,6.660345077514648,-13.64913272857666,5.964277744293213,10.978789329528809,6.713752746582031,-15.535992622375488,6.1818318367004395,0.46137362718582153,0.2813207507133484,2459.3807747248898,359.69513909818687,2221.3829014466087,208.81314794009356,5024.202952665441,801.6322608955717,0.1428422957381966,0.034063371145174125,0.18442486226558685,0.03200657293200493,20.20332952450294,10.553517489410863,0.022581236298241925,0.08494065766735834,143.5546875,rock
rock.00017.wav,-41.432640075683594,32.169715881347656,105.41606903076172,15.662668228149414,-43.95048141479492,14.513352394104004,54.10911560058594,10.858243942260742,-18.41774559020996,9.195462226867676,23.525930404663086,7.882173538208008,-17.6177921295166,7.890127658843994,20.664485931396484,6.595504283905029,-18.46294593811035,7.396687030792236,17.48168182373047,6.165769100189209,-15.181072235107422,6.193790912628174,11.308914184570312,5.779607772827148,-14.158966064453125,6.353853702545166,0.4188788831233978,0.27698221802711487,2311.9417457073478,398.40704296048494,2060.772911227813,264.6062654291202,4527.939286837268,901.844782140716,0.14058758526025542,0.034043832032853064,0.16596873104572296,0.034751005470752716,21.226617948711844,9.511225694481688,0.004275214704433246,0.12538539091672957,123.046875,rock
rock.00018.wav,-67.55525970458984,37.44156265258789,109.12109375,21.345279693603516,-32.731327056884766,18.685874938964844,45.65721893310547,13.137605667114258,-11.699701309204102,9.587355613708496,27.49436378479004,10.917428970336914,-16.34174156188965,9.329821586608887,22.087678909301758,6.953169822692871,-15.454766273498535,7.803989887237549,19.40410804748535,7.242948055267334,-11.621109962463379,7.89801549911499,11.591024398803711,5.952298164367676,-10.521069526672363,6.588111877441406,0.4802371859550476,0.28049567341804504,2209.573799429134,528.7599650433128,2142.797814244651,314.3920638883531,4594.563883967444,1123.743578346782,0.11580542218943499,0.05007797507329598,0.14070792496204376,0.04668545722961426,19.379140818760188,9.828002218241746,0.025794932307011405,0.08823357122952537,117.45383522727273,rock
rock.00019.wav,-84.2173080444336,44.81163787841797,102.3507308959961,16.887432098388672,-41.34684371948242,15.828481674194336,47.03287887573242,14.055896759033203,-16.961946487426758,7.971724033355713,26.2421817779541,8.697488784790039,-18.962617874145508,8.3612642288208,18.80251693725586,8.51701831817627,-21.69579315185547,8.403474807739258,11.055485725402832,8.963007926940918,-19.242597579956055,7.112732410430908,5.2391276359558105,7.408052921295166,-16.765684127807617,5.230275630950928,0.43590205907821655,0.27744847536087036,2321.139396040278,404.409541395981,2118.8652143813893,251.7424828907095,4701.921568123549,882.4515830922137,0.12819952713815788,0.04338128100114103,0.11218207329511642,0.03821396082639694,20.113928455404118,9.521574675428123,0.005266012759967711,0.1364569792549031,117.45383522727273,rock
rock.00020.wav,-56.943450927734375,44.92744445800781,115.21052551269531,22.39041519165039,-30.444604873657227,17.665895462036133,37.20380783081055,10.797608375549316,-21.99480438232422,11.900800704956055,21.870765686035156,10.312846183776855,-19.770648956298828,8.110652923583984,14.999987602233887,7.216747283935547,-24.074703216552734,8.614612579345703,17.787263870239258,8.049271583557129,-17.278642654418945,7.329288959503174,6.752427577972412,6.533371448516846,-10.744572639465332,7.095126628875732,0.3981715440750122,0.28393787145614624,2188.2645254060567,565.5632079826476,2120.224007635576,297.7443329114196,4432.373198045666,1179.2343498789655,0.11758961397058823,0.05075101006941557,0.15241935849189758,0.04514366760849953,20.20843290256419,9.706083674679837,0.007548788404350321,0.14646954918501592,99.38401442307692,rock
rock.00021.wav,-55.33060836791992,35.37258529663086,114.44246673583984,20.507183074951172,-34.06888961791992,16.489826202392578,37.984397888183594,12.591361999511719,-22.331317901611328,13.600186347961426,18.52655601501465,10.641759872436523,-18.157928466796875,10.461073875427246,13.806142807006836,7.702295303344727,-27.80347442626953,9.951635360717773,18.16130828857422,8.327142715454102,-14.623385429382324,7.002519607543945,6.555210590362549,7.581448554992676,-8.26966667175293,7.028148651123047,0.3928767442703247,0.28264686465263367,2157.8298998957625,499.48815540406144,2060.213563519859,248.4352691189388,4244.366001566128,960.6829340860221,0.12160357306985294,0.05365369660669163,0.16148923337459564,0.05040263012051582,20.6361171808602,9.631219624005599,-0.045685534857727854,0.1156750540212291,184.5703125,rock
rock.00022.wav,-34.62348175048828,34.24970626831055,106.51091003417969,22.074283599853516,-41.074825286865234,19.709312438964844,33.66883850097656,11.124125480651855,-27.23453140258789,9.857698440551758,21.397689819335938,9.485845565795898,-21.319238662719727,10.452265739440918,14.007781982421875,6.654149532318115,-27.776123046875,10.483521461486816,16.067190170288086,8.867125511169434,-18.824478149414062,6.721456527709961,5.654366493225098,6.765570640563965,-14.290796279907227,6.756303787231445,0.4159105122089386,0.2808806896209717,2342.3353774211027,506.88925343945726,2112.8387079444346,267.91922943431143,4594.60555038216,1011.2039275873616,0.13848895849458204,0.04709141984731301,0.17382122576236725,0.047589465975761414,20.12079906744882,10.180540275121693,0.004644202273970629,0.11764235502651235,198.76802884615384,rock
rock.00023.wav,-88.29214477539062,55.20999526977539,105.3929443359375,24.202716827392578,-24.510700225830078,12.809297561645508,41.84850311279297,10.72402572631836,-22.376440048217773,10.920527458190918,23.734203338623047,11.087516784667969,-19.802425384521484,8.87037467956543,15.150588989257812,11.498686790466309,-27.119735717773438,10.104217529296875,13.858992576599121,11.359042167663574,-15.214505195617676,7.875176906585693,8.941473960876465,6.678225517272949,-12.804369926452637,7.177840232849121,0.29429030418395996,0.2873516082763672,2295.565769219044,627.4780490673099,2207.4319000534083,346.36982158843523,4849.687341270801,1293.64750757482,0.11561872641737617,0.04864604524131928,0.1357429176568985,0.040883272886276245,22.390036654078735,9.247173921942641,-0.003140481581760228,0.2047271169752648,73.828125,rock
rock.00024.wav,-52.4997444152832,33.06773376464844,99.70246124267578,19.412689208984375,-47.39474868774414,20.838638305664062,47.02238464355469,13.64941692352295,-21.03191375732422,12.142180442810059,22.88638687133789,10.677321434020996,-18.29364585876465,6.863072872161865,13.892620086669922,7.374557971954346,-23.449203491210938,8.068572998046875,13.50993824005127,7.962852954864502,-18.66952896118164,6.796380043029785,5.705556392669678,6.634800910949707,-12.896329879760742,6.4363532066345215,0.4051312208175659,0.2755107581615448,2320.5556900857273,344.3201280083068,2044.918179050594,214.2602479259189,4466.88132271309,694.989664122194,0.1434492459607198,0.044826109725764195,0.15652085840702057,0.04017310589551926,21.144219688987697,9.494433849873591,-0.0033822831765273095,0.14323205441431197,73.828125,rock
rock.00025.wav,-47.05117416381836,23.961395263671875,95.76596069335938,16.156986236572266,-43.925437927246094,15.885520935058594,52.07753372192383,16.40807342529297,-22.552745819091797,11.185436248779297,20.855411529541016,9.289658546447754,-18.68784523010254,8.57798957824707,19.24420738220215,7.011663913726807,-21.26524543762207,7.087093830108643,21.887392044067383,9.22243595123291,-19.218746185302734,6.0025715827941895,9.456287384033203,6.8850202560424805,-12.582294464111328,9.161592483520508,0.4151025414466858,0.2826054096221924,2510.3556189283613,379.8729123871011,2115.285136449239,233.22423303235794,4735.371365857198,839.1127226572656,0.15789020172213622,0.04380584486949259,0.14910566806793213,0.039253346621990204,20.743427864036466,10.04079949194111,0.015979450381440035,0.11452710296017556,103.359375,rock
rock.00026.wav,-58.966331481933594,30.85973358154297,106.56531524658203,19.5545654296875,-31.7941837310791,13.51596450805664,47.91972732543945,11.161457061767578,-17.430265426635742,11.110621452331543,27.756452560424805,9.36898422241211,-14.035482406616211,9.984715461730957,22.419857025146484,6.781966686248779,-20.562475204467773,7.308907985687256,19.568918228149414,8.095914840698242,-14.586194038391113,6.456616401672363,10.188966751098633,5.918665409088135,-10.941551208496094,6.945626735687256,0.3831232488155365,0.28357648849487305,2263.522165083779,480.787137749104,2150.409409887739,239.9957478481897,4603.71382863898,966.7216766964103,0.1229387879740712,0.0464061017224046,0.15269838273525238,0.03431134298443794,20.939101857893274,9.565974483574422,0.015840238331460595,0.1516234946073916,112.34714673913044,rock
rock.00027.wav,-123.3453369140625,51.364295959472656,74.88168334960938,25.250028610229492,-17.058034896850586,16.53776741027832,31.6099853515625,14.1592435836792,2.5446815490722656,10.397204399108887,17.328310012817383,9.449060440063477,-3.815232515335083,10.098271369934082,9.723453521728516,7.83557653427124,-7.237524032592773,8.123567581176758,11.25865650177002,6.854071617126465,0.3819887638092041,6.6373114585876465,3.4685218334198,6.998904228210449,1.6636860370635986,8.400513648986816,0.4025210738182068,0.29779142141342163,2669.3593345236,677.9194859077227,2440.4637806887617,291.41803282531595,5445.8670695868805,1169.7526510441307,0.13342209570917182,0.06750774555913243,0.07916758209466934,0.01575515978038311,17.88222438036319,3.684545293240496,-0.04774848817985586,0.16550084541396523,151.99908088235293,rock
rock.00028.wav,-92.62162780761719,51.235595703125,101.81189727783203,27.469823837280273,-33.4673957824707,19.44441795349121,48.702247619628906,14.48354721069336,12.402112007141113,10.812857627868652,20.806869506835938,8.177312850952148,8.704763412475586,7.781614780426025,9.274925231933594,7.535946369171143,2.767545700073242,8.000605583190918,5.239055156707764,8.6087007522583,-9.331888198852539,7.072439193725586,-3.4845621585845947,6.679788112640381,-4.351447582244873,6.025343894958496,0.44274234771728516,0.28236186504364014,2047.1451067117212,594.8831532755243,2070.5379260009317,429.8938182861487,4096.083564876403,1269.9539038155156,0.101985399937113,0.036763591749087346,0.13879743218421936,0.02967463806271553,18.413349500613858,3.7879504546996574,-0.04513468848363777,0.12695026319283426,135.99917763157896,rock
rock.00029.wav,-42.4476203918457,37.03575897216797,85.06940460205078,23.11213493347168,-7.393642902374268,17.581418991088867,40.71378707885742,11.036642074584961,-1.0123374462127686,8.69483470916748,18.935546875,9.140054702758789,-3.5306551456451416,7.4788818359375,5.873620510101318,6.367171764373779,-5.017306804656982,6.487488269805908,4.243310451507568,6.84694766998291,-3.1803700923919678,6.601867198944092,-0.5721075534820557,6.673262596130371,-0.5273756980895996,6.5234808921813965,0.4186010956764221,0.2873266041278839,2444.584086039301,610.041671138983,2433.7847632338085,332.0088213796911,5172.310390413361,1104.664731261022,0.11148874383223684,0.04764056361159109,0.1800459772348404,0.03508329018950462,17.405481613908247,3.631436655901065,0.03009490941932807,0.11697263514313537,123.046875,rock
rock.00030.wav,-131.44668579101562,49.47248077392578,67.7161636352539,28.930206298828125,32.89906311035156,28.4388427734375,34.58985900878906,18.60698890686035,-3.2580535411834717,11.232287406921387,21.88393211364746,13.747323989868164,-5.81107234954834,10.368311882019043,10.24113941192627,8.260575294494629,-7.056926250457764,8.368663787841797,2.2975733280181885,8.895695686340332,-4.3679585456848145,7.133885860443115,-3.330298900604248,6.799533367156982,-6.280026435852051,6.7629289627075195,0.390338271856308,0.29172495007514954,2945.1945450846843,850.920929030266,2831.66679013786,329.7432636230217,6334.811694260352,1088.8366927334287,0.11496000024187307,0.06064547022684396,0.09645353257656097,0.02231009490787983,18.275356169253268,4.408249659959321,-0.013409347721418455,0.15343120774638516,117.45383522727273,rock
rock.00031.wav,-89.13876342773438,68.93702697753906,81.39791107177734,29.879898071289062,-12.569811820983887,24.978378295898438,22.79275131225586,13.879780769348145,-7.059605121612549,12.314974784851074,-0.4924919307231903,12.421443939208984,2.7757720947265625,12.285151481628418,-3.429509401321411,8.981640815734863,-7.712828636169434,8.756616592407227,-0.8480600714683533,9.269879341125488,-4.887397289276123,7.962835788726807,-2.6848652362823486,8.7820463180542,-5.287197113037109,7.941849231719971,0.3692016005516052,0.2958053648471832,2638.867641788369,779.3262337532045,2512.4599236152003,487.30462229076886,5302.2179382135255,1612.8804735582758,0.13247236600232198,0.05609912463772885,0.12612895667552948,0.05554444342851639,17.740698772603636,4.284786280681558,0.03429441234133723,0.1231415642508167,117.45383522727273,rock
rock.00032.wav,-26.406457901000977,32.47825622558594,85.7942886352539,22.219327926635742,-16.961444854736328,15.224136352539062,35.26088333129883,11.316587448120117,10.000133514404297,12.438283920288086,10.66892147064209,8.559305191040039,1.446996808052063,8.004317283630371,4.710634231567383,7.740863800048828,-0.04728318378329277,7.167148113250732,2.0705881118774414,6.869625091552734,0.42054668068885803,9.106614112854004,5.425936222076416,6.625297546386719,-0.9531182050704956,7.006979942321777,0.3834778368473053,0.2953302562236786,2345.8857364588525,526.9358461785058,2378.3851718191527,316.5325679721639,4735.771363438467,1090.0336747913266,0.1154928768382353,0.04084295370766221,0.22213958203792572,0.04947255551815033,18.17636653649357,3.8395448344646237,0.03309429431343606,0.1213371561488828,92.28515625,rock
rock.00033.wav,-119.11726379394531,50.44956970214844,128.92800903320312,29.468124389648438,-17.856233596801758,19.100318908691406,29.17547035217285,9.819233894348145,2.7212581634521484,10.891277313232422,8.001317977905273,9.39382266998291,-7.05839204788208,10.10187816619873,3.877889633178711,8.418313026428223,-1.5081709623336792,7.748664379119873,-3.983858823776245,7.70822811126709,-7.040400981903076,7.144226551055908,-2.8670530319213867,6.1525044441223145,-4.177796363830566,6.560063362121582,0.3235204219818115,0.29503974318504333,1673.575889634683,489.64586815697646,1947.700443030449,446.7334656410687,3430.0292590823337,1242.979789049134,0.07488654641544118,0.026566325008142818,0.12781934440135956,0.03722967952489853,18.567278818574653,4.188675205625694,-0.06720090068027108,0.17453429195828282,117.45383522727273,rock
rock.00034.wav,-28.08936882019043,25.938472747802734,65.62969207763672,18.48206901550293,-7.353229999542236,15.957072257995605,33.59356689453125,13.15992259979248,11.073498725891113,9.698989868164062,14.760503768920898,8.618322372436523,2.197620391845703,8.841751098632812,10.0637788772583,6.1564459800720215,-0.3293839693069458,6.866352558135986,10.136312484741211,7.260899543762207,-2.74882173538208,8.547418594360352,3.191469669342041,6.027774333953857,-1.683266043663025,6.324419975280762,0.4208856523036957,0.2806878685951233,2789.7940380072873,533.5796532766595,2648.769436715528,287.5346097993186,5836.38137486697,1118.8070119284148,0.13500787599167957,0.039044679009002006,0.19107995927333832,0.028029730543494225,18.709658614352385,3.549089676075562,0.036025796388108836,0.1360361802729186,135.99917763157896,rock
rock.00035.wav,-124.00576782226562,49.125282287597656,109.50320434570312,24.147632598876953,5.883205413818359,19.14690589904785,32.8846549987793,11.312009811401367,10.982733726501465,9.08210277557373,11.693243026733398,7.441827297210693,12.6799955368042,7.636021614074707,12.969646453857422,6.888493061065674,1.6491059064865112,6.293083667755127,4.502442359924316,5.90313720703125,9.673786163330078,5.881539344787598,3.0551998615264893,5.652901649475098,3.530792713165283,5.005482196807861,0.4572339355945587,0.2817436456680298,1867.3888525990114,631.3463584218987,2422.4150789551077,530.4798343743686,4271.2075059258905,1714.6572209646909,0.05698831753095975,0.02508938524748551,0.12411600351333618,0.021461868658661842,16.732414466364318,3.5220790724223106,0.02765650664190127,0.14851579510632018,129.19921875,rock
rock.00036.wav,-0.45102089643478394,30.747268676757812,72.646728515625,21.89232635498047,-13.21434211730957,16.142427444458008,23.93039894104004,9.728978157043457,10.373188972473145,9.695366859436035,10.316969871520996,8.804479598999023,-4.924215793609619,8.177680969238281,14.358380317687988,7.324592590332031,-0.6711962223052979,6.6414923667907715,9.922937393188477,7.2291741371154785,0.7018816471099854,6.184800148010254,5.224045753479004,6.332921981811523,-4.066709995269775,5.913406848907471,0.428394615650177,0.277792364358902,2841.8971917238737,634.8924468335391,2619.2254650844693,342.65934342301057,5885.356078723636,1305.3984849177234,0.14617523098877708,0.048830456944891146,0.21663714945316315,0.038082338869571686,17.80591983706694,3.6234854763191673,0.03069090599000072,0.16906409531976035,135.99917763157896,rock
rock.00037.wav,-71.16523742675781,42.75788497924805,79.44672393798828,22.122440338134766,-20.793611526489258,18.870220184326172,30.656105041503906,15.250624656677246,5.538387298583984,9.360223770141602,3.697484016418457,8.623156547546387,4.694746971130371,8.536075592041016,7.2714033126831055,6.908570766448975,-5.486176013946533,8.282296180725098,2.4909720420837402,7.3033833503723145,0.8379977941513062,6.529432773590088,-0.5833191275596619,6.3320698738098145,-1.8935433626174927,5.927834510803223,0.45181864500045776,0.2704222798347473,2627.053081238353,638.2031684291967,2442.793427153663,385.77302252962755,5047.994475468025,1360.3636636568333,0.14631922104779413,0.04932168046062832,0.11332251131534576,0.031353939324617386,17.945248187356817,4.180276791934349,0.07032985755064876,0.1079629754994303,129.19921875,rock
rock.00038.wav,-15.928070068359375,33.80256652832031,67.1530990600586,21.139400482177734,-20.12190055847168,20.267475128173828,15.576830863952637,15.136441230773926,4.801263332366943,15.060697555541992,10.825857162475586,13.74121379852295,5.959400177001953,10.584854125976562,11.796420097351074,9.800884246826172,-0.39681532979011536,9.987436294555664,5.655035495758057,9.468428611755371,0.11372387409210205,9.137409210205078,1.097923994064331,9.689393997192383,-1.7415590286254883,8.637373924255371,0.41147804260253906,0.2909008860588074,2794.963091628599,580.9920544756736,2633.9623220905196,308.96467732505613,5862.422884064193,1252.8743645576649,0.14055017052051083,0.059517006653526716,0.21929600834846497,0.06543529033660889,17.358196303975365,3.840326368878352,-0.018967372959126542,0.09596040555528546,135.99917763157896,rock
rock.00039.wav,-50.866233825683594,35.70859146118164,86.3950424194336,18.710634231567383,-14.416372299194336,14.636409759521484,12.843613624572754,8.974793434143066,21.69902992248535,11.616735458374023,4.238609790802002,7.691728115081787,1.738162636756897,7.204626083374023,3.706432580947876,6.051168441772461,4.691946983337402,6.103254318237305,-1.863010287284851,5.586614608764648,-1.1926677227020264,4.62724494934082,-0.010121419094502926,4.664363861083984,-4.118913650512695,5.409246921539307,0.44269540905952454,0.26970764994621277,2559.2817874298944,487.1942951751148,2731.086714396982,306.50738766817085,5447.483726477844,1361.1114912978353,0.12278761730843653,0.03719205817919847,0.14427855610847473,0.03841627016663551,18.694654426178957,5.962635461914393,0.023645487989262793,0.13921131916868437,143.5546875,rock
rock.00040.wav,-65.98846435546875,51.642578125,61.27696990966797,21.321067810058594,-1.9339221715927124,18.5231876373291,35.32307434082031,16.365478515625,9.320188522338867,9.848495483398438,7.569520473480225,10.96749210357666,3.415292978286743,10.470353126525879,2.978025197982788,7.93109655380249,4.615322589874268,7.879317283630371,2.9165234565734863,6.831571578979492,1.774064064025879,7.3481268882751465,-0.39260396361351013,6.694080352783203,-5.753547191619873,6.2724289894104,0.41608870029449463,0.29632747173309326,3009.9775310236832,659.8839552879806,2777.974881715167,368.2818915096662,6130.82959437887,1337.8146949364198,0.14474440063854488,0.05888352646119437,0.14280498027801514,0.05609976872801781,18.83285636425605,6.874701609446777,0.024294430022878084,0.14187526884057855,112.34714673913044,rock
rock.00041.wav,-35.399131774902344,37.67943572998047,73.67545318603516,22.266254425048828,-20.210777282714844,16.57729148864746,17.16295623779297,13.985241889953613,14.951290130615234,11.167903900146484,10.214681625366211,8.173617362976074,7.604469299316406,8.69050121307373,1.5989149808883667,7.307653427124023,4.177347183227539,6.385446071624756,0.7355448007583618,6.305659770965576,-0.3854457139968872,6.575572967529297,-1.313180685043335,5.740618705749512,-2.049189567565918,5.781103610992432,0.402214914560318,0.2828253507614136,2807.30058491141,660.0424063176397,2688.503510869627,343.6555165733178,5678.490662943837,1360.7003697793093,0.14837174076044893,0.057533435997820466,0.16064365208148956,0.045297857373952866,18.831363063442033,5.759839437331477,0.0447233541791323,0.1076081482493985,117.45383522727273,rock
rock.00042.wav,-74.19892120361328,59.77894592285156,76.74987030029297,26.768857955932617,-3.812321662902832,22.698518753051758,28.032583236694336,16.224802017211914,8.144328117370605,13.139657020568848,6.01887321472168,9.137205123901367,4.306131362915039,9.625391960144043,0.5052437782287598,7.023557186126709,2.856219530105591,8.258886337280273,-0.9419192671775818,6.593022346496582,-2.350552797317505,8.466217041015625,-0.2828635275363922,6.440122127532959,-1.4562793970108032,6.7532172203063965,0.4443833529949188,0.2834056615829468,2794.3709144990316,781.9459030757719,2731.9420312720904,454.3686011824203,5877.406126795908,1656.2068657978568,0.13764807166698917,0.06527708792629394,0.1189284548163414,0.04419746994972229,17.17483670415671,4.488136004788705,0.02315038504755214,0.09236469253481464,161.4990234375,rock
rock.00043.wav,-62.0799446105957,68.55648803710938,75.84868621826172,22.953035354614258,-26.75746726989746,20.61566734313965,18.27989387512207,14.328588485717773,2.4523019790649414,9.012231826782227,5.826196193695068,8.54808235168457,11.583855628967285,10.64101505279541,0.009005897678434849,8.453474044799805,8.69517993927002,9.041933059692383,5.51440954208374,7.6348042488098145,-0.2510002851486206,6.235963344573975,2.399003744125366,7.302384853363037,-1.7422583103179932,7.16970157623291,0.4202406704425812,0.2970188558101654,2740.1544161420566,639.0603166853733,2541.9072917634526,410.2222148401738,5327.292786589348,1409.738009142595,0.1440289854634288,0.0515362582338461,0.13984785974025726,0.05829500034451485,17.48960397234583,4.909406952750111,0.03136776040858356,0.10582718274200362,89.10290948275862,rock
rock.00044.wav,-118.35712432861328,48.91650390625,130.22547912597656,31.050941467285156,-3.0720033645629883,21.657197952270508,15.734302520751953,15.601810455322266,3.9399168491363525,10.889184951782227,10.663591384887695,7.866811275482178,6.8349127769470215,6.794258117675781,3.3929507732391357,6.312890529632568,0.7619887590408325,6.770907878875732,-2.5365586280822754,5.759748935699463,-3.1070427894592285,6.930939674377441,-2.8583638668060303,9.099858283996582,-1.6224064826965332,6.522026062011719,0.3113982081413269,0.28843235969543457,1652.179327113778,502.086525049569,2104.3964275714657,562.703626847171,3456.8540968762095,1543.25702006165,0.06892966633610681,0.02259931937890501,0.1443280726671219,0.03513666242361069,20.25406875087703,5.188121459863786,0.10299611108036327,0.2305814255274298,92.28515625,rock
rock.00045.wav,-172.5916748046875,62.360206604003906,142.76536560058594,14.571905136108398,-55.78308868408203,20.035139083862305,79.31111907958984,10.295683860778809,-1.8683820962905884,11.034582138061523,4.8111419677734375,8.178832054138184,0.2375272810459137,7.334657192230225,-11.501947402954102,6.473580837249756,-0.2754562497138977,5.501093864440918,-9.372540473937988,6.719631671905518,-7.673828125,5.390550136566162,-11.25028133392334,5.224541187286377,-5.676462173461914,5.052567958831787,0.36134955286979675,0.28742775321006775,1561.5465305371351,300.84320817330246,1568.9776889574518,105.64095984563617,3243.230388629547,531.5042839229048,0.0789651309742647,0.028514953953391715,0.09699847549200058,0.028578225523233414,20.540254305613534,5.1899226372333285,0.058183158826099306,0.214840744791809,151.99908088235293,rock
rock.00046.wav,-83.09334564208984,50.43389892578125,91.52498626708984,26.684526443481445,-13.697012901306152,20.893991470336914,16.139076232910156,9.22915267944336,10.334052085876465,9.044960975646973,5.5303425788879395,8.904668807983398,-9.44882869720459,8.724410057067871,-6.6147942543029785,7.458577632904053,-3.031773090362549,7.769058704376221,4.939131259918213,6.220185279846191,2.646474599838257,5.9712371826171875,1.0551013946533203,6.6099324226379395,-3.6679461002349854,7.137016296386719,0.36131182312965393,0.28645429015159607,2428.532242218463,665.7776045363379,2501.839158266494,466.3137880560618,5034.1112260848,1654.220004740359,0.11816519627999227,0.04095600646531712,0.12062349170446396,0.037010446190834045,18.943447823622957,5.342912506828461,0.03842837863538775,0.1841638552829252,103.359375,rock
rock.00047.wav,-58.28947830200195,43.08185577392578,62.49394607543945,26.24345588684082,-12.66530704498291,18.30309295654297,31.92991065979004,16.5695858001709,8.108556747436523,10.359267234802246,2.252081871032715,11.170449256896973,3.9014298915863037,13.237100601196289,1.448104977607727,10.250978469848633,-2.7169504165649414,9.427420616149902,1.102115511894226,9.221744537353516,-0.46053755283355713,5.947046279907227,-2.382965564727783,7.012836456298828,1.2428723573684692,7.267269611358643,0.4613814949989319,0.29403531551361084,2998.5568440596116,738.3411673539792,2691.3861118946566,372.35947286610434,5963.355607071159,1415.9152597425953,0.15630366558630032,0.07172893017666518,0.13890297710895538,0.044473327696323395,17.452491431262803,5.220945465343341,0.01723819668579469,0.10765099928785139,107.666015625,rock
rock.00048.wav,-93.35920715332031,36.640419006347656,137.46543884277344,22.71193504333496,-45.09274673461914,12.6101655960083,37.81913375854492,12.412721633911133,-9.423070907592773,11.93199348449707,12.591268539428711,9.852721214294434,-7.494570732116699,7.129371643066406,5.548374176025391,8.06737995147705,-3.7386364936828613,7.91343879699707,-2.0140531063079834,6.156550884246826,-2.458911895751953,7.373380184173584,-9.575428009033203,6.8256754875183105,-3.1775431632995605,7.538284778594971,0.32153019309043884,0.2858131229877472,1646.6339142770562,343.89048063781695,1701.4113691568673,231.0494446358533,3184.305744938806,711.7131997724621,0.0852647905379257,0.027931869075814148,0.1455613076686859,0.023994682356715202,19.573900026975537,4.902852697967989,-0.013725613052668447,0.11606212244490398,129.19921875,rock
rock.00049.wav,-142.48468017578125,99.41041564941406,116.1689224243164,46.20861053466797,2.269467353820801,21.2902774810791,31.065383911132812,13.738166809082031,6.192660331726074,11.829241752624512,0.11036233603954315,9.107309341430664,0.3172527253627777,7.800788402557373,7.7940239906311035,7.510439872741699,3.2462353706359863,7.2684407234191895,-3.0221729278564453,8.619075775146484,1.7105087041854858,7.065796375274658,0.7426469922065735,6.946895599365234,0.1429063081741333,6.688255786895752,0.3961080312728882,0.2786537706851959,2077.5446322647385,1103.1911027907297,2333.931430395513,833.7541607499047,4495.3894836614745,2579.3890277283676,0.09130519241002322,0.05402112858330844,0.10099384188652039,0.048147231340408325,17.813762271938245,3.950976730962691,-0.05792227142976484,0.18639613838171934,112.34714673913044,rock
rock.00050.wav,-145.00860595703125,71.1512680053711,118.48389434814453,35.83264923095703,20.532211303710938,18.359376907348633,28.56977081298828,10.864328384399414,2.352550506591797,9.236897468566895,10.085841178894043,8.390653610229492,11.913155555725098,7.466691017150879,4.856400489807129,7.291449069976807,-0.06745915114879608,8.132621765136719,3.293766975402832,6.5709099769592285,3.4043331146240234,7.35538911819458,3.653158664703369,6.11626672744751,5.371288776397705,7.794261455535889,0.3946422040462494,0.2986186444759369,1720.5912503156892,837.2338736804387,2311.946198635383,605.4770496716815,3810.018628005273,1984.8782036571456,0.053289549269543345,0.038167198921508855,0.14123225212097168,0.07133214175701141,17.25489958503466,3.8723171668486205,-0.05207909453848895,0.09662586255590815,123.046875,rock
rock.00051.wav,-66.34944915771484,48.428321838378906,66.78922271728516,24.045204162597656,25.184574127197266,18.748291015625,26.30290412902832,11.53250789642334,5.300069808959961,11.44573974609375,10.46248722076416,8.765506744384766,2.4782750606536865,9.26579761505127,0.7563056349754333,8.406366348266602,-0.37080538272857666,8.118319511413574,1.7285492420196533,8.376606941223145,3.213731050491333,6.821965217590332,5.036754608154297,7.483884334564209,-1.940718412399292,7.243181228637695,0.3687775731086731,0.2950368821620941,3030.4355509553056,869.8103595416815,3055.3172102045473,293.6496019016413,6731.709294274865,1313.157773754636,0.12080841536861456,0.07633106990792465,0.16165073215961456,0.04680538550019264,16.914102943556806,3.9108260528736354,-0.039105887849695174,0.14027013279158995,172.265625,rock
rock.00052.wav,-181.25509643554688,97.70661926269531,103.40521240234375,44.071388244628906,9.393451690673828,27.70123291015625,19.076099395751953,17.832855224609375,13.793488502502441,14.180323600769043,-0.49876606464385986,16.59090805053711,4.365122318267822,12.718734741210938,-7.60660457611084,9.826727867126465,-8.104534149169922,10.535964012145996,-0.14550010859966278,9.549581527709961,-5.163271903991699,9.419827461242676,-6.306929588317871,9.039323806762695,-5.4644317626953125,7.54583740234375,0.34070101380348206,0.3114270865917206,2187.2085144317775,1325.9851564332307,2449.201009853284,725.5472986280631,4463.723008477651,2664.765024145503,0.08860566224845201,0.08180662200953713,0.1132863312959671,0.07461903244256973,18.18799237606292,4.458451405883084,-0.004699251803234601,0.14089412249727948,129.19921875,rock
rock.00053.wav,4.066039085388184,33.20601272583008,52.615936279296875,15.549810409545898,-11.040759086608887,11.037493705749512,19.7084903717041,10.401054382324219,11.29083251953125,9.278271675109863,7.062537670135498,7.855381488800049,5.064019203186035,7.9758782386779785,4.561151027679443,6.810842990875244,0.028141045942902565,6.813488483428955,5.148392677307129,6.417810440063477,3.39976167678833,6.561119079589844,1.1702251434326172,5.625358581542969,0.5825346112251282,5.724335193634033,0.4091429114341736,0.27383163571357727,3361.7673453402167,551.7050898841036,2933.2024987219434,234.74318665701333,6920.5248191998835,1010.2083224411538,0.18757331777283281,0.0597269165876384,0.19013544917106628,0.04348135367035866,16.64417160928873,3.3774783596666267,0.06746467634758174,0.0921723727587376,117.45383522727273,rock
rock.00054.wav,-156.23690795898438,48.42975616455078,75.61201477050781,31.528390884399414,-16.506853103637695,16.57063865661621,16.34114646911621,15.145593643188477,5.8195719718933105,11.205224990844727,6.018424034118652,9.775795936584473,-4.133172512054443,8.722572326660156,-3.7573888301849365,9.843709945678711,-6.168892860412598,9.322463035583496,-8.928879737854004,9.588879585266113,-4.102284908294678,8.373321533203125,-2.2225191593170166,9.56174087524414,-4.650421619415283,9.23736572265625,0.34664514660835266,0.29415783286094666,2632.7402137243284,979.4561369721404,2550.5115793345662,448.30898209808936,5310.901219040247,1814.4592554573014,0.13243306162925697,0.08545430203837505,0.06547273695468903,0.025220274925231934,20.059020350975604,4.40558420494129,0.06540793489849572,0.1610604788814734,107.666015625,rock
rock.00055.wav,-91.8997802734375,45.759483337402344,130.0064697265625,22.18356704711914,1.7901883125305176,19.259254455566406,11.658317565917969,14.648300170898438,3.2286391258239746,8.7898588180542,-1.966854453086853,10.741460800170898,-2.212193727493286,7.103266716003418,-0.859142005443573,7.885970592498779,-4.337864398956299,7.280676364898682,-3.5468599796295166,7.604508399963379,-1.5544235706329346,5.721529483795166,-0.5467613339424133,5.671899795532227,0.40629062056541443,6.026991844177246,0.43161365389823914,0.27138152718544006,1711.1893544921813,521.5420666469477,2248.2556163675204,457.3375006214035,3614.6198095551954,1626.0498391482784,0.06657442736551858,0.01914904382641585,0.1471862494945526,0.047941889613866806,16.67815556552405,3.6933772484558687,0.057246674857807114,0.09741887794105408,129.19921875,rock
rock.00056.wav,-7.851337909698486,39.77475357055664,59.508636474609375,18.44887351989746,3.669032335281372,15.152609825134277,28.985015869140625,9.868877410888672,4.145484924316406,8.412137031555176,10.275527954101562,6.695552349090576,2.544891595840454,8.678215980529785,7.594005584716797,6.217599391937256,-1.3849740028381348,6.274351596832275,2.960131883621216,6.616138935089111,4.042452335357666,6.065399169921875,-0.7512194514274597,5.646233081817627,1.0540920495986938,5.287891387939453,0.4885188937187195,0.2691281735897064,3303.904679679877,678.9500375661231,2914.1478022639367,277.42345181530095,6719.434368499661,1116.1816343378816,0.17756393007449692,0.06830820018954872,0.1756976693868637,0.045361652970314026,15.724758733187786,3.1944618044214645,0.018151133086860744,0.10949084595856176,135.99917763157896,rock
rock.00057.wav,-58.60115051269531,39.048885345458984,64.89225769042969,19.82196044921875,15.939432144165039,13.199122428894043,5.449437618255615,12.916121482849121,7.535342216491699,9.977741241455078,9.880082130432129,6.665734767913818,1.5892504453659058,7.885865211486816,5.345211505889893,7.980266571044922,-1.2376223802566528,6.8473663330078125,-2.029954433441162,6.422597408294678,2.443626642227173,7.198920249938965,-0.7237523794174194,5.914093971252441,-0.31555265188217163,6.349465370178223,0.3901253938674927,0.28968366980552673,3488.995725081282,748.4121335212827,3241.7483118458463,285.12317887866294,7660.57034424584,1160.364320671235,0.1751028716379644,0.06284308846736006,0.12258004397153854,0.031727612018585205,17.025080827061167,3.520093301134362,0.02119493129426453,0.1022389640049633,123.046875,rock
rock.00058.wav,-142.0154266357422,35.79301452636719,96.99694061279297,29.40228843688965,23.240543365478516,17.98765754699707,10.443575859069824,12.065078735351562,6.282169342041016,10.361929893493652,4.967879295349121,9.007831573486328,1.0824390649795532,8.81539249420166,1.095839023590088,7.417361736297607,-4.841728210449219,8.055660247802734,0.8765872716903687,7.907956600189209,-3.4558091163635254,7.574136257171631,-2.0117530822753906,7.852715492248535,-5.893535137176514,7.382445812225342,0.30106091499328613,0.2929689586162567,2437.580126873773,1003.1938175172565,2789.9159039702213,479.5398360059841,5497.925088132498,2049.2147591179196,0.09894309029121517,0.0652177098363773,0.0874408707022667,0.01416917983442545,19.311185959152347,4.302105032885388,0.07288603967263448,0.21543598920144216,135.99917763157896,rock
rock.00059.wav,-219.125244140625,46.04087448120117,94.35542297363281,32.822242736816406,42.787418365478516,20.672874450683594,16.116039276123047,17.037517547607422,9.527345657348633,11.499902725219727,12.908823013305664,9.714200019836426,7.72127628326416,7.764005184173584,2.3854546546936035,7.139930248260498,-1.0225296020507812,7.870882987976074,-1.9537667036056519,7.1683197021484375,-1.979730248451233,6.813457489013672,3.1503796577453613,7.236093997955322,-0.8850412964820862,5.8959221839904785,0.3395315706729889,0.28797560930252075,2424.966690601346,1070.2086798496603,2927.5616529347903,573.1132779725341,5645.7575275432955,2481.6851098154307,0.0865675037490325,0.051793201001277815,0.051181402057409286,0.013552531599998474,18.93716904886918,4.222579924781582,0.06989337158422408,0.2269632538160989,117.45383522727273,rock
rock.00060.wav,-82.66664123535156,37.55327606201172,83.48526000976562,22.968578338623047,-0.5739465355873108,15.005894660949707,10.484199523925781,15.261540412902832,10.418731689453125,8.766883850097656,7.0719404220581055,8.289969444274902,5.080419540405273,9.526453018188477,0.08345246315002441,8.275464057922363,-0.20796462893486023,7.666866779327393,-0.9347753524780273,6.794576644897461,-0.09718929976224899,6.855893135070801,-1.6991580724716187,6.759293079376221,-1.0245147943496704,6.567328929901123,0.40548527240753174,0.2853964865207672,2797.3841277516685,792.0293846210876,2891.8717359301454,478.23314610948574,6205.454143134433,1881.0578461796083,0.13467605638061145,0.05110739182683494,0.10329776257276535,0.024485411122441292,17.06336727089986,3.780586854300898,0.04193273258031648,0.1099949099002408,89.10290948275862,rock
rock.00061.wav,-193.56298828125,66.65059661865234,98.39903259277344,29.118671417236328,44.0577278137207,26.12235450744629,23.779394149780273,14.757719993591309,12.564505577087402,11.900127410888672,8.460668563842773,9.159496307373047,2.1713907718658447,9.061175346374512,-0.3465065360069275,7.524539470672607,-8.192858695983887,7.929952144622803,-9.118401527404785,7.119542598724365,-5.235872745513916,7.944741249084473,-4.838527202606201,6.8151164054870605,-1.3708208799362183,6.800402641296387,0.2997649013996124,0.2927807867527008,2072.9854708489925,894.8461709255217,2740.292600851444,488.2438006334856,4691.1049668633905,2319.3178557313745,0.06909104102167182,0.04856639905059231,0.08834068477153778,0.021003680303692818,18.432826827509146,4.646415320491533,0.05093636850298031,0.14182774785708946,80.74951171875,rock
rock.00062.wav,-212.29835510253906,63.972137451171875,65.75984954833984,28.262784957885742,45.1823616027832,27.050220489501953,19.73008155822754,17.780384063720703,11.80588436126709,15.18051528930664,8.06157398223877,11.54997444152832,4.434144973754883,11.015750885009766,4.215857982635498,7.5052361488342285,-2.318169355392456,7.978025436401367,-2.189948320388794,8.350907325744629,-1.6369863748550415,7.686548709869385,-4.651898384094238,5.952130317687988,-3.726616859436035,6.789134502410889,0.31972646713256836,0.30311325192451477,2947.109224451956,1004.6541711222931,3203.0152637796077,456.0250030450211,6983.207773497968,1801.9068224402808,0.10857001620549536,0.06711174362166812,0.06044034659862518,0.02814018540084362,18.920719702540328,4.622463470968116,-0.054547616598106786,0.16533590222443123,123.046875,rock
rock.00063.wav,-302.7938232421875,88.5785140991211,116.16437530517578,50.49121856689453,44.75728988647461,26.66975975036621,25.957435607910156,23.055814743041992,18.726181030273438,17.148649215698242,7.572909832000732,13.424805641174316,7.33574914932251,12.194934844970703,4.042331695556641,9.773499488830566,-4.186881065368652,12.038597106933594,0.8677526116371155,11.593273162841797,0.9239048361778259,13.298081398010254,2.8157293796539307,9.813790321350098,1.4195157289505005,11.271297454833984,0.3296278119087219,0.3061023950576782,1711.662555940787,1238.9599689735576,2310.122655480772,830.6449208753054,3492.653880399816,2883.33068810972,0.0558345074255031,0.052965759619781186,0.053099069744348526,0.019103916361927986,20.757655680975805,5.280095587913139,0.054457657346044054,0.21463355825380895,75.99954044117646,rock
rock.00064.wav,-118.81869506835938,55.03694534301758,104.41145324707031,17.42853546142578,-29.167768478393555,20.311494827270508,42.10883712768555,11.125804901123047,-13.289315223693848,12.465394020080566,29.063268661499023,11.090386390686035,-20.876985549926758,9.021109580993652,21.613054275512695,6.999239444732666,-24.322349548339844,8.151518821716309,10.711962699890137,7.776906967163086,-15.105816841125488,7.41688871383667,5.9485650062561035,6.838212013244629,-11.778100967407227,6.590672016143799,0.37433740496635437,0.2911321818828583,2181.717912335607,394.412845821679,2181.4968457518703,274.8189863259029,4691.004967468073,989.7622648536926,0.10637615192047213,0.03837688856796206,0.10704803466796875,0.04064929485321045,21.31718366792074,9.026270938209956,0.036051564954145146,0.16081066208079856,151.99908088235293,rock
rock.00065.wav,-95.29631042480469,44.523162841796875,103.81673431396484,20.528806686401367,-37.021419525146484,19.647159576416016,52.69776916503906,12.48538875579834,-20.764066696166992,12.16779613494873,27.576885223388672,9.586398124694824,-17.5366268157959,9.519108772277832,24.813133239746094,8.731167793273926,-11.30056095123291,9.680335998535156,16.64461898803711,9.978620529174805,-9.249601364135742,8.958579063415527,10.18789291381836,7.728983402252197,-8.786783218383789,7.25183629989624,0.39521196484565735,0.2842255234718323,2294.29156586485,426.1436276662177,2104.185540676221,275.39125260104777,4730.413062506047,875.8989393109678,0.12912129027186534,0.037642059507877836,0.11465216428041458,0.03605104982852936,21.258615855015027,9.0926859257947,-0.015843541900508854,0.13674859876959614,123.046875,rock
rock.00066.wav,-245.18563842773438,95.22177124023438,95.09854125976562,28.42381477355957,-21.243844985961914,24.765758514404297,45.65591812133789,16.815032958984375,-3.5624685287475586,12.47585678100586,14.98202896118164,15.834870338439941,-20.670310974121094,14.186991691589355,19.526782989501953,10.790546417236328,-21.713743209838867,14.360472679138184,7.3274712562561035,10.818427085876465,-9.289676666259766,9.457494735717773,0.8187548518180847,9.000736236572266,-13.016045570373535,7.902327537536621,0.3600938618183136,0.295094758272171,2209.342049406717,634.0096013087425,2175.09754039341,363.6542044913119,4575.447332895947,1310.8296615013392,0.10714712231520898,0.05310745450036061,0.042979974299669266,0.028778063133358955,21.845796925726912,7.142764827477634,0.04493652341610897,0.18490883537670702,75.99954044117646,rock
rock.00067.wav,-123.72794342041016,50.72150421142578,94.75421905517578,27.183856964111328,-9.56672191619873,19.772891998291016,53.26890182495117,14.749939918518066,-13.7581148147583,11.313504219055176,17.72808265686035,12.18803882598877,-19.212339401245117,11.262807846069336,25.298622131347656,9.285987854003906,-18.704410552978516,9.891462326049805,15.385912895202637,8.477685928344727,-12.513976097106934,8.242223739624023,9.367707252502441,7.399204254150391,-11.601577758789062,7.0461015701293945,0.3929072320461273,0.29091545939445496,2414.00286655524,692.0779030536324,2338.9876968450662,327.0638439674257,5212.235148993808,1220.4945059019722,0.11991915392801858,0.06038745968815309,0.10014721006155014,0.0392497181892395,21.863339754342643,9.024799068222357,-0.01578136308573721,0.13939525754012863,103.359375,rock
rock.00068.wav,-121.09557342529297,41.12533950805664,91.74797058105469,20.36415672302246,-14.709611892700195,15.596626281738281,52.973697662353516,9.149489402770996,-11.412967681884766,8.580413818359375,31.00334358215332,9.572154998779297,-17.49176788330078,7.926514148712158,24.202194213867188,8.426580429077148,-24.77862548828125,8.70760440826416,17.113521575927734,7.716090202331543,-15.886059761047363,7.235839366912842,10.376738548278809,7.048418998718262,-8.625384330749512,6.2198357582092285,0.4021151065826416,0.2875938415527344,2467.0646621546953,531.5989997223899,2398.9630032602154,211.45627053068029,5402.500665150928,888.8591761764236,0.11828008598587461,0.05049723251551037,0.09121902287006378,0.023548198863863945,21.54366686473349,9.234815910901872,0.02000684792738625,0.1470498005417887,123.046875,rock
rock.00069.wav,-203.31390380859375,44.742733001708984,85.3817138671875,28.82332992553711,-11.569646835327148,17.24300193786621,54.77840042114258,12.044692039489746,-11.609861373901367,10.548006057739258,20.57291603088379,11.915826797485352,-27.770662307739258,11.906746864318848,18.87808609008789,8.234625816345215,-31.656442642211914,13.113951683044434,10.70988941192627,10.209863662719727,-11.932769775390625,9.100005149841309,4.121627330780029,9.097187995910645,-4.0036139488220215,10.125296592712402,0.31144073605537415,0.29694005846977234,2569.1052765811332,777.3511109601677,2345.280318493239,323.41011118200754,5365.809220352409,1280.3142357125828,0.13768964360003869,0.0648752849021871,0.04701054096221924,0.016519218683242798,23.325164816516892,7.9195183589690865,0.053220570710917556,0.16150840733763894,172.265625,rock
rock.00070.wav,-202.2282257080078,59.010433197021484,75.21359252929688,23.8328800201416,-14.220876693725586,23.21269989013672,66.3117904663086,16.025463104248047,-8.28917407989502,13.957389831542969,24.374107360839844,11.625226020812988,-16.250932693481445,11.944462776184082,17.125219345092773,9.305985450744629,-21.2917537689209,9.735901832580566,3.9677858352661133,11.516107559204102,-19.749534606933594,8.759419441223145,0.4896693825721741,8.061060905456543,-4.503657341003418,8.86732006072998,0.3679928481578827,0.29618173837661743,2512.1443220871984,626.8833185814868,2245.287385595275,296.72000349089507,5130.4689767559985,1070.4092407587887,0.13914088199013158,0.06009002255244837,0.05409812182188034,0.025430887937545776,23.800954995201156,8.140285382623706,0.019904985271292603,0.16730796400840459,172.265625,rock
rock.00071.wav,-79.84978485107422,57.380409240722656,109.94088745117188,18.984386444091797,-17.126644134521484,15.902785301208496,47.195335388183594,14.917525291442871,-11.945710182189941,11.365935325622559,33.33559799194336,9.386500358581543,-11.699732780456543,9.495949745178223,23.63006591796875,7.862542152404785,-13.667415618896484,9.509602546691895,18.453720092773438,8.246023178100586,-6.937197685241699,7.985770225524902,13.033838272094727,6.547616958618164,-11.58344841003418,6.500934600830078,0.45442816615104675,0.2801031470298767,2024.9672114930113,467.964395609515,2215.1872549817713,267.41107972098064,4571.1473588973,1004.5359505401414,0.09080821884674922,0.0352010142285623,0.16090843081474304,0.05011233687400818,19.97615666071281,9.466903815700116,-0.009491808374030375,0.09038049560802226,112.34714673913044,rock
rock.00072.wav,-95.32930755615234,53.72947692871094,112.44343566894531,24.271102905273438,-2.0780863761901855,20.3705997467041,47.04460525512695,14.360486030578613,-10.373583793640137,10.773612022399902,29.782087326049805,9.214083671569824,-15.11297607421875,8.08681869506836,20.185731887817383,7.005405902862549,-12.67420482635498,7.259379863739014,16.488859176635742,8.325761795043945,-7.857435703277588,6.837964057922363,11.875227928161621,7.0411577224731445,-11.181129455566406,6.4990644454956055,0.4033683240413666,0.2906375229358673,1933.566634741674,650.1864692936686,2211.336364032015,310.14505300876897,4360.040302099458,1333.6819483250977,0.08172853074206657,0.051569455537382264,0.16546212136745453,0.048510417342185974,20.99521401154312,9.11594588600013,0.02788734249529471,0.1461145091748642,103.359375,rock
rock.00073.wav,-61.65255355834961,42.71369171142578,103.55276489257812,18.773319244384766,-16.907657623291016,13.383580207824707,49.269325256347656,10.883233070373535,-14.81051254272461,8.07307243347168,31.711088180541992,8.329208374023438,-17.215970993041992,8.186101913452148,24.628934860229492,6.57562255859375,-14.482388496398926,7.420905113220215,18.02622413635254,8.256505012512207,-11.670495986938477,6.2056145668029785,11.484824180603027,6.805596828460693,-9.816041946411133,6.3193488121032715,0.45865029096603394,0.27319321036338806,2224.311094028381,540.9406435644598,2287.9866204722503,229.62657702355614,4918.4952585320725,962.5530122272136,0.11005866933533281,0.04937794393398152,0.16931797564029694,0.046456318348646164,20.532578433508952,9.786688740706072,0.023394799086107535,0.09848052454415808,95.703125,rock
rock.00074.wav,-83.33729553222656,45.42823791503906,103.88043975830078,17.179990768432617,-13.938497543334961,13.487951278686523,56.89741134643555,9.687433242797852,-14.43038272857666,8.021065711975098,32.189998626708984,7.1767354011535645,-14.128751754760742,8.445125579833984,19.15924644470215,6.536269664764404,-9.344779014587402,9.075215339660645,13.159194946289062,7.1442365646362305,-11.727716445922852,6.777645111083984,8.406355857849121,6.614887714385986,-9.399951934814453,6.460381507873535,0.39440348744392395,0.29149770736694336,2140.7591092398616,449.60116997866066,2246.262600230336,240.58612498835595,4832.445778861504,804.5316160063087,0.09116309198432662,0.031947989727008116,0.1538156270980835,0.04436295107007027,21.37445737075387,9.044192914833623,0.08662137173164904,0.18615891094949047,112.34714673913044,rock
rock.00075.wav,-113.69888305664062,60.1883659362793,94.93524169921875,25.091711044311523,-4.118005275726318,20.042959213256836,51.78670883178711,12.679695129394531,-13.77385425567627,12.301690101623535,34.33351516723633,11.581939697265625,-17.59379005432129,10.701396942138672,22.54424476623535,9.549905776977539,-12.406814575195312,9.187727928161621,17.202659606933594,8.9955472946167,-9.234708786010742,8.999631881713867,9.976574897766113,8.481473922729492,-13.472090721130371,6.7893781661987305,0.4085308313369751,0.30105480551719666,2301.691479215312,641.6206486876289,2355.0250047216587,276.10715743526407,5091.869210163506,1102.989556567865,0.11154543283184984,0.056584405102608856,0.12686443328857422,0.04222992807626724,20.778405437621412,9.517506656640107,0.027660708924567647,0.12571594292884938,117.45383522727273,rock
rock.00076.wav,-132.3564453125,47.435359954833984,124.6559829711914,28.554691314697266,-9.664942741394043,17.910661697387695,46.451988220214844,13.543672561645508,-6.285325527191162,15.189393997192383,30.546499252319336,12.492319107055664,-11.139771461486816,11.035627365112305,20.411029815673828,8.472198486328125,-11.213244438171387,8.039639472961426,9.37702465057373,9.762585639953613,-5.824519634246826,8.209831237792969,7.82903528213501,8.896648406982422,-8.72843074798584,8.4631986618042,0.34563642740249634,0.3055940866470337,1659.8731482944434,713.4618265229117,1953.6246941311736,337.19071639701656,3580.9033467673667,1368.763693644823,0.0712066744872291,0.05415043952152889,0.14587216079235077,0.04807647690176964,22.182409371019624,8.042672000545457,0.0031106204000007293,0.20145027763916004,95.703125,rock
rock.00077.wav,-103.93917846679688,53.91743469238281,101.90093994140625,18.734224319458008,-10.340606689453125,20.66624641418457,43.674171447753906,12.574422836303711,-11.524457931518555,11.619610786437988,26.93070411682129,9.183479309082031,-9.990091323852539,10.281855583190918,25.020719528198242,7.071741580963135,-14.218496322631836,7.162079811096191,19.7019100189209,7.668058395385742,-10.535614013671875,6.948369026184082,12.671651840209961,6.986324787139893,-12.685294151306152,6.765355587005615,0.4554080665111542,0.27835536003112793,2188.176213337053,488.39828037683026,2350.7834228675147,293.8146914389806,4994.003135279605,1127.0796895663802,0.10627675720781733,0.0416932912531623,0.12869976460933685,0.04373940825462341,20.624962330523292,9.376613768428012,-0.03076654100156305,0.12313212823397071,107.666015625,rock
rock.00078.wav,-130.98988342285156,51.00265884399414,111.0154800415039,26.104854583740234,-2.153921127319336,19.01236343383789,41.78767013549805,14.567967414855957,-3.1985132694244385,13.998230934143066,34.658477783203125,11.186500549316406,-17.611370086669922,10.624725341796875,19.876789093017578,9.274283409118652,-9.144963264465332,9.152873039245605,14.890434265136719,9.271404266357422,-6.844168663024902,8.301939964294434,9.199766159057617,6.944911479949951,-6.975000858306885,7.706869602203369,0.3579820990562439,0.3033101558685303,1878.0900592313533,721.97654275325,2204.21561008364,368.9005777066668,4285.4407531927245,1482.9768567293215,0.07173048084365326,0.057368822141134555,0.14438898861408234,0.045750051736831665,22.270688118922664,8.45780675910582,0.0636710010415719,0.1667084181501169,99.38401442307692,rock
rock.00079.wav,-91.38539123535156,42.180519104003906,112.11522674560547,19.950199127197266,-27.342018127441406,15.749419212341309,47.98101806640625,9.608962059020996,-19.606639862060547,9.140210151672363,27.728473663330078,7.83204984664917,-18.553401947021484,8.557049751281738,17.439449310302734,6.3048624992370605,-13.161745071411133,8.394262313842773,14.429666519165039,7.156099796295166,-15.21798038482666,6.798572063446045,11.52908992767334,6.566737651824951,-12.585803031921387,5.9990105628967285,0.3600652813911438,0.28980347514152527,2148.4701088464726,503.8022542213434,2107.138585057225,268.7501465377601,4479.506246371904,989.634645594567,0.1091164981617647,0.039278684960719484,0.11669325828552246,0.028076034039258957,21.973134042849512,9.416853181045449,0.057277795066739724,0.14698412018668522,123.046875,rock
rock.00080.wav,-88.00072479248047,38.61924743652344,93.53732299804688,17.834108352661133,-23.228851318359375,14.059924125671387,48.1299934387207,9.642489433288574,-21.44626808166504,9.07997989654541,27.758792877197266,8.05607795715332,-20.340559005737305,9.846714973449707,18.754474639892578,8.276814460754395,-15.226568222045898,7.746686935424805,16.13050651550293,7.459535598754883,-21.412471771240234,8.201620101928711,10.874083518981934,6.029094219207764,-12.021344184875488,7.253146171569824,0.3686484396457672,0.2875030040740967,2606.2565496233246,509.20874099759226,2318.678720331894,242.78031207546985,5339.184381349168,940.0728829986887,0.1496808787248452,0.048271842059170685,0.10433086007833481,0.029668791219592094,22.518330767156968,9.509501455765514,-0.0010935698008444242,0.1730446217319832,117.45383522727273,rock
rock.00081.wav,-121.43798065185547,71.7213363647461,89.51823425292969,26.64828109741211,-33.493106842041016,16.210357666015625,41.97275161743164,15.065057754516602,-25.92999839782715,12.432907104492188,23.025859832763672,10.897040367126465,-20.269113540649414,11.692570686340332,14.35069751739502,10.092483520507812,-16.349435806274414,10.507156372070312,17.03437042236328,10.280704498291016,-16.95542335510254,8.238444328308105,9.146751403808594,8.158373832702637,-10.111248016357422,7.153977870941162,0.33577901124954224,0.2946884036064148,2553.8992233935824,599.8981588214937,2219.133079512772,267.32569582193497,5123.794017118566,1027.5046400676417,0.13617340182372292,0.059562194813484313,0.09363885223865509,0.038313135504722595,22.507398036231223,9.163342203598276,0.015620424594947998,0.17162853571611306,117.45383522727273,rock
rock.00082.wav,-95.47613525390625,48.43736267089844,78.3237533569336,17.235727310180664,-26.22216033935547,17.041057586669922,44.23744583129883,10.742114067077637,-22.463899612426758,11.326252937316895,29.737852096557617,9.239057540893555,-21.56705093383789,9.575709342956543,23.95587921142578,8.077716827392578,-16.57855796813965,6.9536638259887695,20.470060348510742,6.874643325805664,-19.642690658569336,8.367709159851074,13.886457443237305,7.4403276443481445,-12.624654769897461,7.972683906555176,0.38245007395744324,0.29330816864967346,2976.0030874979825,544.4727735472793,2423.21517682221,225.91873971640769,5926.6808288385255,822.4678652755034,0.1837358504256966,0.06421168811155313,0.09327282011508942,0.03213418275117874,21.786213056888464,9.78462313552309,0.042664943109839586,0.16721693755042852,99.38401442307692,rock
rock.00083.wav,-119.17545318603516,37.251590728759766,107.44642639160156,16.56973648071289,-10.97275447845459,14.052079200744629,58.55445098876953,7.660624980926514,-12.931377410888672,9.034308433532715,26.83179473876953,7.573493957519531,-17.6407413482666,7.151398181915283,19.37105369567871,7.113809585571289,-15.608501434326172,6.613198757171631,13.566648483276367,7.350726127624512,-16.671030044555664,6.774805545806885,11.872086524963379,5.823943614959717,-12.187864303588867,5.908998012542725,0.37879300117492676,0.28516748547554016,2115.9838949624827,435.23886380654426,2245.276673705662,248.57650049641944,4689.613309216573,907.4175652251869,0.09280102614647832,0.028483830875753166,0.10167484730482101,0.02278066799044609,22.312492454518427,8.79404834919871,0.013281918228881091,0.1665521521973077,123.046875,rock
rock.00084.wav,-94.30160522460938,42.02248001098633,91.88177490234375,21.4334716796875,-17.58851432800293,16.430513381958008,45.52394104003906,9.494452476501465,-15.698275566101074,12.573260307312012,32.63908767700195,7.658391952514648,-18.020702362060547,9.181672096252441,21.573335647583008,7.475549697875977,-15.734346389770508,7.951066017150879,16.795480728149414,6.787793159484863,-18.303876876831055,7.055455684661865,13.33747386932373,7.218438148498535,-15.461037635803223,7.489988803863525,0.3567729890346527,0.29850003123283386,2581.8092292667184,646.8777024881923,2376.373190446792,254.4649035408856,5391.134067216525,1071.7253811000967,0.13921608939628483,0.06439714613769387,0.10681610554456711,0.028050433844327927,22.341508937386212,9.626687280127735,0.04916166550217784,0.11969719451199073,129.19921875,rock
rock.00085.wav,-185.45333862304688,63.10133743286133,98.93243408203125,29.505064010620117,-36.44242858886719,18.180866241455078,44.426692962646484,15.407692909240723,-17.757999420166016,15.177797317504883,21.304088592529297,13.718101501464844,-20.296018600463867,12.24321460723877,13.779586791992188,11.124382019042969,-15.489944458007812,11.506514549255371,11.040962219238281,11.854382514953613,-16.79224967956543,11.342389106750488,2.326029062271118,10.028801918029785,-12.639384269714355,9.587998390197754,0.3218926191329956,0.29767343401908875,2256.0047067984315,729.6647867662216,2058.0461999228896,325.2247876137638,4509.297732893528,1215.4542693836163,0.12098982016737617,0.061067716478845076,0.06301802396774292,0.02960881032049656,24.348330429932933,7.696272325136719,0.04775866878146629,0.2604032765677535,184.5703125,rock
rock.00086.wav,-160.12103271484375,104.60528564453125,88.73147583007812,30.72418975830078,-35.49324417114258,28.532974243164062,47.491817474365234,19.920265197753906,-12.622673034667969,13.569681167602539,17.308822631835938,11.979572296142578,-19.139455795288086,11.756274223327637,14.591328620910645,9.512505531311035,-20.38043975830078,11.756355285644531,11.096237182617188,10.285290718078613,-11.145569801330566,8.833375930786133,7.704707622528076,8.471495628356934,-9.865750312805176,7.944576263427734,0.3909728527069092,0.2955217659473419,2521.464032225308,769.0058691536398,2133.3603289642856,325.4156469353962,4830.495790652815,1248.9089611908933,0.14632451202109134,0.07490004633215779,0.07627316564321518,0.04788148030638695,20.991097294248803,8.45012916326772,0.001919011702065953,0.1582827868884176,129.19921875,rock
rock.00087.wav,-42.66564178466797,27.762672424316406,102.98204040527344,12.86818790435791,-36.866947174072266,12.893805503845215,44.534725189208984,8.991899490356445,-11.986276626586914,9.652198791503906,25.571468353271484,8.088379859924316,-22.683826446533203,7.133970737457275,28.34067726135254,6.0906500816345215,-19.273252487182617,5.61022424697876,21.487628936767578,6.172271251678467,-15.257316589355469,5.957961082458496,11.752053260803223,5.620409965515137,-11.576942443847656,4.957324981689453,0.39313745498657227,0.2763479948043823,2334.758795031705,336.24445770333955,2208.2732556694846,210.27496446538058,4819.854188334462,840.2978071825231,0.12858085514222137,0.028114556859898925,0.16569988429546356,0.03207947313785553,21.27915799974615,9.908317860628776,0.06131515037700741,0.15263342360755033,129.19921875,rock
rock.00088.wav,-118.01446533203125,66.68012237548828,84.0493392944336,26.783889770507812,-50.27965545654297,18.193096160888672,46.06394958496094,15.176775932312012,-17.695775985717773,9.324575424194336,20.860382080078125,9.412643432617188,-21.651596069335938,10.483232498168945,16.67853546142578,8.177882194519043,-12.957173347473145,9.156464576721191,12.828731536865234,8.21733283996582,-13.10527515411377,8.210649490356445,11.298574447631836,7.1962409019470215,-12.60710334777832,8.289960861206055,0.40842345356941223,0.29842254519462585,2591.1167911589937,553.1394618171473,2078.6516769704235,277.7621546100877,4889.828765207769,974.0797099718552,0.16178095672890866,0.060391827901674064,0.08947667479515076,0.03840713948011398,20.87787504024459,8.94395870376251,0.023102087113273807,0.10719214436192082,92.28515625,rock
rock.00089.wav,-156.2683868408203,53.77641677856445,130.7677459716797,26.046119689941406,-25.246171951293945,14.536309242248535,43.49665832519531,13.5022611618042,-12.14410400390625,11.425936698913574,25.410446166992188,9.523252487182617,-7.9474592208862305,10.652188301086426,17.621599197387695,8.116185188293457,-8.632111549377441,9.667450904846191,9.57370662689209,8.065709114074707,-8.363633155822754,7.887721538543701,5.776412487030029,7.2185258865356445,-7.044429779052734,7.008147716522217,0.3434580862522125,0.2942097783088684,1610.189714452553,591.055285234858,1816.200375043276,356.3906321340168,3381.4962192216526,1223.827376453964,0.0732932075996517,0.04208430253745286,0.10521844774484634,0.03721415251493454,23.683877014490196,7.684338259320692,0.051483158033248724,0.18764987324847807,107.666015625,rock
rock.00090.wav,-89.05668640136719,46.84466552734375,86.21659851074219,27.133779525756836,-24.4185848236084,16.25890350341797,47.11008071899414,15.204834938049316,-33.64547348022461,12.513154029846191,29.479248046875,8.040682792663574,-19.750383377075195,9.266342163085938,21.647640228271484,9.542780876159668,-16.7561092376709,9.021857261657715,6.549621105194092,10.090550422668457,-13.397908210754395,9.375657081604004,7.489511013031006,11.7418212890625,-12.868062973022461,10.553086280822754,0.2557002902030945,0.301044225692749,2495.6204189789773,523.2267306371576,2249.6305200765196,194.4216689591225,5212.826812082769,728.5909195672217,0.1206425055630805,0.042100724366107546,0.1546425074338913,0.03855481743812561,22.335223507194204,9.399768121887087,0.04005773743246882,0.14218478079378372,123.046875,rock
rock.00091.wav,-74.30169677734375,28.89702796936035,100.11320495605469,21.095991134643555,-47.37080764770508,17.1422176361084,49.623390197753906,10.84292221069336,-18.414453506469727,8.234683990478516,24.62058448791504,6.937575340270996,-15.91473388671875,7.950526714324951,23.901294708251953,6.512892723083496,-22.833791732788086,5.779326915740967,23.33636474609375,7.132914066314697,-16.94891929626465,5.886804103851318,14.9324312210083,5.596834182739258,-11.504433631896973,5.395338535308838,0.44358375668525696,0.2639991044998169,2474.554693163817,508.2418073056499,2123.3128660945194,288.39496773634517,4754.654582587558,1079.8228647769392,0.15018352118808048,0.04258267610020258,0.10825303196907043,0.012780052609741688,22.44302934975202,9.617846838394854,-0.0027958710975594207,0.13061338559452898,143.5546875,rock
rock.00092.wav,-70.11753845214844,23.816043853759766,94.18165588378906,14.13975715637207,-50.328033447265625,9.394254684448242,46.96289825439453,7.863498210906982,-16.114255905151367,7.087222576141357,19.996185302734375,6.005496501922607,-23.95972442626953,6.163201808929443,16.34402847290039,6.054557800292969,-22.188528060913086,5.50557279586792,14.435193061828613,5.899374961853027,-20.092636108398438,5.467367649078369,12.150915145874023,5.051131725311279,-14.765588760375977,5.3029398918151855,0.41648173332214355,0.2715720236301422,2471.302263920436,329.71361649491746,2102.1973629889744,161.27167746634544,4687.154990748355,677.1534610723764,0.15094504341621517,0.031195736048494384,0.10687875002622604,0.014712857082486153,22.18903099141394,9.688786885549517,-0.001158601714338556,0.1335939679216617,129.19921875,rock
rock.00093.wav,-114.74584197998047,31.637720108032227,119.2917251586914,21.874595642089844,-50.72455978393555,14.743199348449707,42.63133239746094,11.629134178161621,-6.70927095413208,9.623847007751465,19.71417808532715,9.256258964538574,-16.88706398010254,7.645003318786621,19.3933048248291,6.765279293060303,-17.41594696044922,7.161659240722656,17.31191635131836,8.159167289733887,-10.866726875305176,6.570181369781494,6.668211936950684,5.945023536682129,-15.753815650939941,6.682187080383301,0.3435116410255432,0.2861194610595703,1939.9141779559488,398.50168174122945,1881.6834034743356,301.9097525499299,3749.093996408185,926.3299790012494,0.09836637420181889,0.026133221737026716,0.10574260354042053,0.021932372823357582,23.072438288047152,8.352131056283273,-0.09142872396852475,0.16851182910032064,103.359375,rock
rock.00094.wav,-90.21276092529297,24.792007446289062,80.05299377441406,11.6285982131958,-46.36942672729492,14.677347183227539,56.04584884643555,7.0476250648498535,-8.101378440856934,5.993619441986084,27.485429763793945,5.216996192932129,-17.328845977783203,5.598575115203857,22.97190284729004,4.726604461669922,-17.603975296020508,6.765874862670898,18.401447296142578,6.055239200592041,-17.448110580444336,6.170612812042236,7.6514458656311035,6.019163131713867,-19.30083656311035,5.222257614135742,0.38914114236831665,0.27094852924346924,2629.304423185467,306.18865932339173,2210.6104193984875,193.05439938157352,5086.752574436436,679.0979704752874,0.14670470624516255,0.03192306094204864,0.10193109512329102,0.019278235733509064,23.213802669839737,9.337301441464836,-0.07977874449123679,0.1447021407120465,112.34714673913044,rock
rock.00095.wav,-153.61648559570312,50.40913772583008,109.89451599121094,21.3107967376709,-23.10659408569336,13.708888053894043,59.00746154785156,11.440837860107422,-7.5279951095581055,9.482701301574707,19.730127334594727,7.63521671295166,-16.48607635498047,9.436793327331543,18.083520889282227,6.617154598236084,-22.215625762939453,8.807546615600586,15.403846740722656,7.812190532684326,-12.378472328186035,6.532578468322754,12.349250793457031,6.596619606018066,-12.316457748413086,7.00848388671875,0.35199177265167236,0.28371238708496094,2008.5370455020434,531.172751307588,2106.3492062217856,297.6892029187822,4254.124275892512,1105.8177725423172,0.08926665598393962,0.03610640992682045,0.07944141328334808,0.01859879493713379,22.980343359419198,8.361013323447038,0.02182402340645877,0.2081060365771541,103.359375,rock
rock.00096.wav,-142.4420623779297,57.3049201965332,116.23844146728516,18.534526824951172,-32.1903190612793,13.77396011352539,49.11460876464844,8.165843963623047,-8.395415306091309,9.009658813476562,22.87228775024414,6.666197776794434,-18.311134338378906,7.999754428863525,20.106487274169922,6.6314568519592285,-22.106910705566406,6.0675859451293945,10.79675579071045,7.289149284362793,-13.00155258178711,6.606899261474609,14.067452430725098,6.161779880523682,-16.397626876831055,5.901365280151367,0.39876094460487366,0.274070680141449,2006.0092476458424,425.9542240665256,2068.224878733708,286.2183806329181,4147.166589317676,1020.7378911473027,0.0976588954866486,0.029462377052617658,0.07642539590597153,0.024282127618789673,22.669136638677493,8.580773012288304,-0.0009690823219618481,0.21006626050721755,117.45383522727273,rock
rock.00097.wav,-125.06510925292969,40.96150588989258,115.20330810546875,21.799253463745117,-48.00468063354492,17.031206130981445,52.843101501464844,10.640032768249512,-13.491937637329102,8.781065940856934,21.76540756225586,8.983522415161133,-12.42856216430664,7.7468485832214355,20.139963150024414,6.447846412658691,-18.370885848999023,6.680020809173584,10.11968994140625,9.05074405670166,-16.055442810058594,6.575268268585205,10.486740112304688,6.55241584777832,-17.959636688232422,6.654918670654297,0.43190938234329224,0.27430260181427,2077.166787874547,481.3659289106179,1926.8958101296082,273.2683731153465,4030.750626602409,896.8604640240508,0.12182428224167957,0.04120224485352374,0.08158259093761444,0.01796233467757702,22.317139018679548,8.413627311027724,0.029439106209254443,0.15233549836840757,129.19921875,rock
rock.00098.wav,-224.9940185546875,103.79005432128906,123.66968536376953,22.213045120239258,-9.775933265686035,24.567750930786133,56.6057243347168,13.780771255493164,10.427106857299805,12.503182411193848,20.634145736694336,14.530518531799316,-10.257256507873535,10.345751762390137,15.5733060836792,10.160542488098145,-8.251973152160645,8.342934608459473,12.805177688598633,9.626791954040527,-9.00444507598877,7.9969482421875,7.690067768096924,8.687231063842773,-10.085665702819824,7.5310187339782715,0.3624277710914612,0.3025013208389282,1398.5815744518925,490.50176986007506,1817.813570023843,330.2717881088495,3014.6734373488293,1154.5015356198594,0.04873137577399381,0.028427600986249267,0.0838344469666481,0.03473297506570816,22.493426265946475,7.431975362131581,0.07337795502753476,0.15312841520576248,73.828125,rock
rock.00099.wav,-235.21820068359375,87.86119842529297,123.89323425292969,28.272966384887695,-22.541746139526367,22.786399841308594,52.92485427856445,15.069692611694336,-1.4473309516906738,13.509757041931152,24.66827392578125,11.24040412902832,-7.072872638702393,10.884007453918457,14.884822845458984,9.67607307434082,-12.778573989868164,8.907960891723633,16.70909881591797,8.72559928894043,-2.9464380741119385,8.898980140686035,10.071948051452637,6.74578857421875,-15.021038055419922,6.5612921714782715,0.35816487669944763,0.292926549911499,1609.3699366383669,649.9446029181671,1796.9237162030495,346.8476935597052,3246.3053700355554,1324.495994843472,0.07628978811919504,0.0466082884383466,0.05444213002920151,0.018348561599850655,24.272012317270942,7.048331414741544,0.05026069605624781,0.24275611196999217,123.046875,rock
